id,user_id,emotion,confidence,timestamp
3507,user24,sad,0.74,2025-09-12 00:00:17
3407,user28,sad,0.72,2025-09-12 00:00:29
3093,user10,surprised,0.81,2025-09-12 00:00:37
3406,user32,sad,0.73,2025-09-12 00:01:13
3331,user29,surprised,0.93,2025-09-12 00:02:58
4848,user21,surprised,0.82,2025-09-12 00:03:46
3611,user45,angry,0.88,2025-09-12 00:03:57
3416,user10,sad,0.78,2025-09-12 00:03:59
4953,user32,surprised,0.91,2025-09-12 00:04:18
4506,user8,sad,0.84,2025-09-12 00:04:28
4854,user17,happy,0.9,2025-09-12 00:06:56
3412,user27,surprised,0.91,2025-09-12 00:07:35
3339,user13,angry,0.81,2025-09-12 00:09:21
4622,user32,surprised,0.85,2025-09-12 00:09:55
4447,user25,fear,0.68,2025-09-12 00:10:13
3417,user47,angry,0.88,2025-09-12 00:11:02
3661,user7,sad,0.78,2025-09-12 00:13:26
4299,user16,fear,0.63,2025-09-12 00:14:52
3794,user3,sad,0.86,2025-09-12 00:15:40
3052,user7,sad,0.84,2025-09-12 00:16:08
3562,user39,surprised,0.9,2025-09-12 00:16:55
4049,user11,sad,0.73,2025-09-12 00:17:45
3335,user17,surprised,0.9,2025-09-12 00:18:01
4706,user25,happy,0.95,2025-09-12 00:18:16
4530,user31,sad,0.8,2025-09-12 00:20:37
3151,user42,sad,0.76,2025-09-12 00:21:26
4582,user14,happy,0.87,2025-09-12 00:21:37
3332,user12,sad,0.72,2025-09-12 00:22:24
4955,user48,happy,0.94,2025-09-12 00:23:13
4978,user49,sad,0.75,2025-09-12 00:23:26
3119,user3,sad,0.81,2025-09-12 00:24:36
4971,user11,angry,0.79,2025-09-12 00:25:14
4355,user18,sad,0.84,2025-09-12 00:26:06
3731,user22,angry,0.88,2025-09-12 00:26:08
3096,user39,surprised,0.9,2025-09-12 00:26:37
4139,user5,surprised,0.85,2025-09-12 00:27:39
4912,user17,happy,0.95,2025-09-12 00:28:05
4661,user4,sad,0.82,2025-09-12 00:29:46
4552,user3,happy,0.85,2025-09-12 00:30:05
4802,user44,happy,0.97,2025-09-12 00:30:06
3051,user19,angry,0.82,2025-09-12 00:30:26
4545,user20,happy,0.91,2025-09-12 00:30:59
5125,user14,angry,0.76,2025-09-12 00:31:35
4894,user3,surprised,0.87,2025-09-12 00:32:04
4822,user31,happy,0.97,2025-09-12 00:32:14
4691,user40,sad,0.77,2025-09-12 00:34:34
3060,user46,sad,0.77,2025-09-12 00:34:57
4560,user41,sad,0.72,2025-09-12 00:36:56
3113,user29,sad,0.76,2025-09-12 00:37:27
4688,user11,surprised,0.91,2025-09-12 00:37:34
3325,user21,sad,0.86,2025-09-12 00:37:48
3774,user16,sad,0.83,2025-09-12 00:37:52
3654,user4,sad,0.88,2025-09-12 00:37:59
3212,user12,happy,0.89,2025-09-12 00:38:25
4384,user8,sad,0.74,2025-09-12 00:38:38
4625,user2,sad,0.7,2025-09-12 00:38:41
3069,user26,sad,0.88,2025-09-12 00:39:08
4921,user31,sad,0.74,2025-09-12 00:39:42
4762,user5,surprised,0.85,2025-09-12 00:39:59
4765,user38,fear,0.75,2025-09-12 00:41:25
3204,user22,sad,0.81,2025-09-12 00:41:54
4807,user22,sad,0.81,2025-09-12 00:42:19
4629,user20,happy,0.97,2025-09-12 00:43:45
4490,user24,happy,0.96,2025-09-12 00:43:54
3704,user14,angry,0.8,2025-09-12 00:44:38
3472,user8,angry,0.8,2025-09-12 00:46:24
3554,user8,sad,0.74,2025-09-12 00:46:50
3208,user14,fear,0.78,2025-09-12 00:47:24
3551,user41,sad,0.82,2025-09-12 00:51:36
4360,user39,surprised,0.93,2025-09-12 00:52:45
3584,user13,happy,0.87,2025-09-12 00:52:54
3026,user17,sad,0.73,2025-09-12 00:53:25
4870,user43,surprised,0.94,2025-09-12 00:53:51
4890,user13,sad,0.71,2025-09-12 00:54:20
5104,user23,fear,0.69,2025-09-12 00:54:25
4483,user21,sad,0.85,2025-09-12 00:54:39
4734,user7,happy,0.92,2025-09-12 00:54:40
4620,user9,surprised,0.85,2025-09-12 00:55:30
3724,user32,sad,0.87,2025-09-12 00:56:10
4005,user34,sad,0.85,2025-09-12 00:58:06
3847,user38,sad,0.85,2025-09-12 00:58:09
3531,user8,surprised,0.82,2025-09-12 00:58:22
5099,user47,fear,0.77,2025-09-12 00:58:37
3206,user29,fear,0.73,2025-09-12 00:59:48
3933,user25,sad,0.86,2025-09-12 00:59:51
3787,user6,sad,0.77,2025-09-12 01:00:14
4419,user14,happy,0.85,2025-09-12 01:00:18
3698,user20,fear,0.76,2025-09-12 01:00:30
3791,user44,happy,0.94,2025-09-12 01:00:47
3104,user40,surprised,0.88,2025-09-12 01:01:28
3583,user4,sad,0.79,2025-09-12 01:02:08
4441,user41,sad,0.87,2025-09-12 01:02:27
4061,user13,sad,0.79,2025-09-12 01:05:27
3118,user30,sad,0.73,2025-09-12 01:05:44
4078,user30,surprised,0.81,2025-09-12 01:07:45
4052,user39,surprised,0.9,2025-09-12 01:08:00
3960,user50,sad,0.75,2025-09-12 01:08:01
4666,user26,angry,0.84,2025-09-12 01:08:37
5028,user32,angry,0.82,2025-09-12 01:09:30
4271,user41,surprised,0.88,2025-09-12 01:09:54
4253,user25,sad,0.87,2025-09-12 01:11:33
4055,user23,sad,0.84,2025-09-12 01:12:24
4914,user25,surprised,0.92,2025-09-12 01:13:50
4737,user23,surprised,0.82,2025-09-12 01:14:08
3121,user19,surprised,0.81,2025-09-12 01:14:55
3598,user40,happy,0.92,2025-09-12 01:15:34
3369,user32,happy,0.87,2025-09-12 01:15:35
4753,user2,fear,0.66,2025-09-12 01:15:43
4840,user41,happy,0.95,2025-09-12 01:17:25
3322,user23,surprised,0.85,2025-09-12 01:18:30
3236,user48,sad,0.8,2025-09-12 01:20:37
3987,user2,happy,0.94,2025-09-12 01:20:42
3603,user5,surprised,0.93,2025-09-12 01:21:15
3031,user7,sad,0.73,2025-09-12 01:21:35
3375,user4,happy,0.95,2025-09-12 01:21:43
3073,user44,sad,0.84,2025-09-12 01:22:47
4461,user26,fear,0.69,2025-09-12 01:23:50
4486,user21,happy,0.9,2025-09-12 01:24:34
3134,user37,happy,0.88,2025-09-12 01:25:54
4708,user6,sad,0.83,2025-09-12 01:27:50
3486,user29,surprised,0.83,2025-09-12 01:27:53
3974,user13,sad,0.71,2025-09-12 01:29:22
3062,user49,sad,0.79,2025-09-12 01:29:32
3997,user43,sad,0.74,2025-09-12 01:30:03
4581,user44,sad,0.8,2025-09-12 01:31:44
3694,user21,sad,0.85,2025-09-12 01:33:47
5092,user18,angry,0.85,2025-09-12 01:34:21
3864,user5,angry,0.83,2025-09-12 01:34:59
5132,user3,sad,0.8,2025-09-12 01:35:52
3101,user30,fear,0.75,2025-09-12 01:36:06
3272,user3,surprised,0.82,2025-09-12 01:36:26
4547,user17,sad,0.79,2025-09-12 01:37:01
4318,user22,surprised,0.91,2025-09-12 01:37:39
3266,user16,surprised,0.82,2025-09-12 01:37:40
4434,user35,angry,0.78,2025-09-12 01:37:52
5061,user32,happy,0.94,2025-09-12 01:37:56
4341,user13,sad,0.74,2025-09-12 01:38:00
3878,user15,angry,0.76,2025-09-12 01:39:53
3633,user19,happy,0.86,2025-09-12 01:40:03
4596,user33,fear,0.79,2025-09-12 01:40:29
3874,user38,angry,0.79,2025-09-12 01:41:15
4387,user32,surprised,0.89,2025-09-12 01:41:19
3977,user12,surprised,0.84,2025-09-12 01:41:27
4730,user31,fear,0.74,2025-09-12 01:41:39
5009,user48,sad,0.82,2025-09-12 01:41:39
3300,user9,surprised,0.92,2025-09-12 01:43:30
4116,user12,fear,0.67,2025-09-12 01:43:56
3392,user11,fear,0.67,2025-09-12 01:44:08
3867,user34,surprised,0.92,2025-09-12 01:44:41
5121,user26,sad,0.75,2025-09-12 01:44:48
4938,user49,sad,0.87,2025-09-12 01:45:20
3550,user45,surprised,0.9,2025-09-12 01:46:14
3640,user19,surprised,0.91,2025-09-12 01:46:38
4972,user18,angry,0.83,2025-09-12 01:46:46
4658,user46,happy,0.87,2025-09-12 01:47:17
4305,user8,surprised,0.86,2025-09-12 01:47:35
4227,user31,sad,0.85,2025-09-12 01:47:55
3125,user39,sad,0.88,2025-09-12 01:48:43
4785,user44,surprised,0.93,2025-09-12 01:48:55
4161,user8,surprised,0.82,2025-09-12 01:50:09
3254,user34,sad,0.81,2025-09-12 01:50:14
4270,user32,surprised,0.91,2025-09-12 01:50:19
3667,user12,surprised,0.93,2025-09-12 01:50:43
3454,user19,sad,0.86,2025-09-12 01:51:15
3718,user11,angry,0.89,2025-09-12 01:52:18
5027,user23,happy,0.97,2025-09-12 01:52:19
3985,user50,surprised,0.93,2025-09-12 01:52:47
3604,user27,sad,0.84,2025-09-12 01:52:52
3995,user15,sad,0.71,2025-09-12 01:52:58
3994,user18,sad,0.77,2025-09-12 01:54:09
3480,user47,happy,0.97,2025-09-12 01:54:11
3397,user8,surprised,0.93,2025-09-12 01:54:41
4565,user47,angry,0.89,2025-09-12 01:54:43
5049,user19,sad,0.73,2025-09-12 01:55:21
4042,user4,angry,0.87,2025-09-12 01:56:36
3220,user4,happy,0.93,2025-09-12 01:57:32
5077,user32,surprised,0.85,2025-09-12 01:58:19
4511,user22,surprised,0.9,2025-09-12 01:58:37
4037,user14,angry,0.85,2025-09-12 01:59:06
3597,user22,angry,0.78,2025-09-12 01:59:22
5020,user44,fear,0.64,2025-09-12 01:59:44
5040,user36,angry,0.82,2025-09-12 01:59:51
5106,user47,surprised,0.87,2025-09-12 02:00:21
3229,user9,angry,0.81,2025-09-12 02:00:49
5081,user14,happy,0.95,2025-09-12 02:01:07
3263,user39,sad,0.85,2025-09-12 02:02:14
4081,user3,sad,0.85,2025-09-12 02:03:46
4956,user23,sad,0.74,2025-09-12 02:04:20
3321,user38,happy,0.9,2025-09-12 02:04:33
4716,user50,sad,0.82,2025-09-12 02:04:55
5137,user28,surprised,0.92,2025-09-12 02:05:02
3310,user26,fear,0.75,2025-09-12 02:05:09
4144,user44,sad,0.76,2025-09-12 02:06:47
5048,user14,sad,0.78,2025-09-12 02:08:22
3512,user40,surprised,0.88,2025-09-12 02:10:17
3481,user49,fear,0.65,2025-09-12 02:11:31
3079,user21,sad,0.87,2025-09-12 02:11:59
4697,user10,angry,0.77,2025-09-12 02:12:48
3843,user35,surprised,0.93,2025-09-12 02:13:56
3298,user47,sad,0.79,2025-09-12 02:14:34
4650,user17,fear,0.72,2025-09-12 02:16:31
4865,user34,sad,0.79,2025-09-12 02:16:44
4701,user9,fear,0.8,2025-09-12 02:18:11
5131,user3,fear,0.72,2025-09-12 02:19:11
3018,user38,angry,0.81,2025-09-12 02:19:30
3728,user27,sad,0.87,2025-09-12 02:21:14
4833,user12,surprised,0.91,2025-09-12 02:22:29
4804,user39,surprised,0.94,2025-09-12 02:22:39
3689,user2,happy,0.9,2025-09-12 02:22:51
4806,user46,surprised,0.83,2025-09-12 02:23:00
3468,user10,fear,0.7,2025-09-12 02:23:03
4198,user30,sad,0.83,2025-09-12 02:23:06
4653,user25,fear,0.75,2025-09-12 02:23:18
3570,user14,happy,0.88,2025-09-12 02:23:22
3659,user14,surprised,0.95,2025-09-12 02:24:35
4754,user2,fear,0.73,2025-09-12 02:24:52
4436,user33,sad,0.8,2025-09-12 02:25:21
3769,user45,sad,0.74,2025-09-12 02:25:32
3544,user34,fear,0.68,2025-09-12 02:26:08
4191,user6,angry,0.88,2025-09-12 02:27:21
3492,user29,angry,0.84,2025-09-12 02:28:22
4092,user44,happy,0.87,2025-09-12 02:29:20
3474,user42,surprised,0.94,2025-09-12 02:30:53
3213,user1,angry,0.76,2025-09-12 02:32:39
3743,user2,surprised,0.83,2025-09-12 02:32:40
4134,user13,sad,0.84,2025-09-12 02:32:49
4308,user27,surprised,0.83,2025-09-12 02:32:57
3077,user12,angry,0.81,2025-09-12 02:33:18
4967,user50,sad,0.77,2025-09-12 02:33:44
4395,user19,surprised,0.91,2025-09-12 02:33:54
3820,user42,surprised,0.8,2025-09-12 02:34:13
4572,user4,surprised,0.89,2025-09-12 02:34:25
4249,user28,fear,0.67,2025-09-12 02:34:26
4142,user22,surprised,0.86,2025-09-12 02:40:13
4844,user15,surprised,0.91,2025-09-12 02:40:26
3198,user47,angry,0.77,2025-09-12 02:40:34
4024,user40,surprised,0.82,2025-09-12 02:42:09
3822,user41,angry,0.82,2025-09-12 02:44:06
3441,user6,sad,0.77,2025-09-12 02:44:56
5068,user12,sad,0.76,2025-09-12 02:47:02
4599,user27,surprised,0.95,2025-09-12 02:47:07
3781,user18,surprised,0.81,2025-09-12 02:48:31
5090,user36,sad,0.86,2025-09-12 02:48:50
3408,user4,happy,0.95,2025-09-12 02:49:48
3227,user38,happy,0.87,2025-09-12 02:50:29
4709,user7,surprised,0.84,2025-09-12 02:51:11
3327,user48,sad,0.81,2025-09-12 02:51:49
4472,user20,fear,0.62,2025-09-12 02:52:04
3422,user14,sad,0.73,2025-09-12 02:53:03
3056,user48,fear,0.65,2025-09-12 02:53:47
3365,user27,angry,0.84,2025-09-12 02:55:06
4961,user38,surprised,0.84,2025-09-12 02:55:44
3625,user8,surprised,0.91,2025-09-12 02:56:40
3200,user10,fear,0.72,2025-09-12 02:57:40
4159,user21,angry,0.82,2025-09-12 02:58:06
4503,user2,happy,0.98,2025-09-12 02:58:33
3366,user46,surprised,0.87,2025-09-12 02:58:47
3890,user5,happy,0.88,2025-09-12 03:01:06
4725,user31,fear,0.68,2025-09-12 03:01:35
4364,user19,sad,0.73,2025-09-12 03:03:11
3915,user22,sad,0.87,2025-09-12 03:03:44
3582,user20,angry,0.83,2025-09-12 03:03:57
3479,user48,sad,0.73,2025-09-12 03:04:51
3623,user42,sad,0.83,2025-09-12 03:04:57
3955,user18,sad,0.7,2025-09-12 03:07:00
3939,user38,surprised,0.83,2025-09-12 03:08:15
3927,user33,fear,0.72,2025-09-12 03:08:45
3913,user22,sad,0.78,2025-09-12 03:09:52
3735,user21,surprised,0.8,2025-09-12 03:10:45
4872,user3,sad,0.73,2025-09-12 03:10:53
3136,user49,sad,0.82,2025-09-12 03:11:08
4579,user49,sad,0.77,2025-09-12 03:11:18
3064,user34,fear,0.61,2025-09-12 03:12:02
4673,user23,sad,0.72,2025-09-12 03:12:43
4926,user18,surprised,0.85,2025-09-12 03:12:53
5149,user44,surprised,0.9,2025-09-12 03:14:01
3176,user41,sad,0.71,2025-09-12 03:14:19
4362,user5,surprised,0.83,2025-09-12 03:14:25
3116,user2,happy,0.87,2025-09-12 03:14:32
4248,user15,sad,0.85,2025-09-12 03:15:29
4296,user45,happy,0.87,2025-09-12 03:16:08
3630,user42,surprised,0.85,2025-09-12 03:17:00
4231,user12,sad,0.81,2025-09-12 03:17:31
4672,user3,surprised,0.89,2025-09-12 03:17:49
4942,user17,angry,0.9,2025-09-12 03:18:01
5069,user27,sad,0.8,2025-09-12 03:18:42
3225,user47,angry,0.81,2025-09-12 03:18:58
3368,user49,fear,0.62,2025-09-12 03:19:00
3622,user40,fear,0.78,2025-09-12 03:20:12
4994,user22,happy,0.92,2025-09-12 03:20:27
4118,user32,surprised,0.91,2025-09-12 03:20:27
4331,user6,sad,0.78,2025-09-12 03:20:59
3862,user4,fear,0.71,2025-09-12 03:21:03
4965,user33,sad,0.82,2025-09-12 03:22:12
3703,user14,surprised,0.94,2025-09-12 03:22:47
3871,user5,surprised,0.88,2025-09-12 03:22:56
3336,user33,happy,0.94,2025-09-12 03:23:05
3761,user8,sad,0.84,2025-09-12 03:23:24
4361,user40,sad,0.88,2025-09-12 03:23:30
4679,user9,angry,0.76,2025-09-12 03:23:36
5139,user32,sad,0.8,2025-09-12 03:23:39
4722,user11,sad,0.82,2025-09-12 03:24:26
3112,user26,happy,0.88,2025-09-12 03:27:36
3739,user50,sad,0.83,2025-09-12 03:27:53
3498,user13,sad,0.79,2025-09-12 03:27:53
3402,user48,sad,0.84,2025-09-12 03:28:05
3313,user15,sad,0.86,2025-09-12 03:28:47
4585,user7,sad,0.77,2025-09-12 03:29:24
4846,user1,sad,0.82,2025-09-12 03:29:39
5113,user20,sad,0.81,2025-09-12 03:29:43
4828,user27,surprised,0.86,2025-09-12 03:30:14
4230,user5,fear,0.64,2025-09-12 03:31:30
3218,user4,sad,0.88,2025-09-12 03:31:33
5036,user27,fear,0.6,2025-09-12 03:32:53
4569,user30,sad,0.79,2025-09-12 03:33:43
4090,user6,sad,0.73,2025-09-12 03:33:44
5142,user1,surprised,0.9,2025-09-12 03:34:55
4232,user5,angry,0.83,2025-09-12 03:35:05
4826,user22,angry,0.79,2025-09-12 03:35:42
4393,user43,surprised,0.88,2025-09-12 03:35:49
4861,user11,sad,0.74,2025-09-12 03:36:04
4892,user41,surprised,0.89,2025-09-12 03:36:52
5122,user28,fear,0.73,2025-09-12 03:37:08
4153,user10,surprised,0.83,2025-09-12 03:39:03
3736,user9,happy,0.96,2025-09-12 03:39:46
4780,user44,sad,0.77,2025-09-12 03:40:50
3201,user9,angry,0.76,2025-09-12 03:40:56
4538,user20,fear,0.76,2025-09-12 03:41:48
4873,user48,surprised,0.89,2025-09-12 03:41:55
4258,user20,fear,0.64,2025-09-12 03:43:50
4022,user44,sad,0.84,2025-09-12 03:44:46
3138,user26,angry,0.77,2025-09-12 03:45:03
4126,user23,happy,0.92,2025-09-12 03:45:23
3358,user4,sad,0.86,2025-09-12 03:45:42
4741,user40,surprised,0.94,2025-09-12 03:46:25
4930,user31,surprised,0.91,2025-09-12 03:46:32
4137,user44,sad,0.8,2025-09-12 03:47:04
4944,user33,surprised,0.94,2025-09-12 03:48:07
5146,user2,sad,0.81,2025-09-12 03:48:35
3588,user11,sad,0.76,2025-09-12 03:49:25
4158,user10,happy,0.96,2025-09-12 03:50:01
4366,user22,sad,0.72,2025-09-12 03:50:04
4429,user20,sad,0.85,2025-09-12 03:50:28
3942,user35,sad,0.78,2025-09-12 03:50:31
3914,user20,happy,0.9,2025-09-12 03:50:33
3705,user25,sad,0.84,2025-09-12 03:51:04
3800,user9,surprised,0.85,2025-09-12 03:51:50
4640,user20,surprised,0.95,2025-09-12 03:52:13
4157,user8,angry,0.79,2025-09-12 03:52:58
4174,user32,surprised,0.9,2025-09-12 03:53:58
4876,user13,sad,0.77,2025-09-12 03:54:25
4504,user22,angry,0.82,2025-09-12 03:54:37
3195,user44,fear,0.7,2025-09-12 03:54:39
3730,user12,sad,0.85,2025-09-12 03:54:41
3084,user19,happy,0.91,2025-09-12 03:55:04
3500,user24,sad,0.78,2025-09-12 03:55:44
3080,user26,surprised,0.88,2025-09-12 03:56:47
4969,user33,fear,0.77,2025-09-12 03:57:06
4980,user9,sad,0.83,2025-09-12 03:57:22
3252,user47,fear,0.69,2025-09-12 03:57:51
5005,user7,sad,0.83,2025-09-12 03:58:20
3829,user3,surprised,0.81,2025-09-12 03:59:12
3548,user20,happy,0.95,2025-09-12 03:59:21
3312,user21,happy,0.97,2025-09-12 03:59:26
5151,user33,surprised,0.87,2025-09-12 04:00:17
4117,user26,sad,0.81,2025-09-12 04:00:29
3289,user2,sad,0.86,2025-09-12 04:00:34
3302,user32,sad,0.71,2025-09-12 04:02:33
3542,user46,sad,0.81,2025-09-12 04:02:39
4544,user8,sad,0.7,2025-09-12 04:02:40
4611,user9,fear,0.66,2025-09-12 04:03:52
3692,user48,surprised,0.84,2025-09-12 04:05:22
4397,user33,surprised,0.93,2025-09-12 04:05:58
3042,user25,sad,0.82,2025-09-12 04:07:00
4443,user14,fear,0.74,2025-09-12 04:07:56
4368,user31,angry,0.76,2025-09-12 04:09:23
3186,user29,happy,0.95,2025-09-12 04:09:24
3688,user24,surprised,0.81,2025-09-12 04:09:27
4985,user45,sad,0.84,2025-09-12 04:10:06
3146,user10,angry,0.88,2025-09-12 04:10:40
4128,user3,sad,0.84,2025-09-12 04:10:57
3382,user37,sad,0.8,2025-09-12 04:11:59
4726,user19,sad,0.73,2025-09-12 04:12:33
4084,user49,sad,0.76,2025-09-12 04:13:18
5153,user23,fear,0.68,2025-09-12 04:15:32
3158,user24,surprised,0.89,2025-09-12 04:16:03
4727,user33,sad,0.72,2025-09-12 04:16:12
3360,user3,happy,0.95,2025-09-12 04:16:57
3499,user11,sad,0.85,2025-09-12 04:17:07
4981,user25,fear,0.64,2025-09-12 04:17:55
4034,user37,surprised,0.9,2025-09-12 04:18:32
3776,user24,happy,0.96,2025-09-12 04:19:03
4559,user30,angry,0.83,2025-09-12 04:20:12
5110,user39,sad,0.76,2025-09-12 04:20:14
4602,user14,angry,0.84,2025-09-12 04:20:40
5134,user40,happy,0.88,2025-09-12 04:20:44
4800,user35,surprised,0.85,2025-09-12 04:20:59
3005,user9,sad,0.72,2025-09-12 04:21:16
3371,user32,happy,0.98,2025-09-12 04:21:25
5094,user6,sad,0.87,2025-09-12 04:21:31
4349,user21,surprised,0.95,2025-09-12 04:22:23
4300,user27,sad,0.78,2025-09-12 04:22:50
4352,user22,fear,0.72,2025-09-12 04:24:56
3744,user28,angry,0.84,2025-09-12 04:25:21
4348,user20,angry,0.77,2025-09-12 04:25:26
4391,user36,surprised,0.95,2025-09-12 04:26:26
3319,user14,sad,0.76,2025-09-12 04:28:20
5062,user43,happy,0.95,2025-09-12 04:28:57
3234,user38,sad,0.74,2025-09-12 04:29:20
3887,user31,happy,0.9,2025-09-12 04:29:34
5004,user32,sad,0.8,2025-09-12 04:29:42
3884,user3,surprised,0.9,2025-09-12 04:29:47
3463,user50,fear,0.74,2025-09-12 04:30:10
3388,user38,surprised,0.86,2025-09-12 04:31:17
4171,user48,sad,0.8,2025-09-12 04:31:29
4215,user21,fear,0.76,2025-09-12 04:31:48
4604,user32,sad,0.73,2025-09-12 04:32:18
3503,user19,fear,0.65,2025-09-12 04:34:28
5011,user19,happy,0.94,2025-09-12 04:34:55
4425,user24,angry,0.78,2025-09-12 04:35:00
4922,user33,angry,0.76,2025-09-12 04:35:54
4853,user26,sad,0.84,2025-09-12 04:37:08
4141,user12,surprised,0.89,2025-09-12 04:37:28
3091,user36,sad,0.88,2025-09-12 04:37:54
4775,user14,surprised,0.94,2025-09-12 04:38:05
3680,user27,sad,0.71,2025-09-12 04:39:21
3533,user48,sad,0.81,2025-09-12 04:39:31
4790,user46,surprised,0.94,2025-09-12 04:39:48
3967,user30,sad,0.74,2025-09-12 04:40:20
5037,user49,surprised,0.84,2025-09-12 04:40:48
4641,user35,sad,0.71,2025-09-12 04:40:51
3830,user17,sad,0.73,2025-09-12 04:42:11
3214,user34,sad,0.77,2025-09-12 04:42:11
3907,user4,sad,0.72,2025-09-12 04:42:38
3423,user7,angry,0.83,2025-09-12 04:42:45
4693,user32,happy,0.96,2025-09-12 04:43:21
5002,user30,surprised,0.81,2025-09-12 04:43:51
4958,user9,surprised,0.87,2025-09-12 04:44:37
3173,user12,sad,0.83,2025-09-12 04:46:45
4534,user47,surprised,0.88,2025-09-12 04:47:08
4895,user38,angry,0.84,2025-09-12 04:47:44
4424,user17,surprised,0.91,2025-09-12 04:49:09
3812,user12,happy,0.9,2025-09-12 04:49:28
5065,user30,surprised,0.82,2025-09-12 04:50:19
3756,user44,angry,0.89,2025-09-12 04:50:33
3188,user42,fear,0.61,2025-09-12 04:50:36
3343,user42,surprised,0.94,2025-09-12 04:50:52
4485,user21,sad,0.73,2025-09-12 04:53:14
4380,user32,fear,0.75,2025-09-12 04:53:32
4210,user15,surprised,0.91,2025-09-12 04:53:44
3586,user29,surprised,0.84,2025-09-12 04:53:53
3981,user37,angry,0.85,2025-09-12 04:54:26
4699,user17,sad,0.84,2025-09-12 04:55:10
3685,user4,fear,0.63,2025-09-12 04:55:52
5124,user37,angry,0.76,2025-09-12 04:56:04
4738,user36,angry,0.89,2025-09-12 04:56:11
4068,user26,surprised,0.85,2025-09-12 04:56:18
3527,user17,sad,0.83,2025-09-12 04:56:23
4715,user9,surprised,0.95,2025-09-12 04:56:25
4405,user49,sad,0.87,2025-09-12 04:56:45
4298,user6,surprised,0.84,2025-09-12 04:57:18
4883,user22,fear,0.67,2025-09-12 04:57:51
3650,user11,sad,0.79,2025-09-12 04:58:27
5138,user21,sad,0.79,2025-09-12 04:58:34
3529,user21,surprised,0.93,2025-09-12 04:59:16
3855,user13,surprised,0.91,2025-09-12 05:00:13
4801,user31,angry,0.77,2025-09-12 05:00:39
4294,user48,happy,0.9,2025-09-12 05:01:58
4829,user4,sad,0.72,2025-09-12 05:02:15
4524,user16,fear,0.62,2025-09-12 05:02:20
3067,user22,sad,0.83,2025-09-12 05:02:55
3966,user33,sad,0.79,2025-09-12 05:03:58
3816,user4,surprised,0.93,2025-09-12 05:04:11
4418,user32,sad,0.75,2025-09-12 05:04:12
3663,user27,angry,0.77,2025-09-12 05:04:21
3434,user17,surprised,0.84,2025-09-12 05:04:53
3231,user6,angry,0.85,2025-09-12 05:05:10
4030,user47,surprised,0.83,2025-09-12 05:06:45
4928,user14,fear,0.64,2025-09-12 05:07:51
5127,user34,surprised,0.92,2025-09-12 05:08:48
4498,user44,surprised,0.91,2025-09-12 05:10:16
3351,user41,sad,0.75,2025-09-12 05:10:16
3385,user10,happy,0.94,2025-09-12 05:10:41
3211,user22,happy,0.98,2025-09-12 05:12:06
5003,user16,surprised,0.84,2025-09-12 05:13:33
4515,user15,surprised,0.88,2025-09-12 05:14:06
3899,user16,surprised,0.86,2025-09-12 05:14:17
3746,user4,surprised,0.94,2025-09-12 05:14:32
4674,user39,sad,0.85,2025-09-12 05:14:40
5114,user3,happy,0.92,2025-09-12 05:15:09
3424,user27,sad,0.84,2025-09-12 05:15:42
3537,user28,happy,0.86,2025-09-12 05:16:08
3459,user45,angry,0.87,2025-09-12 05:16:13
3600,user3,happy,0.94,2025-09-12 05:17:14
3916,user22,sad,0.86,2025-09-12 05:17:14
4808,user17,sad,0.82,2025-09-12 05:17:40
3110,user29,angry,0.86,2025-09-12 05:18:26
4457,user38,fear,0.72,2025-09-12 05:18:33
4519,user47,surprised,0.9,2025-09-12 05:19:14
3727,user28,surprised,0.9,2025-09-12 05:19:32
4732,user28,sad,0.88,2025-09-12 05:20:07
3147,user49,sad,0.75,2025-09-12 05:20:13
3299,user45,surprised,0.91,2025-09-12 05:20:14
3811,user9,sad,0.79,2025-09-12 05:20:14
3860,user18,sad,0.85,2025-09-12 05:21:27
4260,user13,sad,0.79,2025-09-12 05:21:45
4707,user35,surprised,0.8,2025-09-12 05:21:57
4346,user36,sad,0.72,2025-09-12 05:25:14
4056,user14,angry,0.89,2025-09-12 05:25:23
3651,user23,sad,0.71,2025-09-12 05:25:43
3552,user47,sad,0.78,2025-09-12 05:26:41
3224,user23,sad,0.86,2025-09-12 05:28:30
4454,user33,happy,0.87,2025-09-12 05:31:15
3815,user21,surprised,0.89,2025-09-12 05:32:56
3775,user23,fear,0.76,2025-09-12 05:34:18
4018,user15,sad,0.74,2025-09-12 05:34:18
3016,user25,happy,0.94,2025-09-12 05:34:45
3772,user36,sad,0.81,2025-09-12 05:35:19
3646,user23,sad,0.79,2025-09-12 05:35:38
3805,user30,fear,0.78,2025-09-12 05:37:27
4740,user39,sad,0.87,2025-09-12 05:39:45
4347,user7,angry,0.86,2025-09-12 05:39:54
3587,user42,sad,0.75,2025-09-12 05:41:24
4072,user2,sad,0.78,2025-09-12 05:41:50
3415,user3,angry,0.89,2025-09-12 05:42:59
4336,user39,surprised,0.91,2025-09-12 05:43:19
3872,user41,surprised,0.83,2025-09-12 05:43:28
3861,user16,surprised,0.95,2025-09-12 05:44:10
4513,user38,sad,0.83,2025-09-12 05:44:10
4570,user23,surprised,0.88,2025-09-12 05:44:22
4445,user39,sad,0.78,2025-09-12 05:44:44
4452,user12,sad,0.71,2025-09-12 05:45:17
3345,user19,angry,0.8,2025-09-12 05:46:13
4851,user2,angry,0.8,2025-09-12 05:46:29
3591,user31,surprised,0.9,2025-09-12 05:48:14
3555,user26,fear,0.75,2025-09-12 05:48:17
3348,user40,happy,0.93,2025-09-12 05:49:02
3248,user23,sad,0.83,2025-09-12 05:49:21
4427,user22,angry,0.89,2025-09-12 05:49:39
3483,user8,angry,0.82,2025-09-12 05:50:12
3330,user32,surprised,0.88,2025-09-12 05:50:25
4038,user5,angry,0.83,2025-09-12 05:50:27
4459,user23,happy,0.93,2025-09-12 05:50:32
4112,user41,surprised,0.95,2025-09-12 05:51:20
4819,user17,sad,0.88,2025-09-12 05:52:42
3765,user35,sad,0.84,2025-09-12 05:53:08
4717,user27,sad,0.75,2025-09-12 05:53:36
4908,user47,sad,0.79,2025-09-12 05:54:10
4288,user18,sad,0.77,2025-09-12 05:54:33
3174,user14,surprised,0.81,2025-09-12 05:55:20
5135,user21,angry,0.82,2025-09-12 05:55:29
3283,user44,surprised,0.88,2025-09-12 05:55:35
3553,user5,angry,0.8,2025-09-12 05:56:11
3538,user50,surprised,0.86,2025-09-12 05:56:12
4885,user22,happy,0.96,2025-09-12 05:58:33
4464,user6,sad,0.87,2025-09-12 05:58:46
5055,user33,surprised,0.95,2025-09-12 05:58:49
4689,user17,fear,0.78,2025-09-12 05:59:05
4588,user25,fear,0.65,2025-09-12 05:59:44
4109,user34,angry,0.77,2025-09-12 05:59:49
4903,user4,happy,0.98,2025-09-12 06:00:29
4426,user41,sad,0.78,2025-09-12 06:00:44
4703,user19,fear,0.7,2025-09-12 06:02:42
3209,user37,angry,0.83,2025-09-12 06:03:04
3156,user22,sad,0.77,2025-09-12 06:03:15
4484,user21,sad,0.85,2025-09-12 06:04:09
4947,user31,sad,0.74,2025-09-12 06:05:00
4307,user49,surprised,0.81,2025-09-12 06:05:53
4474,user19,happy,0.87,2025-09-12 06:06:47
4009,user12,fear,0.64,2025-09-12 06:06:53
3760,user44,surprised,0.91,2025-09-12 06:07:14
3613,user39,sad,0.79,2025-09-12 06:07:30
3467,user29,sad,0.8,2025-09-12 06:07:45
3109,user15,sad,0.72,2025-09-12 06:08:09
4613,user15,fear,0.7,2025-09-12 06:10:00
3568,user36,sad,0.79,2025-09-12 06:10:02
4379,user43,sad,0.85,2025-09-12 06:10:23
3725,user39,sad,0.79,2025-09-12 06:10:26
4206,user34,fear,0.75,2025-09-12 06:10:48
3168,user48,surprised,0.87,2025-09-12 06:11:51
4540,user5,fear,0.62,2025-09-12 06:13:06
4255,user35,sad,0.79,2025-09-12 06:13:21
3742,user46,surprised,0.9,2025-09-12 06:13:41
3442,user28,surprised,0.9,2025-09-12 06:14:01
3868,user22,fear,0.66,2025-09-12 06:14:26
4627,user9,sad,0.82,2025-09-12 06:16:28
4512,user10,surprised,0.86,2025-09-12 06:17:06
4857,user31,fear,0.62,2025-09-12 06:17:57
3758,user46,sad,0.8,2025-09-12 06:19:31
3687,user7,fear,0.79,2025-09-12 06:20:08
3648,user8,angry,0.76,2025-09-12 06:21:01
3169,user41,happy,0.94,2025-09-12 06:21:58
3159,user27,angry,0.89,2025-09-12 06:22:40
3859,user36,sad,0.77,2025-09-12 06:22:56
3649,user29,sad,0.82,2025-09-12 06:23:29
4229,user9,angry,0.8,2025-09-12 06:25:03
3216,user50,surprised,0.82,2025-09-12 06:25:12
3223,user29,surprised,0.93,2025-09-12 06:25:15
3097,user8,surprised,0.82,2025-09-12 06:25:45
3745,user29,happy,0.93,2025-09-12 06:26:31
4977,user12,fear,0.76,2025-09-12 06:27:36
3710,user50,surprised,0.82,2025-09-12 06:28:08
4954,user47,sad,0.8,2025-09-12 06:28:38
4648,user40,sad,0.74,2025-09-12 06:30:28
3106,user31,surprised,0.89,2025-09-12 06:30:53
4373,user46,sad,0.85,2025-09-12 06:31:28
4949,user37,sad,0.72,2025-09-12 06:33:35
3210,user8,sad,0.8,2025-09-12 06:35:07
4860,user39,sad,0.77,2025-09-12 06:37:51
3447,user31,fear,0.8,2025-09-12 06:37:58
4778,user44,angry,0.88,2025-09-12 06:38:10
3497,user25,surprised,0.83,2025-09-12 06:40:16
3959,user34,surprised,0.85,2025-09-12 06:41:22
3187,user50,surprised,0.82,2025-09-12 06:43:05
4608,user20,fear,0.73,2025-09-12 06:43:26
4911,user9,sad,0.81,2025-09-12 06:43:36
4502,user39,angry,0.81,2025-09-12 06:44:12
4213,user5,sad,0.71,2025-09-12 06:44:18
4087,user22,surprised,0.93,2025-09-12 06:44:23
3643,user3,surprised,0.81,2025-09-12 06:45:06
3719,user36,sad,0.83,2025-09-12 06:45:53
4374,user46,sad,0.8,2025-09-12 06:46:18
5018,user19,fear,0.67,2025-09-12 06:47:01
4925,user13,sad,0.85,2025-09-12 06:47:22
4747,user36,fear,0.62,2025-09-12 06:48:01
4094,user48,sad,0.74,2025-09-12 06:48:13
4178,user41,surprised,0.9,2025-09-12 06:48:29
5001,user30,fear,0.65,2025-09-12 06:48:59
4332,user14,sad,0.72,2025-09-12 06:49:12
3054,user46,sad,0.72,2025-09-12 06:51:09
4335,user8,sad,0.77,2025-09-12 06:51:30
3356,user22,sad,0.84,2025-09-12 06:51:59
4023,user43,surprised,0.94,2025-09-12 06:52:02
4528,user18,surprised,0.87,2025-09-12 06:52:49
4918,user37,surprised,0.81,2025-09-12 06:53:33
4998,user42,fear,0.64,2025-09-12 06:53:43
4250,user43,sad,0.8,2025-09-12 06:55:04
4813,user43,sad,0.71,2025-09-12 06:55:37
3702,user20,surprised,0.82,2025-09-12 06:55:58
4036,user33,angry,0.76,2025-09-12 06:56:00
4875,user7,sad,0.82,2025-09-12 06:56:38
3726,user2,angry,0.78,2025-09-12 06:56:44
3432,user22,angry,0.89,2025-09-12 06:56:49
5117,user39,surprised,0.94,2025-09-12 06:57:04
4035,user6,sad,0.82,2025-09-12 06:57:32
3496,user33,surprised,0.82,2025-09-12 06:57:46
3968,user48,happy,0.91,2025-09-12 06:58:12
4687,user11,sad,0.71,2025-09-12 07:00:20
4654,user44,sad,0.81,2025-09-12 07:01:40
4553,user8,surprised,0.87,2025-09-12 07:04:03
4657,user14,happy,0.92,2025-09-12 07:04:55
3207,user2,surprised,0.83,2025-09-12 07:05:52
3457,user7,sad,0.82,2025-09-12 07:06:02
4584,user29,sad,0.86,2025-09-12 07:06:46
4904,user18,fear,0.65,2025-09-12 07:10:32
4642,user20,fear,0.73,2025-09-12 07:10:41
5045,user15,fear,0.73,2025-09-12 07:10:46
4076,user49,sad,0.72,2025-09-12 07:11:25
4428,user18,happy,0.96,2025-09-12 07:11:28
3863,user4,angry,0.85,2025-09-12 07:11:51
5126,user14,sad,0.82,2025-09-12 07:11:54
4550,user4,sad,0.73,2025-09-12 07:12:57
3217,user13,sad,0.79,2025-09-12 07:13:27
4607,user11,angry,0.83,2025-09-12 07:13:48
3965,user3,angry,0.87,2025-09-12 07:13:49
3825,user39,surprised,0.94,2025-09-12 07:14:20
3443,user35,sad,0.84,2025-09-12 07:14:31
4479,user38,happy,0.94,2025-09-12 07:14:52
4575,user33,sad,0.75,2025-09-12 07:15:40
3807,user4,sad,0.72,2025-09-12 07:16:15
3235,user35,angry,0.77,2025-09-12 07:16:22
4187,user9,surprised,0.86,2025-09-12 07:17:16
4792,user40,surprised,0.88,2025-09-12 07:18:23
4442,user4,angry,0.89,2025-09-12 07:18:40
4824,user33,sad,0.84,2025-09-12 07:18:45
3951,user33,angry,0.9,2025-09-12 07:19:05
3030,user35,sad,0.73,2025-09-12 07:19:49
4721,user13,sad,0.87,2025-09-12 07:20:08
3177,user31,angry,0.77,2025-09-12 07:20:16
4100,user3,surprised,0.88,2025-09-12 07:20:24
3373,user4,surprised,0.84,2025-09-12 07:21:14
4901,user33,surprised,0.82,2025-09-12 07:22:10
4856,user43,fear,0.73,2025-09-12 07:22:38
4412,user17,sad,0.81,2025-09-12 07:22:55
3749,user31,surprised,0.86,2025-09-12 07:22:58
4834,user7,sad,0.78,2025-09-12 07:23:49
3372,user34,sad,0.82,2025-09-12 07:23:59
4793,user42,sad,0.71,2025-09-12 07:24:27
4377,user43,surprised,0.92,2025-09-12 07:24:39
3243,user8,sad,0.75,2025-09-12 07:24:55
4637,user16,surprised,0.93,2025-09-12 07:25:30
3717,user33,angry,0.8,2025-09-12 07:25:39
4310,user14,surprised,0.91,2025-09-12 07:25:53
4990,user27,fear,0.66,2025-09-12 07:26:55
3911,user50,happy,0.92,2025-09-12 07:27:40
4777,user38,surprised,0.84,2025-09-12 07:27:48
3284,user5,fear,0.74,2025-09-12 07:27:54
5082,user22,sad,0.77,2025-09-12 07:27:56
3232,user50,angry,0.89,2025-09-12 07:30:15
4470,user12,sad,0.86,2025-09-12 07:31:05
3712,user27,happy,0.87,2025-09-12 07:32:48
5019,user43,angry,0.9,2025-09-12 07:33:42
5112,user26,happy,0.96,2025-09-12 07:34:18
3194,user35,fear,0.75,2025-09-12 07:35:21
3956,user47,angry,0.76,2025-09-12 07:35:25
3334,user12,happy,0.88,2025-09-12 07:38:04
3980,user8,surprised,0.91,2025-09-12 07:38:26
4017,user39,angry,0.76,2025-09-12 07:38:35
4328,user26,surprised,0.93,2025-09-12 07:38:51
3628,user23,surprised,0.9,2025-09-12 07:39:28
4334,user43,angry,0.86,2025-09-12 07:41:47
3411,user27,happy,0.95,2025-09-12 07:42:11
3865,user13,fear,0.68,2025-09-12 07:42:19
4168,user46,sad,0.74,2025-09-12 07:45:04
3338,user11,fear,0.62,2025-09-12 07:45:48
4322,user19,happy,0.9,2025-09-12 07:46:05
4863,user42,angry,0.86,2025-09-12 07:46:53
4045,user34,sad,0.71,2025-09-12 07:47:01
4495,user46,surprised,0.87,2025-09-12 07:47:57
3941,user31,surprised,0.86,2025-09-12 07:48:42
4670,user42,sad,0.86,2025-09-12 07:48:51
3922,user12,sad,0.73,2025-09-12 07:49:49
3103,user17,sad,0.87,2025-09-12 07:50:00
5095,user48,surprised,0.91,2025-09-12 07:50:11
3261,user24,happy,0.85,2025-09-12 07:51:16
3355,user15,sad,0.82,2025-09-12 07:51:33
3465,user1,surprised,0.92,2025-09-12 07:51:39
4817,user6,surprised,0.88,2025-09-12 07:51:51
4273,user20,surprised,0.87,2025-09-12 07:52:31
3117,user29,surprised,0.87,2025-09-12 07:54:35
4430,user50,sad,0.8,2025-09-12 07:54:54
3693,user47,angry,0.86,2025-09-12 07:55:55
4783,user24,angry,0.83,2025-09-12 07:57:30
3928,user1,angry,0.83,2025-09-12 07:58:22
3161,user27,sad,0.83,2025-09-12 07:59:16
3926,user7,angry,0.85,2025-09-12 08:01:12
3449,user50,happy,0.92,2025-09-12 08:01:24
4841,user23,sad,0.72,2025-09-12 08:02:53
3095,user17,surprised,0.85,2025-09-12 08:03:02
4256,user38,sad,0.85,2025-09-12 08:03:23
4838,user49,sad,0.86,2025-09-12 08:04:07
4496,user19,sad,0.76,2025-09-12 08:05:22
5015,user50,sad,0.79,2025-09-12 08:05:34
5107,user49,angry,0.85,2025-09-12 08:05:45
4795,user37,sad,0.84,2025-09-12 08:05:48
4987,user36,surprised,0.88,2025-09-12 08:06:30
3326,user27,angry,0.85,2025-09-12 08:07:16
4071,user47,surprised,0.83,2025-09-12 08:08:40
3679,user1,surprised,0.87,2025-09-12 08:10:32
4002,user39,surprised,0.85,2025-09-12 08:11:07
4028,user48,sad,0.8,2025-09-12 08:11:10
3982,user38,angry,0.78,2025-09-12 08:11:52
4359,user29,surprised,0.91,2025-09-12 08:12:27
4219,user27,surprised,0.81,2025-09-12 08:12:34
4814,user24,happy,0.95,2025-09-12 08:12:51
3767,user38,angry,0.82,2025-09-12 08:13:21
4378,user50,surprised,0.91,2025-09-12 08:14:46
3639,user44,happy,0.86,2025-09-12 08:14:55
3720,user26,surprised,0.88,2025-09-12 08:15:06
4337,user7,happy,0.87,2025-09-12 08:15:27
3669,user22,angry,0.86,2025-09-12 08:15:48
3723,user33,surprised,0.93,2025-09-12 08:17:17
4866,user48,surprised,0.82,2025-09-12 08:18:40
4664,user42,fear,0.74,2025-09-12 08:19:52
4662,user32,sad,0.84,2025-09-12 08:21:00
3309,user4,surprised,0.9,2025-09-12 08:22:09
3070,user10,surprised,0.83,2025-09-12 08:22:34
3949,user16,sad,0.72,2025-09-12 08:23:16
5017,user19,surprised,0.93,2025-09-12 08:23:53
4129,user41,surprised,0.94,2025-09-12 08:23:53
4966,user46,sad,0.87,2025-09-12 08:24:03
3869,user16,surprised,0.87,2025-09-12 08:24:25
3049,user14,sad,0.88,2025-09-12 08:25:27
3462,user38,sad,0.74,2025-09-12 08:26:07
3935,user16,angry,0.76,2025-09-12 08:27:11
3323,user38,sad,0.79,2025-09-12 08:27:44
3142,user3,sad,0.79,2025-09-12 08:30:50
3806,user26,surprised,0.88,2025-09-12 08:33:08
3662,user4,angry,0.83,2025-09-12 08:33:28
4152,user40,sad,0.78,2025-09-12 08:33:52
3400,user29,sad,0.82,2025-09-12 08:34:58
3578,user11,surprised,0.9,2025-09-12 08:36:05
5025,user4,happy,0.85,2025-09-12 08:36:57
3469,user23,sad,0.77,2025-09-12 08:38:52
3006,user33,angry,0.9,2025-09-12 08:39:53
3784,user1,sad,0.8,2025-09-12 08:42:58
4501,user16,angry,0.88,2025-09-12 08:43:46
4682,user8,surprised,0.81,2025-09-12 08:44:02
4915,user45,angry,0.84,2025-09-12 08:45:25
3836,user26,sad,0.8,2025-09-12 08:45:53
4403,user4,surprised,0.91,2025-09-12 08:46:08
3304,user47,surprised,0.91,2025-09-12 08:46:25
4825,user12,surprised,0.91,2025-09-12 08:47:31
3352,user44,fear,0.79,2025-09-12 08:48:16
3831,user36,sad,0.77,2025-09-12 08:48:19
4652,user5,sad,0.85,2025-09-12 08:48:34
3029,user18,sad,0.76,2025-09-12 08:48:37
3569,user16,sad,0.84,2025-09-12 08:48:53
4997,user28,sad,0.78,2025-09-12 08:49:04
3370,user15,sad,0.82,2025-09-12 08:49:20
3952,user35,sad,0.7,2025-09-12 08:49:53
3438,user12,sad,0.84,2025-09-12 08:50:27
3635,user22,surprised,0.88,2025-09-12 08:50:48
4367,user50,fear,0.72,2025-09-12 08:50:53
4935,user39,happy,0.87,2025-09-12 08:52:32
4292,user50,surprised,0.86,2025-09-12 08:52:43
4194,user43,surprised,0.94,2025-09-12 08:52:45
3490,user24,sad,0.8,2025-09-12 08:52:48
4720,user9,surprised,0.87,2025-09-12 08:52:53
3785,user19,sad,0.73,2025-09-12 08:53:37
4282,user38,fear,0.77,2025-09-12 08:53:46
4832,user21,sad,0.85,2025-09-12 08:54:20
3471,user24,angry,0.78,2025-09-12 08:54:28
4353,user35,surprised,0.95,2025-09-12 08:54:34
3566,user27,surprised,0.83,2025-09-12 08:54:35
5133,user37,angry,0.76,2025-09-12 08:54:46
3238,user33,happy,0.92,2025-09-12 08:55:11
3908,user33,surprised,0.82,2025-09-12 08:55:11
5128,user46,surprised,0.92,2025-09-12 08:55:37
4108,user14,angry,0.88,2025-09-12 08:57:08
5052,user1,angry,0.76,2025-09-12 08:57:23
3707,user31,angry,0.88,2025-09-12 08:58:05
3886,user48,surprised,0.83,2025-09-12 08:59:41
4781,user6,angry,0.76,2025-09-12 08:59:46
4302,user20,fear,0.76,2025-09-12 08:59:57
3222,user24,surprised,0.89,2025-09-12 09:00:10
3374,user36,surprised,0.91,2025-09-12 09:02:54
3478,user3,surprised,0.93,2025-09-12 09:03:02
4265,user29,surprised,0.9,2025-09-12 09:06:31
5076,user39,surprised,0.9,2025-09-12 09:06:55
5041,user14,angry,0.76,2025-09-12 09:07:16
4859,user50,surprised,0.84,2025-09-12 09:07:37
4774,user40,sad,0.75,2025-09-12 09:07:55
3329,user47,angry,0.89,2025-09-12 09:08:15
4449,user19,fear,0.64,2025-09-12 09:09:09
3426,user23,angry,0.82,2025-09-12 09:09:20
4262,user34,sad,0.83,2025-09-12 09:09:20
3605,user19,surprised,0.91,2025-09-12 09:09:52
3697,user18,angry,0.75,2025-09-12 09:10:25
4724,user26,happy,0.96,2025-09-12 09:10:32
5029,user32,surprised,0.86,2025-09-12 09:10:56
4392,user27,surprised,0.83,2025-09-12 09:11:02
4578,user29,surprised,0.91,2025-09-12 09:11:12
3873,user6,surprised,0.81,2025-09-12 09:11:40
4970,user25,happy,0.88,2025-09-12 09:11:51
3624,user13,sad,0.73,2025-09-12 09:11:52
3696,user7,surprised,0.82,2025-09-12 09:12:28
3528,user41,sad,0.75,2025-09-12 09:13:05
4986,user48,sad,0.74,2025-09-12 09:13:22
4647,user7,sad,0.86,2025-09-12 09:14:02
4444,user26,surprised,0.93,2025-09-12 09:14:05
3061,user47,sad,0.78,2025-09-12 09:14:18
4343,user43,happy,0.88,2025-09-12 09:14:43
4665,user33,surprised,0.87,2025-09-12 09:16:18
5108,user16,angry,0.85,2025-09-12 09:16:43
4020,user4,surprised,0.93,2025-09-12 09:16:44
3998,user27,surprised,0.87,2025-09-12 09:16:55
3367,user46,sad,0.83,2025-09-12 09:17:04
4286,user8,sad,0.82,2025-09-12 09:18:05
3979,user5,surprised,0.89,2025-09-12 09:18:24
3729,user48,happy,0.89,2025-09-12 09:18:28
3895,user7,surprised,0.94,2025-09-12 09:18:46
4936,user6,fear,0.75,2025-09-12 09:18:56
4138,user36,sad,0.72,2025-09-12 09:19:13
4879,user46,sad,0.81,2025-09-12 09:20:53
3291,user44,angry,0.86,2025-09-12 09:21:37
3090,user37,sad,0.83,2025-09-12 09:23:39
4226,user35,angry,0.86,2025-09-12 09:23:54
3063,user13,angry,0.87,2025-09-12 09:24:11
4218,user29,sad,0.74,2025-09-12 09:25:22
3403,user41,surprised,0.85,2025-09-12 09:25:43
3923,user12,sad,0.88,2025-09-12 09:26:16
3066,user38,sad,0.8,2025-09-12 09:26:23
3421,user47,sad,0.72,2025-09-12 09:26:30
4283,user37,surprised,0.87,2025-09-12 09:27:01
4099,user1,surprised,0.86,2025-09-12 09:27:30
4493,user11,surprised,0.8,2025-09-12 09:31:33
4759,user35,sad,0.7,2025-09-12 09:31:53
3940,user35,sad,0.87,2025-09-12 09:32:00
3034,user14,happy,0.9,2025-09-12 09:32:27
3179,user4,happy,0.89,2025-09-12 09:33:22
3506,user31,surprised,0.85,2025-09-12 09:34:40
4140,user41,angry,0.75,2025-09-12 09:35:58
3519,user41,sad,0.8,2025-09-12 09:36:34
4934,user22,sad,0.83,2025-09-12 09:37:08
3875,user11,surprised,0.9,2025-09-12 09:37:15
4354,user43,surprised,0.91,2025-09-12 09:37:16
5087,user34,surprised,0.94,2025-09-12 09:37:31
4315,user42,surprised,0.82,2025-09-12 09:38:42
3129,user49,surprised,0.85,2025-09-12 09:44:04
5150,user40,surprised,0.85,2025-09-12 09:44:38
4089,user26,sad,0.87,2025-09-12 09:45:01
4877,user49,surprised,0.84,2025-09-12 09:45:31
5066,user4,angry,0.81,2025-09-12 09:45:37
3175,user20,surprised,0.85,2025-09-12 09:45:58
4010,user49,fear,0.8,2025-09-12 09:47:22
4755,user21,happy,0.86,2025-09-12 09:47:38
5063,user3,surprised,0.94,2025-09-12 09:48:03
4797,user18,sad,0.71,2025-09-12 09:48:18
4869,user27,angry,0.83,2025-09-12 09:48:45
3808,user16,surprised,0.88,2025-09-12 09:50:12
3259,user15,angry,0.81,2025-09-12 09:50:20
3817,user6,sad,0.8,2025-09-12 09:50:22
4048,user20,sad,0.88,2025-09-12 09:50:36
3751,user27,fear,0.75,2025-09-12 09:52:39
4060,user38,sad,0.76,2025-09-12 09:52:39
5091,user28,surprised,0.93,2025-09-12 09:52:43
4675,user43,happy,0.86,2025-09-12 09:54:00
3796,user43,angry,0.87,2025-09-12 09:54:02
4329,user12,happy,0.9,2025-09-12 09:54:19
4835,user1,angry,0.86,2025-09-12 09:55:10
4671,user31,happy,0.88,2025-09-12 09:55:47
3789,user36,sad,0.73,2025-09-12 09:56:17
4831,user24,surprised,0.93,2025-09-12 09:57:07
4406,user15,sad,0.82,2025-09-12 09:57:22
3354,user45,fear,0.74,2025-09-12 09:59:28
4268,user3,angry,0.85,2025-09-12 09:59:46
4070,user33,surprised,0.91,2025-09-12 10:00:31
4937,user14,angry,0.76,2025-09-12 10:02:11
4132,user17,sad,0.83,2025-09-12 10:02:16
3804,user44,sad,0.88,2025-09-12 10:02:38
5105,user29,angry,0.85,2025-09-12 10:02:48
3910,user39,sad,0.78,2025-09-12 10:03:25
4106,user35,sad,0.81,2025-09-12 10:03:48
4543,user7,angry,0.84,2025-09-12 10:04:23
3043,user38,sad,0.75,2025-09-12 10:04:25
3393,user40,fear,0.65,2025-09-12 10:05:43
4453,user5,sad,0.87,2025-09-12 10:06:03
3398,user15,sad,0.8,2025-09-12 10:06:06
4769,user24,sad,0.79,2025-09-12 10:07:11
3699,user10,surprised,0.8,2025-09-12 10:07:24
4021,user6,sad,0.86,2025-09-12 10:08:41
4733,user24,sad,0.71,2025-09-12 10:09:14
4162,user43,surprised,0.86,2025-09-12 10:10:39
4031,user13,sad,0.71,2025-09-12 10:10:42
4051,user8,sad,0.8,2025-09-12 10:11:26
4827,user22,sad,0.88,2025-09-12 10:11:36
3932,user10,angry,0.84,2025-09-12 10:11:40
3504,user2,surprised,0.87,2025-09-12 10:12:53
3303,user49,angry,0.89,2025-09-12 10:14:44
4062,user8,surprised,0.91,2025-09-12 10:15:20
3672,user24,angry,0.78,2025-09-12 10:15:50
4719,user25,fear,0.77,2025-09-12 10:16:08
3795,user45,sad,0.83,2025-09-12 10:16:33
3390,user50,happy,0.93,2025-09-12 10:16:57
3838,user13,surprised,0.94,2025-09-12 10:17:19
4386,user50,angry,0.83,2025-09-12 10:17:45
4165,user4,fear,0.78,2025-09-12 10:17:49
3558,user50,sad,0.72,2025-09-12 10:17:49
4563,user50,sad,0.74,2025-09-12 10:17:51
4929,user27,happy,0.85,2025-09-12 10:18:01
3461,user28,happy,0.95,2025-09-12 10:18:15
4587,user38,sad,0.72,2025-09-12 10:20:03
3425,user12,sad,0.77,2025-09-12 10:20:09
4203,user38,sad,0.87,2025-09-12 10:20:37
4636,user33,sad,0.8,2025-09-12 10:20:47
5051,user22,surprised,0.89,2025-09-12 10:21:39
3532,user26,sad,0.78,2025-09-12 10:21:45
4301,user33,sad,0.84,2025-09-12 10:23:03
4189,user10,angry,0.84,2025-09-12 10:24:16
4199,user23,fear,0.62,2025-09-12 10:25:50
4209,user13,sad,0.87,2025-09-12 10:26:13
4609,user34,sad,0.79,2025-09-12 10:26:36
3520,user50,sad,0.81,2025-09-12 10:26:42
3466,user24,sad,0.87,2025-09-12 10:27:05
4415,user15,angry,0.79,2025-09-12 10:27:34
3938,user35,surprised,0.9,2025-09-12 10:29:11
3262,user34,sad,0.76,2025-09-12 10:29:48
3455,user19,sad,0.78,2025-09-12 10:31:28
4476,user48,surprised,0.83,2025-09-12 10:32:03
4821,user26,surprised,0.89,2025-09-12 10:33:57
3666,user28,sad,0.81,2025-09-12 10:35:51
3909,user4,surprised,0.84,2025-09-12 10:36:47
3436,user27,sad,0.87,2025-09-12 10:37:06
4014,user20,fear,0.72,2025-09-12 10:40:03
3308,user2,surprised,0.91,2025-09-12 10:41:32
3409,user37,surprised,0.87,2025-09-12 10:43:14
4957,user44,sad,0.73,2025-09-12 10:43:58
4728,user23,sad,0.71,2025-09-12 10:44:03
5083,user43,angry,0.79,2025-09-12 10:44:53
3509,user12,surprised,0.89,2025-09-12 10:45:23
5008,user7,surprised,0.83,2025-09-12 10:46:54
3930,user24,happy,0.92,2025-09-12 10:49:00
4963,user50,sad,0.8,2025-09-12 10:49:15
5034,user10,surprised,0.83,2025-09-12 10:51:24
4624,user6,angry,0.9,2025-09-12 10:51:33
3435,user45,surprised,0.85,2025-09-12 10:52:42
4321,user4,surprised,0.82,2025-09-12 10:53:54
4400,user44,angry,0.77,2025-09-12 10:53:59
3747,user3,happy,0.87,2025-09-12 10:54:01
3919,user40,surprised,0.88,2025-09-12 10:55:20
4083,user32,fear,0.72,2025-09-12 10:56:47
4823,user38,surprised,0.86,2025-09-12 10:56:58
3285,user32,surprised,0.85,2025-09-12 10:57:19
3184,user19,sad,0.81,2025-09-12 10:57:37
4196,user37,surprised,0.85,2025-09-12 10:57:52
4888,user31,sad,0.85,2025-09-12 10:58:00
5100,user7,sad,0.74,2025-09-12 10:58:43
4633,user2,surprised,0.82,2025-09-12 10:58:58
3139,user26,surprised,0.93,2025-09-12 11:01:59
4558,user44,sad,0.79,2025-09-12 11:02:06
3493,user9,sad,0.71,2025-09-12 11:02:12
3014,user15,angry,0.88,2025-09-12 11:02:13
4837,user21,sad,0.73,2025-09-12 11:02:25
3797,user23,angry,0.85,2025-09-12 11:02:36
4909,user17,fear,0.77,2025-09-12 11:02:47
4606,user19,happy,0.85,2025-09-12 11:02:54
3976,user45,happy,0.9,2025-09-12 11:03:13
4475,user33,surprised,0.83,2025-09-12 11:04:28
4677,user45,happy,0.93,2025-09-12 11:05:18
3357,user46,sad,0.82,2025-09-12 11:06:04
3790,user17,angry,0.85,2025-09-12 11:09:12
4420,user5,sad,0.78,2025-09-12 11:09:57
3405,user4,sad,0.81,2025-09-12 11:10:14
3534,user18,sad,0.71,2025-09-12 11:10:36
3549,user22,sad,0.8,2025-09-12 11:12:38
3734,user31,fear,0.66,2025-09-12 11:13:15
3944,user17,surprised,0.91,2025-09-12 11:13:17
3733,user19,happy,0.85,2025-09-12 11:13:36
4810,user33,surprised,0.87,2025-09-12 11:13:50
3546,user24,fear,0.74,2025-09-12 11:14:05
4316,user26,sad,0.85,2025-09-12 11:14:15
3768,user9,surprised,0.84,2025-09-12 11:14:57
3677,user25,happy,0.88,2025-09-12 11:15:01
3522,user29,happy,0.89,2025-09-12 11:16:52
5039,user23,surprised,0.86,2025-09-12 11:16:56
3085,user5,sad,0.74,2025-09-12 11:18:02
5022,user24,sad,0.72,2025-09-12 11:18:23
3823,user31,fear,0.7,2025-09-12 11:18:25
3567,user28,happy,0.88,2025-09-12 11:19:39
3788,user17,sad,0.85,2025-09-12 11:19:51
3180,user16,sad,0.8,2025-09-12 11:20:57
4285,user28,sad,0.75,2025-09-12 11:20:58
4811,user44,surprised,0.82,2025-09-12 11:21:03
4358,user20,sad,0.77,2025-09-12 11:21:07
4175,user32,angry,0.89,2025-09-12 11:21:49
4105,user43,surprised,0.84,2025-09-12 11:22:51
5078,user3,fear,0.72,2025-09-12 11:22:55
4357,user50,surprised,0.88,2025-09-12 11:23:24
3668,user40,fear,0.78,2025-09-12 11:23:25
4160,user48,sad,0.71,2025-09-12 11:23:57
3453,user32,surprised,0.81,2025-09-12 11:24:19
3427,user4,sad,0.79,2025-09-12 11:25:09
3258,user50,fear,0.75,2025-09-12 11:26:37
3821,user40,happy,0.91,2025-09-12 11:26:43
4220,user17,fear,0.69,2025-09-12 11:26:57
4959,user4,fear,0.75,2025-09-12 11:27:24
4363,user20,surprised,0.86,2025-09-12 11:27:31
3264,user24,surprised,0.83,2025-09-12 11:27:47
5140,user34,angry,0.75,2025-09-12 11:27:54
3273,user36,surprised,0.83,2025-09-12 11:28:09
3055,user36,surprised,0.82,2025-09-12 11:28:27
3918,user38,sad,0.73,2025-09-12 11:29:33
5064,user18,surprised,0.9,2025-09-12 11:29:40
4469,user32,sad,0.83,2025-09-12 11:29:58
4735,user22,sad,0.77,2025-09-12 11:29:59
4712,user50,surprised,0.87,2025-09-12 11:30:12
3655,user8,sad,0.88,2025-09-12 11:32:14
4631,user31,sad,0.73,2025-09-12 11:33:59
4886,user41,surprised,0.83,2025-09-12 11:34:08
3715,user39,sad,0.76,2025-09-12 11:34:38
4517,user48,angry,0.77,2025-09-12 11:35:44
4145,user29,sad,0.78,2025-09-12 11:35:50
3328,user34,sad,0.81,2025-09-12 11:36:14
4818,user29,fear,0.64,2025-09-12 11:36:30
5043,user43,angry,0.85,2025-09-12 11:39:32
3253,user26,sad,0.77,2025-09-12 11:39:57
4526,user39,surprised,0.84,2025-09-12 11:40:09
4614,user44,angry,0.81,2025-09-12 11:40:25
3943,user27,sad,0.8,2025-09-12 11:44:42
3964,user40,sad,0.87,2025-09-12 11:48:14
4878,user42,sad,0.76,2025-09-12 11:48:59
4304,user8,angry,0.78,2025-09-12 11:49:21
4554,user29,angry,0.77,2025-09-12 11:49:55
3993,user43,sad,0.79,2025-09-12 11:50:04
4073,user27,fear,0.73,2025-09-12 11:50:10
3681,user16,sad,0.79,2025-09-12 11:50:17
4398,user20,fear,0.7,2025-09-12 11:50:36
4067,user8,angry,0.85,2025-09-12 11:50:42
4000,user40,sad,0.72,2025-09-12 11:51:13
3314,user10,surprised,0.93,2025-09-12 11:51:15
3387,user24,fear,0.65,2025-09-12 11:52:55
3846,user25,angry,0.78,2025-09-12 11:53:01
4830,user29,angry,0.8,2025-09-12 11:53:15
4847,user39,sad,0.77,2025-09-12 11:54:26
3311,user37,sad,0.77,2025-09-12 11:54:48
3709,user4,surprised,0.92,2025-09-12 11:54:50
5070,user10,surprised,0.89,2025-09-12 11:54:51
4046,user38,surprised,0.88,2025-09-12 11:55:58
4303,user28,surprised,0.94,2025-09-12 11:57:39
3505,user38,sad,0.77,2025-09-12 11:57:59
3524,user8,surprised,0.91,2025-09-12 11:58:44
3107,user8,surprised,0.92,2025-09-12 11:59:00
4208,user5,angry,0.77,2025-09-12 11:59:54
3819,user27,sad,0.76,2025-09-12 12:00:06
5103,user11,surprised,0.81,2025-09-12 12:00:27
3741,user1,sad,0.79,2025-09-12 12:01:55
4216,user36,surprised,0.83,2025-09-12 12:01:57
3297,user50,sad,0.71,2025-09-12 12:02:42
4320,user5,sad,0.86,2025-09-12 12:06:30
4025,user48,sad,0.73,2025-09-12 12:06:54
3839,user10,sad,0.74,2025-09-12 12:06:55
4898,user45,sad,0.8,2025-09-12 12:07:05
4786,user2,angry,0.83,2025-09-12 12:07:10
3563,user10,sad,0.71,2025-09-12 12:07:58
4916,user42,sad,0.8,2025-09-12 12:08:33
3607,user13,angry,0.81,2025-09-12 12:09:07
3782,user19,fear,0.69,2025-09-12 12:10:07
4416,user50,sad,0.86,2025-09-12 12:10:23
4287,user21,surprised,0.82,2025-09-12 12:11:21
4763,user9,angry,0.76,2025-09-12 12:11:56
4293,user37,angry,0.83,2025-09-12 12:12:10
3599,user34,surprised,0.85,2025-09-12 12:12:10
4655,user21,surprised,0.89,2025-09-12 12:12:20
4487,user21,fear,0.79,2025-09-12 12:13:54
3963,user22,sad,0.79,2025-09-12 12:13:59
4951,user22,surprised,0.83,2025-09-12 12:15:53
4858,user48,sad,0.81,2025-09-12 12:16:49
4093,user22,angry,0.76,2025-09-12 12:17:39
4243,user6,sad,0.81,2025-09-12 12:19:41
4342,user46,sad,0.85,2025-09-12 12:20:47
3828,user18,angry,0.89,2025-09-12 12:21:19
3670,user25,sad,0.84,2025-09-12 12:23:42
3515,user42,sad,0.74,2025-09-12 12:24:16
4376,user23,sad,0.81,2025-09-12 12:24:38
4591,user28,surprised,0.84,2025-09-12 12:25:10
3810,user38,surprised,0.9,2025-09-12 12:25:33
4184,user31,sad,0.84,2025-09-12 12:25:47
3024,user43,sad,0.73,2025-09-12 12:26:08
5059,user30,sad,0.76,2025-09-12 12:27:38
3898,user11,surprised,0.91,2025-09-12 12:27:54
4330,user22,sad,0.77,2025-09-12 12:28:09
3621,user13,sad,0.75,2025-09-12 12:28:38
4742,user27,sad,0.71,2025-09-12 12:29:08
4568,user46,surprised,0.89,2025-09-12 12:30:08
3682,user16,sad,0.84,2025-09-12 12:30:13
5060,user26,sad,0.83,2025-09-12 12:31:30
4952,user3,surprised,0.88,2025-09-12 12:31:46
3140,user1,angry,0.83,2025-09-12 12:32:28
3108,user26,sad,0.78,2025-09-12 12:32:42
3381,user35,sad,0.83,2025-09-12 12:33:25
3078,user28,surprised,0.82,2025-09-12 12:33:35
5079,user3,surprised,0.86,2025-09-12 12:33:58
3771,user31,angry,0.76,2025-09-12 12:34:02
3714,user25,fear,0.61,2025-09-12 12:34:31
3632,user13,sad,0.75,2025-09-12 12:34:43
3065,user27,sad,0.83,2025-09-12 12:34:46
4549,user19,sad,0.81,2025-09-12 12:35:05
3473,user20,surprised,0.84,2025-09-12 12:35:35
4054,user30,surprised,0.89,2025-09-12 12:35:44
3245,user50,happy,0.89,2025-09-12 12:36:11
4365,user40,fear,0.61,2025-09-12 12:36:24
3413,user14,sad,0.87,2025-09-12 12:37:47
4396,user26,surprised,0.83,2025-09-12 12:38:31
4006,user12,happy,0.89,2025-09-12 12:39:54
3420,user10,sad,0.73,2025-09-12 12:40:11
3536,user1,sad,0.78,2025-09-12 12:40:19
4683,user39,angry,0.76,2025-09-12 12:40:43
3086,user29,happy,0.97,2025-09-12 12:42:12
3278,user38,surprised,0.93,2025-09-12 12:43:07
3419,user3,angry,0.86,2025-09-12 12:43:31
4868,user8,sad,0.71,2025-09-12 12:45:27
3477,user44,surprised,0.92,2025-09-12 12:45:33
4668,user38,fear,0.61,2025-09-12 12:46:01
3317,user36,sad,0.73,2025-09-12 12:46:50
4234,user18,angry,0.81,2025-09-12 12:47:33
3541,user17,fear,0.65,2025-09-12 12:48:03
3814,user35,fear,0.69,2025-09-12 12:48:43
3137,user30,surprised,0.89,2025-09-12 12:49:52
4758,user4,sad,0.8,2025-09-12 12:49:57
3996,user42,surprised,0.86,2025-09-12 12:50:19
4110,user46,happy,0.94,2025-09-12 12:50:20
5006,user16,sad,0.71,2025-09-12 12:50:46
4773,user30,surprised,0.9,2025-09-12 12:51:22
4244,user44,surprised,0.89,2025-09-12 12:52:38
3389,user34,surprised,0.83,2025-09-12 12:54:38
3362,user39,surprised,0.92,2025-09-12 12:55:04
4698,user27,fear,0.79,2025-09-12 12:55:22
3766,user33,sad,0.83,2025-09-12 12:55:23
4201,user36,fear,0.67,2025-09-12 12:56:08
3653,user29,sad,0.87,2025-09-12 12:56:54
4439,user45,happy,0.98,2025-09-12 12:58:11
3241,user19,happy,0.88,2025-09-12 12:59:40
4571,user21,fear,0.72,2025-09-12 13:01:00
4182,user37,fear,0.63,2025-09-12 13:01:03
4235,user6,sad,0.86,2025-09-12 13:01:07
5058,user24,fear,0.65,2025-09-12 13:01:35
3545,user47,surprised,0.91,2025-09-12 13:03:40
3149,user23,surprised,0.94,2025-09-12 13:03:48
4123,user35,sad,0.81,2025-09-12 13:03:55
3920,user34,sad,0.85,2025-09-12 13:04:03
4309,user33,surprised,0.83,2025-09-12 13:05:30
4992,user46,fear,0.61,2025-09-12 13:06:45
4404,user20,angry,0.86,2025-09-12 13:06:51
3888,user38,happy,0.95,2025-09-12 13:08:02
3145,user20,surprised,0.84,2025-09-12 13:08:19
5075,user49,surprised,0.9,2025-09-12 13:09:43
3148,user1,angry,0.76,2025-09-12 13:09:54
4975,user31,happy,0.88,2025-09-12 13:11:43
4739,user50,sad,0.73,2025-09-12 13:11:44
4700,user7,sad,0.78,2025-09-12 13:13:26
4488,user33,happy,0.93,2025-09-12 13:15:13
3131,user42,sad,0.74,2025-09-12 13:15:23
4394,user4,sad,0.7,2025-09-12 13:16:32
4277,user18,surprised,0.91,2025-09-12 13:17:13
4867,user7,sad,0.83,2025-09-12 13:17:29
3779,user30,sad,0.84,2025-09-12 13:19:16
4327,user22,surprised,0.9,2025-09-12 13:19:58
4897,user47,happy,0.91,2025-09-12 13:21:27
4893,user4,happy,0.87,2025-09-12 13:22:31
4183,user27,angry,0.8,2025-09-12 13:22:35
3265,user23,surprised,0.84,2025-09-12 13:24:03
4576,user1,happy,0.94,2025-09-12 13:24:30
4039,user16,fear,0.7,2025-09-12 13:25:12
5120,user19,surprised,0.85,2025-09-12 13:25:18
3686,user16,surprised,0.91,2025-09-12 13:26:50
3619,user41,sad,0.72,2025-09-12 13:27:41
3160,user14,angry,0.78,2025-09-12 13:28:20
3221,user18,sad,0.82,2025-09-12 13:29:02
3120,user16,angry,0.79,2025-09-12 13:32:23
5072,user40,angry,0.76,2025-09-12 13:32:31
4973,user2,angry,0.75,2025-09-12 13:33:21
4281,user13,angry,0.8,2025-09-12 13:33:50
3559,user50,sad,0.88,2025-09-12 13:34:48
4746,user38,angry,0.89,2025-09-12 13:35:24
3433,user10,fear,0.8,2025-09-12 13:38:03
3824,user30,fear,0.62,2025-09-12 13:38:20
3590,user43,happy,0.93,2025-09-12 13:39:06
4509,user30,sad,0.81,2025-09-12 13:39:26
3904,user30,happy,0.85,2025-09-12 13:39:53
3257,user16,surprised,0.87,2025-09-12 13:41:10
3047,user35,sad,0.85,2025-09-12 13:43:54
3294,user29,sad,0.77,2025-09-12 13:43:55
4462,user19,surprised,0.81,2025-09-12 13:44:04
3870,user4,fear,0.64,2025-09-12 13:44:11
4684,user22,sad,0.83,2025-09-12 13:44:22
3937,user31,angry,0.83,2025-09-12 13:44:51
4211,user12,surprised,0.93,2025-09-12 13:45:03
3711,user50,fear,0.67,2025-09-12 13:45:38
4195,user27,sad,0.78,2025-09-12 13:46:03
4864,user10,fear,0.63,2025-09-12 13:46:06
3305,user22,surprised,0.83,2025-09-12 13:46:16
4531,user43,sad,0.76,2025-09-12 13:46:27
4541,user4,surprised,0.85,2025-09-12 13:47:03
4101,user42,sad,0.87,2025-09-12 13:47:04
4306,user17,fear,0.7,2025-09-12 13:47:13
4638,user15,happy,0.95,2025-09-12 13:47:31
4275,user15,angry,0.86,2025-09-12 13:47:48
4172,user5,sad,0.81,2025-09-12 13:47:57
5038,user37,surprised,0.86,2025-09-12 13:49:40
3157,user36,surprised,0.85,2025-09-12 13:51:31
4943,user34,sad,0.81,2025-09-12 13:52:24
3267,user6,surprised,0.88,2025-09-12 13:52:27
3953,user36,happy,0.94,2025-09-12 13:52:47
4939,user11,surprised,0.93,2025-09-12 13:53:07
4167,user7,surprised,0.9,2025-09-12 13:53:30
4809,user28,surprised,0.84,2025-09-12 13:53:33
3748,user5,surprised,0.88,2025-09-12 13:53:37
5021,user14,sad,0.74,2025-09-12 13:53:45
4594,user22,angry,0.89,2025-09-12 13:53:54
4845,user34,surprised,0.86,2025-09-12 13:53:57
3565,user14,surprised,0.84,2025-09-12 13:54:29
4984,user32,angry,0.77,2025-09-12 13:54:40
4350,user1,sad,0.72,2025-09-12 13:55:19
4779,user41,sad,0.76,2025-09-12 13:55:52
3143,user28,angry,0.77,2025-09-12 13:57:04
3163,user30,surprised,0.91,2025-09-12 13:57:55
3048,user11,angry,0.86,2025-09-12 13:58:33
4523,user41,surprised,0.89,2025-09-12 13:58:36
3154,user9,sad,0.84,2025-09-12 13:58:38
4749,user20,sad,0.83,2025-09-12 13:58:48
3246,user37,happy,0.87,2025-09-12 13:58:49
3276,user13,surprised,0.92,2025-09-12 14:01:02
5136,user1,surprised,0.93,2025-09-12 14:04:41
5085,user14,fear,0.74,2025-09-12 14:04:54
3219,user17,fear,0.78,2025-09-12 14:05:08
4290,user11,angry,0.8,2025-09-12 14:06:13
3027,user47,angry,0.84,2025-09-12 14:06:23
3410,user30,angry,0.85,2025-09-12 14:07:03
4500,user28,happy,0.97,2025-09-12 14:07:32
3984,user21,surprised,0.89,2025-09-12 14:07:58
4431,user9,surprised,0.83,2025-09-12 14:09:39
4593,user24,happy,0.92,2025-09-12 14:11:20
3178,user41,surprised,0.8,2025-09-12 14:11:52
4029,user14,sad,0.74,2025-09-12 14:12:33
4743,user48,fear,0.7,2025-09-12 14:13:01
3950,user41,angry,0.87,2025-09-12 14:13:02
4450,user33,surprised,0.9,2025-09-12 14:13:02
4548,user12,happy,0.92,2025-09-12 14:13:39
4325,user36,happy,0.95,2025-09-12 14:13:42
4481,user5,surprised,0.89,2025-09-12 14:16:05
3050,user15,sad,0.81,2025-09-12 14:17:09
4120,user9,surprised,0.84,2025-09-12 14:17:26
4176,user50,fear,0.69,2025-09-12 14:18:51
5030,user19,sad,0.71,2025-09-12 14:18:58
3801,user47,surprised,0.83,2025-09-12 14:19:21
3906,user20,sad,0.73,2025-09-12 14:19:30
3008,user18,sad,0.82,2025-09-12 14:21:46
3674,user11,sad,0.7,2025-09-12 14:22:11
4714,user6,sad,0.88,2025-09-12 14:22:55
3525,user6,fear,0.64,2025-09-12 14:24:00
5144,user27,sad,0.7,2025-09-12 14:24:16
3615,user1,fear,0.66,2025-09-12 14:24:24
4617,user20,fear,0.72,2025-09-12 14:25:10
3759,user6,surprised,0.86,2025-09-12 14:26:10
3518,user29,surprised,0.84,2025-09-12 14:26:18
3017,user24,sad,0.71,2025-09-12 14:26:24
4410,user8,sad,0.81,2025-09-12 14:28:15
3353,user39,surprised,0.82,2025-09-12 14:28:24
4499,user5,surprised,0.92,2025-09-12 14:28:29
4927,user5,happy,0.86,2025-09-12 14:28:29
3818,user14,sad,0.85,2025-09-12 14:28:55
3320,user4,surprised,0.93,2025-09-12 14:28:56
4324,user13,sad,0.72,2025-09-12 14:29:15
4820,user12,surprised,0.8,2025-09-12 14:31:21
3882,user31,fear,0.72,2025-09-12 14:31:58
4505,user41,sad,0.72,2025-09-12 14:31:58
4135,user33,sad,0.71,2025-09-12 14:32:52
4882,user20,happy,0.95,2025-09-12 14:33:19
3912,user44,angry,0.75,2025-09-12 14:34:43
3045,user2,sad,0.73,2025-09-12 14:34:52
4086,user34,sad,0.83,2025-09-12 14:35:09
3626,user26,surprised,0.85,2025-09-12 14:36:02
3792,user6,sad,0.79,2025-09-12 14:36:10
4770,user11,fear,0.68,2025-09-12 14:36:16
3011,user32,surprised,0.89,2025-09-12 14:36:43
4663,user45,sad,0.74,2025-09-12 14:36:58
3249,user13,angry,0.8,2025-09-12 14:39:22
3251,user15,sad,0.73,2025-09-12 14:40:49
4075,user40,sad,0.82,2025-09-12 14:40:51
3691,user7,fear,0.73,2025-09-12 14:41:35
4066,user50,fear,0.78,2025-09-12 14:41:39
3383,user45,fear,0.65,2025-09-12 14:42:10
4185,user28,angry,0.78,2025-09-12 14:43:17
4388,user49,sad,0.75,2025-09-12 14:44:07
4156,user44,surprised,0.92,2025-09-12 14:44:13
4974,user27,happy,0.87,2025-09-12 14:45:31
4217,user18,sad,0.72,2025-09-12 14:45:48
4494,user22,surprised,0.84,2025-09-12 14:46:40
3401,user18,happy,0.9,2025-09-12 14:46:55
4065,user15,happy,0.86,2025-09-12 14:47:45
3092,user30,surprised,0.86,2025-09-12 14:47:53
3446,user28,surprised,0.88,2025-09-12 14:48:15
3293,user45,sad,0.71,2025-09-12 14:48:20
3484,user47,sad,0.87,2025-09-12 14:48:44
4945,user5,angry,0.89,2025-09-12 14:50:44
3256,user12,surprised,0.85,2025-09-12 14:53:04
3038,user40,surprised,0.81,2025-09-12 14:53:16
3945,user28,sad,0.75,2025-09-12 14:53:18
3752,user44,fear,0.68,2025-09-12 14:53:42
4489,user50,sad,0.87,2025-09-12 14:53:56
3835,user14,sad,0.74,2025-09-12 14:54:52
3575,user27,surprised,0.95,2025-09-12 14:55:07
3281,user9,angry,0.9,2025-09-12 14:55:47
5154,user12,sad,0.82,2025-09-12 14:56:07
3122,user13,sad,0.74,2025-09-12 14:56:12
5016,user5,sad,0.78,2025-09-12 14:57:13
3614,user3,surprised,0.93,2025-09-12 14:57:19
5109,user43,surprised,0.88,2025-09-12 14:57:19
3891,user44,sad,0.74,2025-09-12 14:57:30
4590,user20,surprised,0.88,2025-09-12 15:00:04
5102,user19,sad,0.73,2025-09-12 15:01:04
4891,user4,surprised,0.94,2025-09-12 15:01:11
4272,user9,sad,0.78,2025-09-12 15:01:43
3279,user27,surprised,0.94,2025-09-12 15:03:45
3601,user29,surprised,0.85,2025-09-12 15:04:27
5093,user30,surprised,0.91,2025-09-12 15:06:27
4001,user36,sad,0.77,2025-09-12 15:07:18
3929,user5,fear,0.63,2025-09-12 15:07:42
3780,user42,sad,0.82,2025-09-12 15:08:26
4465,user16,sad,0.76,2025-09-12 15:09:33
4205,user31,surprised,0.93,2025-09-12 15:12:12
3571,user10,angry,0.86,2025-09-12 15:13:24
4993,user44,sad,0.78,2025-09-12 15:13:25
3778,user44,surprised,0.81,2025-09-12 15:13:28
3010,user38,sad,0.73,2025-09-12 15:14:25
3053,user4,sad,0.83,2025-09-12 15:15:06
4455,user14,fear,0.77,2025-09-12 15:15:16
3978,user3,surprised,0.94,2025-09-12 15:15:29
5056,user24,angry,0.88,2025-09-12 15:17:13
3721,user45,angry,0.82,2025-09-12 15:17:16
4514,user40,fear,0.61,2025-09-12 15:18:05
4736,user31,fear,0.79,2025-09-12 15:18:32
4615,user34,surprised,0.92,2025-09-12 15:19:01
3032,user28,surprised,0.89,2025-09-12 15:19:08
4756,user43,surprised,0.88,2025-09-12 15:19:20
3250,user41,sad,0.84,2025-09-12 15:19:26
5042,user31,surprised,0.81,2025-09-12 15:19:33
4748,user19,angry,0.9,2025-09-12 15:20:44
3364,user37,angry,0.77,2025-09-12 15:22:02
4063,user38,sad,0.76,2025-09-12 15:22:08
3046,user17,happy,0.85,2025-09-12 15:23:27
5023,user3,sad,0.71,2025-09-12 15:25:17
4731,user26,sad,0.76,2025-09-12 15:25:26
3592,user28,sad,0.86,2025-09-12 15:25:50
4278,user36,surprised,0.89,2025-09-12 15:26:25
3844,user24,angry,0.79,2025-09-12 15:26:32
3495,user41,surprised,0.94,2025-09-12 15:27:56
3535,user6,angry,0.82,2025-09-12 15:28:01
4413,user42,surprised,0.85,2025-09-12 15:30:07
4601,user6,surprised,0.9,2025-09-12 15:30:30
3391,user34,fear,0.74,2025-09-12 15:32:25
4113,user50,happy,0.97,2025-09-12 15:32:35
3902,user14,happy,0.97,2025-09-12 15:32:55
4003,user15,happy,0.92,2025-09-12 15:33:42
4339,user49,sad,0.78,2025-09-12 15:34:17
3660,user18,sad,0.78,2025-09-12 15:35:46
4744,user5,surprised,0.87,2025-09-12 15:36:27
3754,user33,surprised,0.89,2025-09-12 15:36:40
4842,user23,angry,0.8,2025-09-12 15:37:00
4533,user30,sad,0.7,2025-09-12 15:37:17
4407,user8,fear,0.72,2025-09-12 15:37:19
3460,user29,sad,0.75,2025-09-12 15:37:46
3793,user25,sad,0.85,2025-09-12 15:37:51
4881,user47,sad,0.73,2025-09-12 15:38:07
4222,user31,surprised,0.92,2025-09-12 15:39:38
3958,user27,surprised,0.92,2025-09-12 15:40:24
4551,user4,sad,0.83,2025-09-12 15:40:53
3947,user39,sad,0.87,2025-09-12 15:41:47
4598,user19,angry,0.88,2025-09-12 15:42:03
4630,user42,happy,0.91,2025-09-12 15:42:13
4989,user28,fear,0.7,2025-09-12 15:42:23
4274,user47,sad,0.85,2025-09-12 15:42:47
4252,user29,happy,0.91,2025-09-12 15:42:47
4988,user49,sad,0.82,2025-09-12 15:43:10
3596,user42,surprised,0.89,2025-09-12 15:43:21
3521,user3,fear,0.72,2025-09-12 15:44:12
4710,user21,sad,0.83,2025-09-12 15:44:18
3564,user25,sad,0.78,2025-09-12 15:44:19
4170,user9,sad,0.74,2025-09-12 15:45:26
4371,user21,sad,0.83,2025-09-12 15:45:48
4050,user1,surprised,0.92,2025-09-12 15:46:31
3556,user49,angry,0.85,2025-09-12 15:47:49
3470,user19,surprised,0.93,2025-09-12 15:47:59
3858,user27,happy,0.9,2025-09-12 15:48:06
3215,user11,surprised,0.91,2025-09-12 15:48:52
3111,user5,fear,0.69,2025-09-12 15:49:16
4917,user43,surprised,0.87,2025-09-12 15:49:52
3777,user28,sad,0.8,2025-09-12 15:50:30
4312,user40,angry,0.84,2025-09-12 15:52:00
4723,user45,surprised,0.82,2025-09-12 15:53:14
4516,user36,surprised,0.94,2025-09-12 15:53:36
5046,user42,sad,0.78,2025-09-12 15:53:40
3076,user3,surprised,0.84,2025-09-12 15:55:11
4456,user15,surprised,0.81,2025-09-12 15:55:29
3071,user10,fear,0.8,2025-09-12 15:55:30
3287,user47,fear,0.79,2025-09-12 15:55:40
5084,user1,surprised,0.83,2025-09-12 15:58:18
4522,user15,sad,0.8,2025-09-12 16:00:18
4646,user28,sad,0.81,2025-09-12 16:00:53
4535,user46,sad,0.81,2025-09-12 16:01:48
4214,user29,sad,0.88,2025-09-12 16:02:53
4651,user11,surprised,0.84,2025-09-12 16:02:53
5141,user20,sad,0.87,2025-09-12 16:02:58
4645,user24,angry,0.79,2025-09-12 16:02:58
3074,user5,sad,0.8,2025-09-12 16:04:18
5156,user45,surprised,0.94,2025-09-12 16:04:42
4896,user3,surprised,0.93,2025-09-12 16:05:04
3340,user24,surprised,0.89,2025-09-12 16:05:25
5088,user32,surprised,0.92,2025-09-12 16:06:03
4750,user38,angry,0.78,2025-09-12 16:06:11
3837,user3,angry,0.84,2025-09-12 16:07:04
3573,user18,surprised,0.88,2025-09-12 16:08:34
3580,user44,surprised,0.93,2025-09-12 16:08:57
4225,user41,fear,0.66,2025-09-12 16:09:41
4784,user44,sad,0.77,2025-09-12 16:10:21
4815,user25,surprised,0.87,2025-09-12 16:10:58
3986,user17,happy,0.96,2025-09-12 16:11:00
3191,user31,sad,0.76,2025-09-12 16:11:08
3395,user50,happy,0.93,2025-09-12 16:11:36
3189,user14,surprised,0.84,2025-09-12 16:13:16
5119,user47,sad,0.74,2025-09-12 16:13:17
4202,user28,happy,0.88,2025-09-12 16:13:29
3764,user11,sad,0.87,2025-09-12 16:14:30
4085,user33,fear,0.66,2025-09-12 16:15:45
5115,user39,surprised,0.94,2025-09-12 16:15:48
3946,user35,sad,0.81,2025-09-12 16:15:53
4228,user50,fear,0.67,2025-09-12 16:15:53
3333,user33,sad,0.79,2025-09-12 16:16:19
4414,user50,happy,0.87,2025-09-12 16:16:41
3022,user40,surprised,0.95,2025-09-12 16:16:49
3931,user14,angry,0.88,2025-09-12 16:17:47
4279,user42,surprised,0.93,2025-09-12 16:18:38
4941,user8,fear,0.77,2025-09-12 16:18:55
4080,user44,sad,0.74,2025-09-12 16:19:23
4761,user49,sad,0.77,2025-09-12 16:19:30
4905,user18,sad,0.87,2025-09-12 16:19:45
3543,user18,angry,0.84,2025-09-12 16:20:14
4448,user7,surprised,0.86,2025-09-12 16:20:33
4344,user50,angry,0.87,2025-09-12 16:20:44
4356,user5,surprised,0.8,2025-09-12 16:21:15
3057,user27,fear,0.79,2025-09-12 16:23:01
4595,user31,angry,0.89,2025-09-12 16:23:56
4757,user47,angry,0.9,2025-09-12 16:24:14
3893,user34,sad,0.71,2025-09-12 16:24:53
4297,user23,surprised,0.82,2025-09-12 16:24:53
3190,user29,fear,0.61,2025-09-12 16:25:06
3572,user14,sad,0.83,2025-09-12 16:25:15
4948,user2,sad,0.83,2025-09-12 16:25:54
4247,user47,sad,0.73,2025-09-12 16:26:56
3068,user46,sad,0.79,2025-09-12 16:27:44
4862,user22,sad,0.75,2025-09-12 16:28:08
4098,user42,surprised,0.85,2025-09-12 16:28:20
3576,user21,angry,0.8,2025-09-12 16:28:22
4463,user18,surprised,0.93,2025-09-12 16:28:57
3153,user30,sad,0.82,2025-09-12 16:29:32
3452,user13,happy,0.9,2025-09-12 16:29:37
5012,user30,angry,0.89,2025-09-12 16:30:09
4789,user22,fear,0.67,2025-09-12 16:30:40
5024,user16,angry,0.83,2025-09-12 16:32:00
3269,user28,sad,0.85,2025-09-12 16:32:40
4149,user22,sad,0.83,2025-09-12 16:33:22
3634,user6,surprised,0.87,2025-09-12 16:34:32
4788,user44,fear,0.72,2025-09-12 16:36:31
3595,user22,sad,0.74,2025-09-12 16:37:05
4644,user4,sad,0.72,2025-09-12 16:37:06
3803,user50,sad,0.75,2025-09-12 16:37:43
4564,user48,surprised,0.84,2025-09-12 16:38:16
4136,user5,surprised,0.81,2025-09-12 16:39:49
3602,user14,sad,0.88,2025-09-12 16:40:35
4586,user32,fear,0.7,2025-09-12 16:40:48
3612,user49,sad,0.86,2025-09-12 16:41:36
5097,user19,sad,0.7,2025-09-12 16:43:00
5054,user28,angry,0.81,2025-09-12 16:43:12
3755,user13,surprised,0.87,2025-09-12 16:43:57
5116,user11,sad,0.85,2025-09-12 16:44:50
3226,user40,angry,0.9,2025-09-12 16:45:05
3404,user39,surprised,0.89,2025-09-12 16:45:20
4705,user19,surprised,0.91,2025-09-12 16:46:49
3081,user36,happy,0.86,2025-09-12 16:46:58
4676,user47,sad,0.88,2025-09-12 16:49:30
4440,user1,sad,0.84,2025-09-12 16:50:52
3638,user30,sad,0.85,2025-09-12 16:52:15
3885,user47,surprised,0.83,2025-09-12 16:52:55
3268,user33,sad,0.77,2025-09-12 16:53:34
3683,user10,sad,0.79,2025-09-12 16:54:36
3561,user2,sad,0.79,2025-09-12 16:57:04
3809,user3,fear,0.61,2025-09-12 16:57:11
3290,user25,surprised,0.8,2025-09-12 16:58:19
4745,user22,angry,0.88,2025-09-12 16:58:51
3841,user33,fear,0.71,2025-09-12 16:59:54
5123,user48,sad,0.86,2025-09-12 17:01:12
3242,user16,angry,0.75,2025-09-12 17:01:41
3296,user2,angry,0.75,2025-09-12 17:02:02
4555,user27,surprised,0.9,2025-09-12 17:02:24
4007,user12,surprised,0.92,2025-09-12 17:03:47
3144,user45,surprised,0.9,2025-09-12 17:06:43
3753,user13,sad,0.79,2025-09-12 17:06:57
4151,user13,fear,0.8,2025-09-12 17:07:38
4573,user2,sad,0.87,2025-09-12 17:07:42
4311,user43,surprised,0.91,2025-09-12 17:09:21
3094,user39,surprised,0.88,2025-09-12 17:10:24
3547,user36,sad,0.84,2025-09-12 17:10:42
4884,user19,fear,0.77,2025-09-12 17:10:54
3853,user37,happy,0.94,2025-09-12 17:11:35
5000,user43,fear,0.78,2025-09-12 17:12:34
4096,user4,angry,0.75,2025-09-12 17:14:13
4019,user15,sad,0.72,2025-09-12 17:14:38
4212,user27,surprised,0.92,2025-09-12 17:15:29
3826,user22,angry,0.76,2025-09-12 17:16:25
4467,user35,sad,0.75,2025-09-12 17:18:09
4091,user33,angry,0.79,2025-09-12 17:19:31
4566,user30,happy,0.95,2025-09-12 17:19:33
3684,user2,happy,0.85,2025-09-12 17:20:07
5118,user7,sad,0.81,2025-09-12 17:21:29
4597,user6,surprised,0.82,2025-09-12 17:21:49
3203,user35,sad,0.86,2025-09-12 17:23:02
5148,user35,sad,0.78,2025-09-12 17:23:36
4482,user27,sad,0.77,2025-09-12 17:23:50
3255,user50,sad,0.76,2025-09-12 17:24:19
3021,user42,sad,0.74,2025-09-12 17:24:49
4702,user50,angry,0.75,2025-09-12 17:25:42
3488,user8,angry,0.86,2025-09-12 17:25:50
4372,user31,angry,0.78,2025-09-12 17:26:43
3344,user21,sad,0.86,2025-09-12 17:26:56
3485,user28,fear,0.79,2025-09-12 17:27:22
4326,user4,sad,0.79,2025-09-12 17:27:40
3019,user39,sad,0.84,2025-09-12 17:28:10
3581,user25,surprised,0.84,2025-09-12 17:28:15
5074,user26,sad,0.74,2025-09-12 17:30:03
3041,user36,angry,0.8,2025-09-12 17:30:37
4385,user1,surprised,0.82,2025-09-12 17:30:46
3879,user35,surprised,0.81,2025-09-12 17:32:17
4351,user40,sad,0.75,2025-09-12 17:33:35
4562,user2,sad,0.75,2025-09-12 17:36:00
4074,user16,sad,0.71,2025-09-12 17:36:17
4122,user16,angry,0.78,2025-09-12 17:37:21
4242,user43,surprised,0.8,2025-09-12 17:37:52
3456,user43,fear,0.69,2025-09-12 17:38:11
4240,user48,surprised,0.93,2025-09-12 17:39:01
4164,user10,surprised,0.83,2025-09-12 17:40:24
3476,user6,surprised,0.95,2025-09-12 17:40:51
4323,user33,sad,0.73,2025-09-12 17:41:21
4111,user23,surprised,0.92,2025-09-12 17:41:24
3450,user10,sad,0.79,2025-09-12 17:41:34
3526,user1,surprised,0.91,2025-09-12 17:41:42
3999,user40,fear,0.66,2025-09-12 17:42:35
3896,user21,angry,0.76,2025-09-12 17:43:00
3589,user10,fear,0.65,2025-09-12 17:44:10
4507,user28,sad,0.75,2025-09-12 17:45:14
4390,user2,surprised,0.91,2025-09-12 17:45:37
4794,user37,surprised,0.81,2025-09-12 17:45:38
3708,user6,sad,0.71,2025-09-12 17:45:42
4103,user15,surprised,0.94,2025-09-12 17:45:57
4713,user11,happy,0.94,2025-09-12 17:46:01
5044,user41,angry,0.76,2025-09-12 17:46:18
3574,user3,sad,0.86,2025-09-12 17:46:21
4729,user21,sad,0.74,2025-09-12 17:46:28
4982,user35,surprised,0.84,2025-09-12 17:47:26
4478,user41,fear,0.65,2025-09-12 17:48:39
4237,user46,sad,0.76,2025-09-12 17:48:43
5014,user18,sad,0.87,2025-09-12 17:49:08
3128,user4,happy,0.98,2025-09-12 17:50:13
3732,user39,surprised,0.81,2025-09-12 17:51:47
5145,user28,angry,0.76,2025-09-12 17:54:06
5067,user42,surprised,0.82,2025-09-12 17:54:19
3083,user12,surprised,0.84,2025-09-12 17:56:48
3418,user48,surprised,0.92,2025-09-12 17:57:38
4508,user38,sad,0.74,2025-09-12 17:58:58
3658,user38,sad,0.87,2025-09-12 17:59:16
3970,user32,surprised,0.88,2025-09-12 18:00:28
4711,user39,surprised,0.82,2025-09-12 18:01:30
3631,user23,surprised,0.94,2025-09-12 18:03:01
3579,user7,fear,0.77,2025-09-12 18:03:18
4932,user16,angry,0.87,2025-09-12 18:03:21
4996,user15,sad,0.87,2025-09-12 18:03:22
3989,user12,fear,0.67,2025-09-12 18:03:39
4276,user11,surprised,0.81,2025-09-12 18:03:56
4510,user42,surprised,0.89,2025-09-12 18:05:20
4245,user4,fear,0.76,2025-09-12 18:05:21
4577,user21,surprised,0.93,2025-09-12 18:06:01
3594,user32,sad,0.78,2025-09-12 18:06:59
4069,user6,surprised,0.82,2025-09-12 18:07:27
3192,user43,surprised,0.92,2025-09-12 18:07:37
3851,user31,fear,0.73,2025-09-12 18:08:14
3141,user17,surprised,0.85,2025-09-12 18:08:57
4437,user3,happy,0.88,2025-09-12 18:11:15
3399,user12,sad,0.75,2025-09-12 18:11:24
4399,user47,surprised,0.87,2025-09-12 18:12:12
3992,user39,sad,0.76,2025-09-12 18:12:20
4874,user44,sad,0.73,2025-09-12 18:13:15
3629,user47,sad,0.77,2025-09-12 18:14:15
4466,user18,surprised,0.93,2025-09-12 18:14:20
4923,user13,sad,0.71,2025-09-12 18:15:13
3347,user41,sad,0.75,2025-09-12 18:15:23
4121,user47,surprised,0.92,2025-09-12 18:16:54
3451,user28,angry,0.8,2025-09-12 18:17:09
3798,user41,sad,0.73,2025-09-12 18:17:45
4659,user7,angry,0.78,2025-09-12 18:18:05
3665,user40,sad,0.88,2025-09-12 18:18:22
4920,user11,happy,0.91,2025-09-12 18:19:09
5130,user29,sad,0.76,2025-09-12 18:19:22
3494,user42,surprised,0.84,2025-09-12 18:19:33
4567,user24,sad,0.83,2025-09-12 18:19:40
3286,user11,sad,0.81,2025-09-12 18:20:33
3197,user41,happy,0.92,2025-09-12 18:20:39
4480,user2,happy,0.9,2025-09-12 18:20:41
3511,user43,sad,0.82,2025-09-12 18:20:55
3205,user28,angry,0.83,2025-09-12 18:21:47
3337,user30,happy,0.92,2025-09-12 18:22:01
3384,user40,fear,0.68,2025-09-12 18:22:58
4095,user29,sad,0.73,2025-09-12 18:23:55
3971,user9,fear,0.8,2025-09-12 18:24:40
3260,user49,fear,0.63,2025-09-12 18:24:47
3501,user14,sad,0.86,2025-09-12 18:24:54
4125,user25,angry,0.89,2025-09-12 18:25:00
4798,user30,sad,0.77,2025-09-12 18:25:25
3608,user19,surprised,0.9,2025-09-12 18:25:30
4751,user46,surprised,0.91,2025-09-12 18:25:50
4114,user8,surprised,0.91,2025-09-12 18:27:25
3936,user12,fear,0.71,2025-09-12 18:27:38
4695,user33,angry,0.86,2025-09-12 18:29:23
3975,user38,surprised,0.85,2025-09-12 18:30:48
4143,user21,angry,0.81,2025-09-12 18:31:14
4477,user38,fear,0.77,2025-09-12 18:31:19
4906,user31,fear,0.61,2025-09-12 18:32:22
4421,user8,sad,0.78,2025-09-12 18:32:43
4940,user18,happy,0.95,2025-09-12 18:33:23
3763,user47,happy,0.97,2025-09-12 18:33:42
3274,user3,fear,0.68,2025-09-12 18:35:33
4451,user5,sad,0.72,2025-09-12 18:35:37
4295,user20,surprised,0.93,2025-09-12 18:35:47
5155,user47,surprised,0.84,2025-09-12 18:35:55
3983,user11,surprised,0.91,2025-09-12 18:36:23
3894,user39,surprised,0.86,2025-09-12 18:38:01
3035,user45,angry,0.85,2025-09-12 18:38:30
3645,user8,happy,0.95,2025-09-12 18:39:31
4204,user33,sad,0.83,2025-09-12 18:39:37
3618,user22,sad,0.73,2025-09-12 18:41:49
4150,user23,sad,0.81,2025-09-12 18:42:22
4433,user11,surprised,0.82,2025-09-12 18:43:05
3359,user20,surprised,0.83,2025-09-12 18:43:11
4592,user22,sad,0.84,2025-09-12 18:43:29
4805,user38,surprised,0.81,2025-09-12 18:43:50
4130,user49,sad,0.88,2025-09-12 18:43:57
4011,user5,sad,0.87,2025-09-12 18:44:01
4616,user31,sad,0.8,2025-09-12 18:44:32
4678,user45,surprised,0.82,2025-09-12 18:45:32
3172,user31,surprised,0.82,2025-09-12 18:45:57
4634,user15,sad,0.72,2025-09-12 18:46:14
3652,user42,surprised,0.91,2025-09-12 18:46:15
4239,user28,happy,0.95,2025-09-12 18:47:07
3656,user39,happy,0.87,2025-09-12 18:47:30
3007,user36,sad,0.82,2025-09-12 18:47:43
3292,user13,fear,0.61,2025-09-12 18:47:51
4610,user29,happy,0.87,2025-09-12 18:48:16
4910,user46,sad,0.79,2025-09-12 18:48:40
3609,user23,sad,0.78,2025-09-12 18:49:29
4843,user48,angry,0.85,2025-09-12 18:50:36
4115,user13,surprised,0.84,2025-09-12 18:51:05
4776,user9,surprised,0.86,2025-09-12 18:51:21
5032,user19,surprised,0.82,2025-09-12 18:51:27
3282,user12,happy,0.87,2025-09-12 18:52:12
3033,user3,surprised,0.82,2025-09-12 18:52:16
4902,user21,fear,0.74,2025-09-12 18:53:30
5080,user36,fear,0.77,2025-09-12 18:55:21
4539,user26,sad,0.83,2025-09-12 18:56:28
3039,user25,sad,0.83,2025-09-12 18:56:30
3737,user49,surprised,0.82,2025-09-12 18:56:43
3657,user13,angry,0.83,2025-09-12 18:57:06
4473,user34,surprised,0.89,2025-09-12 19:00:14
3440,user10,surprised,0.84,2025-09-12 19:00:34
3664,user34,surprised,0.89,2025-09-12 19:01:40
3132,user17,sad,0.83,2025-09-12 19:02:06
4438,user12,fear,0.7,2025-09-12 19:02:45
4782,user13,surprised,0.91,2025-09-12 19:02:57
4686,user45,sad,0.86,2025-09-12 19:03:36
3713,user40,fear,0.69,2025-09-12 19:03:48
4623,user28,surprised,0.94,2025-09-12 19:03:53
3376,user36,fear,0.74,2025-09-12 19:03:54
3105,user23,sad,0.73,2025-09-12 19:06:02
3671,user49,surprised,0.92,2025-09-12 19:06:19
3037,user16,angry,0.89,2025-09-12 19:07:37
3482,user34,sad,0.8,2025-09-12 19:08:32
4097,user10,sad,0.81,2025-09-12 19:08:33
4542,user1,happy,0.89,2025-09-12 19:08:35
3585,user40,angry,0.86,2025-09-12 19:09:06
3881,user5,sad,0.88,2025-09-12 19:11:04
3876,user11,sad,0.71,2025-09-12 19:11:30
4525,user31,sad,0.74,2025-09-12 19:11:37
4180,user1,sad,0.79,2025-09-12 19:11:52
5089,user47,surprised,0.81,2025-09-12 19:11:54
5143,user17,sad,0.8,2025-09-12 19:12:20
4900,user28,surprised,0.89,2025-09-12 19:12:54
4995,user15,surprised,0.83,2025-09-12 19:13:20
4241,user6,sad,0.84,2025-09-12 19:13:29
4040,user5,surprised,0.89,2025-09-12 19:15:05
3350,user4,fear,0.69,2025-09-12 19:16:22
4221,user38,surprised,0.85,2025-09-12 19:16:49
5086,user14,sad,0.82,2025-09-12 19:20:41
3706,user15,angry,0.81,2025-09-12 19:20:42
3716,user17,surprised,0.85,2025-09-12 19:21:38
3099,user14,angry,0.81,2025-09-12 19:22:25
3196,user5,fear,0.68,2025-09-12 19:22:29
3378,user6,fear,0.62,2025-09-12 19:24:53
4402,user40,surprised,0.94,2025-09-12 19:25:01
3379,user29,sad,0.76,2025-09-12 19:28:09
3028,user35,fear,0.65,2025-09-12 19:29:15
3856,user4,sad,0.86,2025-09-12 19:29:52
3880,user44,sad,0.73,2025-09-12 19:30:30
3170,user28,fear,0.63,2025-09-12 19:31:09
4962,user17,angry,0.77,2025-09-12 19:31:14
4173,user28,surprised,0.89,2025-09-12 19:31:15
3642,user35,fear,0.79,2025-09-12 19:31:23
4314,user30,surprised,0.8,2025-09-12 19:32:08
3098,user46,angry,0.83,2025-09-12 19:32:09
3164,user4,angry,0.77,2025-09-12 19:33:33
3040,user46,fear,0.61,2025-09-12 19:34:02
3750,user11,sad,0.88,2025-09-12 19:34:55
4333,user21,fear,0.73,2025-09-12 19:35:12
4381,user46,surprised,0.89,2025-09-12 19:35:22
3342,user30,angry,0.78,2025-09-12 19:36:09
4799,user20,fear,0.78,2025-09-12 19:37:04
4649,user38,sad,0.85,2025-09-12 19:37:26
3850,user34,sad,0.72,2025-09-12 19:38:31
4643,user48,happy,0.94,2025-09-12 19:39:26
3318,user11,surprised,0.92,2025-09-12 19:39:49
4964,user48,angry,0.78,2025-09-12 19:40:59
3015,user5,sad,0.72,2025-09-12 19:41:11
4685,user22,sad,0.8,2025-09-12 19:41:53
3087,user22,fear,0.7,2025-09-12 19:41:54
3124,user3,fear,0.78,2025-09-12 19:41:55
3023,user3,surprised,0.81,2025-09-12 19:42:32
4257,user39,sad,0.78,2025-09-12 19:43:45
3834,user2,sad,0.88,2025-09-12 19:44:46
4200,user46,happy,0.88,2025-09-12 19:45:07
3228,user11,surprised,0.89,2025-09-12 19:45:30
4370,user5,sad,0.8,2025-09-12 19:45:43
3464,user47,sad,0.73,2025-09-12 19:46:02
3307,user25,surprised,0.86,2025-09-12 19:46:18
4027,user12,sad,0.88,2025-09-12 19:47:30
4246,user39,angry,0.87,2025-09-12 19:48:14
4147,user28,surprised,0.88,2025-09-12 19:48:30
3840,user33,sad,0.72,2025-09-12 19:49:53
4058,user47,fear,0.7,2025-09-12 19:50:34
4224,user17,happy,0.91,2025-09-12 19:50:49
4839,user47,surprised,0.91,2025-09-12 19:51:51
4264,user22,sad,0.83,2025-09-12 19:52:04
4102,user37,surprised,0.91,2025-09-12 19:52:24
4537,user24,happy,0.9,2025-09-12 19:54:06
4694,user37,sad,0.74,2025-09-12 19:54:21
4133,user36,surprised,0.86,2025-09-12 19:54:32
3155,user41,sad,0.85,2025-09-12 19:55:11
3133,user43,angry,0.86,2025-09-12 19:56:11
3114,user48,sad,0.7,2025-09-12 19:57:15
4401,user13,happy,0.89,2025-09-12 19:57:50
4033,user5,angry,0.77,2025-09-12 19:59:07
3948,user48,happy,0.86,2025-09-12 20:00:24
4088,user38,sad,0.88,2025-09-12 20:02:31
3009,user41,angry,0.88,2025-09-12 20:02:54
3247,user36,surprised,0.87,2025-09-12 20:03:09
4887,user5,fear,0.63,2025-09-12 20:04:15
4057,user10,surprised,0.8,2025-09-12 20:05:40
3181,user28,surprised,0.93,2025-09-12 20:05:41
3523,user37,sad,0.73,2025-09-12 20:06:08
4768,user31,sad,0.8,2025-09-12 20:07:09
4188,user32,fear,0.73,2025-09-12 20:07:45
5013,user34,happy,0.88,2025-09-12 20:07:49
4317,user40,fear,0.64,2025-09-12 20:08:34
4155,user7,sad,0.82,2025-09-12 20:08:39
4026,user14,sad,0.85,2025-09-12 20:09:05
4492,user15,sad,0.86,2025-09-12 20:10:35
5007,user10,surprised,0.87,2025-09-12 20:10:57
4983,user34,sad,0.77,2025-09-12 20:12:03
4628,user8,sad,0.7,2025-09-12 20:12:04
4889,user35,sad,0.85,2025-09-12 20:12:13
3324,user18,angry,0.77,2025-09-12 20:12:15
5073,user36,sad,0.75,2025-09-12 20:12:21
3900,user43,sad,0.8,2025-09-12 20:12:28
4855,user31,fear,0.61,2025-09-12 20:14:59
3854,user31,surprised,0.81,2025-09-12 20:15:17
3126,user36,sad,0.83,2025-09-12 20:16:04
3346,user14,surprised,0.94,2025-09-12 20:16:44
4289,user20,surprised,0.9,2025-09-12 20:17:15
5152,user13,happy,0.94,2025-09-12 20:17:39
5157,user4,angry,0.78,2025-09-12 20:18:22
4190,user33,sad,0.77,2025-09-12 20:19:31
3502,user17,sad,0.88,2025-09-12 20:20:01
4836,user6,sad,0.75,2025-09-12 20:21:50
4016,user29,angry,0.85,2025-09-12 20:24:31
4124,user1,sad,0.82,2025-09-12 20:24:51
3647,user23,sad,0.76,2025-09-12 20:25:02
4015,user6,surprised,0.88,2025-09-12 20:27:44
4291,user33,sad,0.88,2025-09-12 20:27:51
3185,user43,surprised,0.85,2025-09-12 20:27:58
3757,user2,sad,0.83,2025-09-12 20:28:24
4411,user16,sad,0.83,2025-09-12 20:28:41
4557,user18,angry,0.84,2025-09-12 20:29:17
5071,user21,angry,0.86,2025-09-12 20:29:19
3150,user16,surprised,0.86,2025-09-12 20:30:04
3516,user17,happy,0.92,2025-09-12 20:30:26
4850,user7,sad,0.8,2025-09-12 20:30:58
3165,user47,sad,0.86,2025-09-12 20:31:07
3972,user29,surprised,0.89,2025-09-12 20:31:09
4408,user15,happy,0.88,2025-09-12 20:32:25
4409,user28,sad,0.83,2025-09-12 20:34:17
5033,user6,sad,0.82,2025-09-12 20:34:34
4546,user41,sad,0.79,2025-09-12 20:34:35
3020,user18,surprised,0.94,2025-09-12 20:34:51
4621,user7,sad,0.82,2025-09-12 20:35:12
4899,user40,fear,0.72,2025-09-12 20:35:30
4251,user6,sad,0.77,2025-09-12 20:35:54
5098,user26,fear,0.67,2025-09-12 20:36:24
4999,user33,surprised,0.9,2025-09-12 20:36:32
4259,user45,fear,0.61,2025-09-12 20:37:42
3988,user40,surprised,0.86,2025-09-12 20:38:18
3508,user1,sad,0.83,2025-09-12 20:38:55
3848,user22,angry,0.77,2025-09-12 20:38:59
3637,user23,angry,0.78,2025-09-12 20:39:39
4369,user50,sad,0.87,2025-09-12 20:39:54
3275,user42,sad,0.83,2025-09-12 20:40:46
3813,user44,sad,0.78,2025-09-12 20:43:11
4787,user25,sad,0.87,2025-09-12 20:43:34
4254,user34,sad,0.76,2025-09-12 20:44:00
4446,user22,sad,0.86,2025-09-12 20:44:08
4752,user25,sad,0.72,2025-09-12 20:44:18
3072,user9,sad,0.8,2025-09-12 20:44:30
3539,user39,fear,0.62,2025-09-12 20:44:47
4423,user33,angry,0.89,2025-09-12 20:46:42
3230,user23,sad,0.84,2025-09-12 20:46:50
5035,user38,surprised,0.86,2025-09-12 20:46:51
4471,user3,surprised,0.9,2025-09-12 20:47:09
3530,user31,angry,0.84,2025-09-12 20:48:06
4960,user11,sad,0.79,2025-09-12 20:49:35
4520,user48,surprised,0.9,2025-09-12 20:49:40
3002,user29,sad,0.86,2025-09-12 20:50:14
4284,user29,sad,0.81,2025-09-12 20:51:03
4166,user12,sad,0.75,2025-09-12 20:51:15
3627,user47,happy,0.85,2025-09-12 20:51:32
5096,user17,fear,0.76,2025-09-12 20:51:41
4269,user11,sad,0.73,2025-09-12 20:52:26
3852,user7,surprised,0.8,2025-09-12 20:53:34
4064,user31,surprised,0.86,2025-09-12 20:53:52
4131,user27,happy,0.86,2025-09-12 20:54:00
5053,user6,fear,0.61,2025-09-12 20:54:03
3082,user6,fear,0.63,2025-09-12 20:54:08
3127,user9,sad,0.72,2025-09-12 20:54:45
4077,user2,surprised,0.88,2025-09-12 20:54:54
3059,user14,fear,0.65,2025-09-12 20:55:09
4013,user2,surprised,0.92,2025-09-12 20:55:43
4796,user45,fear,0.61,2025-09-12 20:56:58
4267,user42,sad,0.84,2025-09-12 20:57:18
3199,user40,surprised,0.93,2025-09-12 20:58:22
3394,user3,surprised,0.89,2025-09-12 20:58:24
3557,user30,fear,0.74,2025-09-12 20:58:53
3641,user7,sad,0.71,2025-09-12 20:59:54
4529,user44,surprised,0.88,2025-09-12 21:01:20
3617,user26,happy,0.87,2025-09-12 21:02:53
4760,user47,sad,0.76,2025-09-12 21:04:24
3925,user37,happy,0.92,2025-09-12 21:05:35
5047,user33,angry,0.78,2025-09-12 21:06:16
3675,user5,sad,0.86,2025-09-12 21:06:27
4767,user2,sad,0.76,2025-09-12 21:07:28
4059,user5,surprised,0.82,2025-09-12 21:07:52
4521,user36,sad,0.71,2025-09-12 21:08:46
5111,user40,sad,0.81,2025-09-12 21:09:45
4004,user22,surprised,0.86,2025-09-12 21:09:55
3636,user33,surprised,0.83,2025-09-12 21:11:07
3306,user42,sad,0.84,2025-09-12 21:11:14
4375,user19,sad,0.8,2025-09-12 21:11:36
3123,user25,angry,0.89,2025-09-12 21:11:49
3115,user41,angry,0.76,2025-09-12 21:12:17
5129,user9,sad,0.84,2025-09-12 21:12:31
3954,user15,happy,0.87,2025-09-12 21:13:04
3517,user49,surprised,0.92,2025-09-12 21:13:39
4574,user5,sad,0.72,2025-09-12 21:13:52
3700,user43,surprised,0.84,2025-09-12 21:14:42
3799,user22,surprised,0.86,2025-09-12 21:15:09
4319,user43,surprised,0.92,2025-09-12 21:15:25
3349,user10,fear,0.71,2025-09-12 21:15:35
3280,user34,happy,0.96,2025-09-12 21:15:39
3437,user45,angry,0.82,2025-09-12 21:16:42
3244,user14,angry,0.84,2025-09-12 21:16:50
3786,user36,surprised,0.93,2025-09-12 21:17:30
4771,user21,surprised,0.9,2025-09-12 21:18:13
4946,user9,sad,0.77,2025-09-12 21:18:36
3430,user20,angry,0.87,2025-09-12 21:20:22
3513,user18,angry,0.81,2025-09-12 21:20:31
3701,user11,happy,0.87,2025-09-12 21:21:06
4236,user9,sad,0.77,2025-09-12 21:21:53
4690,user34,fear,0.63,2025-09-12 21:23:01
4053,user32,sad,0.73,2025-09-12 21:23:17
4163,user47,angry,0.83,2025-09-12 21:23:24
4656,user48,sad,0.77,2025-09-12 21:24:31
3233,user13,surprised,0.86,2025-09-12 21:25:06
3386,user3,happy,0.92,2025-09-12 21:25:10
3475,user1,happy,0.86,2025-09-12 21:28:29
3044,user24,sad,0.74,2025-09-12 21:29:50
4044,user8,angry,0.82,2025-09-12 21:30:14
4518,user42,surprised,0.95,2025-09-12 21:30:16
4043,user46,sad,0.87,2025-09-12 21:30:25
3089,user15,angry,0.76,2025-09-12 21:30:31
3827,user16,fear,0.77,2025-09-12 21:31:53
3722,user9,fear,0.72,2025-09-12 21:33:17
3489,user25,surprised,0.94,2025-09-12 21:33:17
3380,user27,sad,0.71,2025-09-12 21:33:20
3270,user29,sad,0.78,2025-09-12 21:34:14
4261,user43,sad,0.78,2025-09-12 21:34:17
3849,user23,sad,0.85,2025-09-12 21:36:25
3560,user25,angry,0.77,2025-09-12 21:36:32
4919,user40,angry,0.86,2025-09-12 21:37:38
3075,user36,surprised,0.93,2025-09-12 21:38:37
3957,user17,surprised,0.93,2025-09-12 21:39:15
4266,user43,happy,0.85,2025-09-12 21:39:25
4041,user47,angry,0.86,2025-09-12 21:39:46
4852,user5,surprised,0.8,2025-09-12 21:40:03
4635,user44,surprised,0.9,2025-09-12 21:41:06
3921,user46,angry,0.76,2025-09-12 21:41:08
3193,user28,sad,0.72,2025-09-12 21:41:43
3239,user49,sad,0.72,2025-09-12 21:41:48
4146,user11,sad,0.72,2025-09-12 21:41:48
4704,user31,sad,0.79,2025-09-12 21:41:59
3991,user43,sad,0.79,2025-09-12 21:42:54
5147,user5,surprised,0.92,2025-09-12 21:44:27
4583,user45,happy,0.9,2025-09-12 21:45:47
3288,user30,surprised,0.9,2025-09-12 21:46:02
3773,user13,sad,0.81,2025-09-12 21:46:05
3833,user41,happy,0.85,2025-09-12 21:46:30
4154,user49,sad,0.85,2025-09-12 21:47:11
3606,user38,sad,0.81,2025-09-12 21:47:36
4491,user27,sad,0.77,2025-09-12 21:47:38
3973,user28,surprised,0.85,2025-09-12 21:49:27
4681,user26,surprised,0.95,2025-09-12 21:49:29
3969,user24,sad,0.88,2025-09-12 21:49:50
3363,user11,angry,0.77,2025-09-12 21:50:27
3166,user18,sad,0.81,2025-09-12 21:50:38
3102,user33,happy,0.92,2025-09-12 21:50:50
3762,user19,sad,0.88,2025-09-12 21:51:45
3439,user37,happy,0.94,2025-09-12 21:52:59
4680,user11,sad,0.76,2025-09-12 21:53:09
3802,user29,fear,0.65,2025-09-12 21:53:54
4313,user48,sad,0.82,2025-09-12 21:54:58
4791,user43,surprised,0.87,2025-09-12 21:55:09
5057,user31,surprised,0.87,2025-09-12 21:55:15
3100,user3,sad,0.79,2025-09-12 21:56:01
3458,user29,fear,0.66,2025-09-12 21:56:44
4536,user17,sad,0.74,2025-09-12 21:56:51
3903,user43,sad,0.79,2025-09-12 21:57:12
4692,user42,surprised,0.94,2025-09-12 21:57:22
4223,user19,fear,0.77,2025-09-12 21:59:05
4417,user33,sad,0.88,2025-09-12 21:59:12
3883,user6,surprised,0.94,2025-09-12 21:59:57
3301,user25,fear,0.61,2025-09-12 22:02:00
3901,user13,surprised,0.82,2025-09-12 22:02:19
4871,user32,surprised,0.93,2025-09-12 22:04:02
4012,user41,fear,0.66,2025-09-12 22:04:27
4008,user32,surprised,0.87,2025-09-12 22:04:55
3892,user15,surprised,0.88,2025-09-12 22:05:24
3341,user8,sad,0.7,2025-09-12 22:05:53
4950,user4,surprised,0.9,2025-09-12 22:06:09
4580,user16,sad,0.79,2025-09-12 22:06:14
4207,user4,surprised,0.83,2025-09-12 22:07:44
4632,user21,fear,0.73,2025-09-12 22:07:57
3644,user40,angry,0.81,2025-09-12 22:08:02
3135,user23,sad,0.72,2025-09-12 22:08:40
4803,user5,angry,0.76,2025-09-12 22:09:17
3182,user18,happy,0.89,2025-09-12 22:10:13
4338,user36,sad,0.83,2025-09-12 22:10:55
4667,user36,sad,0.7,2025-09-12 22:11:01
4696,user49,sad,0.78,2025-09-12 22:11:55
3510,user4,angry,0.82,2025-09-12 22:12:12
4197,user40,surprised,0.85,2025-09-12 22:18:42
3487,user19,happy,0.87,2025-09-12 22:18:48
3740,user10,surprised,0.95,2025-09-12 22:19:07
3152,user38,angry,0.83,2025-09-12 22:19:11
3897,user37,angry,0.89,2025-09-12 22:19:12
4497,user14,angry,0.87,2025-09-12 22:19:32
4600,user16,happy,0.88,2025-09-12 22:20:31
3162,user20,surprised,0.87,2025-09-12 22:21:07
4603,user17,angry,0.83,2025-09-12 22:21:22
4880,user48,surprised,0.93,2025-09-12 22:21:36
3738,user35,sad,0.73,2025-09-12 22:23:40
3445,user19,happy,0.92,2025-09-12 22:23:42
4660,user5,sad,0.74,2025-09-12 22:24:49
3491,user49,sad,0.78,2025-09-12 22:26:06
4976,user4,sad,0.8,2025-09-12 22:26:08
4179,user15,surprised,0.83,2025-09-12 22:27:37
4626,user38,surprised,0.81,2025-09-12 22:27:42
5031,user42,happy,0.96,2025-09-12 22:27:51
3277,user14,surprised,0.83,2025-09-12 22:28:31
3678,user26,angry,0.79,2025-09-12 22:29:04
3414,user42,sad,0.76,2025-09-12 22:29:28
5010,user31,sad,0.83,2025-09-12 22:30:26
4238,user24,surprised,0.87,2025-09-12 22:30:52
3620,user37,sad,0.85,2025-09-12 22:30:57
3396,user27,surprised,0.8,2025-09-12 22:34:22
3240,user25,sad,0.79,2025-09-12 22:34:45
3315,user42,surprised,0.8,2025-09-12 22:36:09
3088,user14,surprised,0.82,2025-09-12 22:36:10
3934,user45,sad,0.75,2025-09-12 22:36:14
4458,user23,fear,0.71,2025-09-12 22:36:14
3924,user46,sad,0.83,2025-09-12 22:38:30
3058,user40,surprised,0.84,2025-09-12 22:38:33
3832,user7,angry,0.86,2025-09-12 22:39:41
3695,user33,surprised,0.85,2025-09-12 22:39:51
3690,user42,surprised,0.9,2025-09-12 22:40:26
4766,user25,angry,0.83,2025-09-12 22:41:02
4968,user6,sad,0.78,2025-09-12 22:41:12
4991,user3,angry,0.77,2025-09-12 22:41:18
4186,user2,sad,0.74,2025-09-12 22:42:00
4527,user25,surprised,0.91,2025-09-12 22:42:57
4619,user11,sad,0.79,2025-09-12 22:43:20
4618,user6,surprised,0.8,2025-09-12 22:44:13
3962,user24,angry,0.75,2025-09-12 22:44:20
4812,user1,happy,0.98,2025-09-12 22:45:24
4127,user2,sad,0.71,2025-09-12 22:46:07
3237,user25,sad,0.76,2025-09-12 22:46:41
3676,user45,sad,0.78,2025-09-12 22:46:54
4532,user28,sad,0.71,2025-09-12 22:47:24
3514,user21,angry,0.83,2025-09-12 22:47:48
4561,user6,sad,0.72,2025-09-12 22:48:58
4931,user42,angry,0.89,2025-09-12 22:49:36
3990,user45,surprised,0.88,2025-09-12 22:51:16
4612,user35,fear,0.7,2025-09-12 22:52:20
4816,user5,sad,0.84,2025-09-12 22:52:35
4422,user5,sad,0.8,2025-09-12 22:52:52
4639,user18,sad,0.7,2025-09-12 22:53:37
3770,user45,sad,0.87,2025-09-12 22:53:46
4119,user47,sad,0.7,2025-09-12 22:55:37
3361,user16,sad,0.87,2025-09-12 22:56:03
3917,user23,surprised,0.83,2025-09-12 22:56:53
4979,user41,surprised,0.94,2025-09-12 22:57:07
4032,user12,surprised,0.8,2025-09-12 22:57:11
4924,user6,fear,0.75,2025-09-12 22:57:58
4383,user33,happy,0.96,2025-09-12 22:58:28
4764,user9,sad,0.81,2025-09-12 22:59:02
3036,user23,surprised,0.95,2025-09-12 22:59:37
4389,user34,sad,0.81,2025-09-12 23:00:08
3444,user4,angry,0.9,2025-09-12 23:00:34
4181,user46,sad,0.83,2025-09-12 23:02:05
4718,user30,surprised,0.92,2025-09-12 23:02:05
4345,user39,happy,0.86,2025-09-12 23:03:00
3845,user16,fear,0.79,2025-09-12 23:04:48
3429,user15,surprised,0.8,2025-09-12 23:06:18
3866,user33,sad,0.7,2025-09-12 23:06:19
4193,user50,happy,0.96,2025-09-12 23:07:22
3295,user42,surprised,0.8,2025-09-12 23:08:21
3616,user18,sad,0.85,2025-09-12 23:09:09
3783,user6,sad,0.75,2025-09-12 23:11:58
4460,user12,happy,0.94,2025-09-12 23:12:21
4468,user26,sad,0.88,2025-09-12 23:12:25
4589,user2,surprised,0.82,2025-09-12 23:13:08
4263,user14,happy,0.86,2025-09-12 23:13:23
4556,user26,angry,0.84,2025-09-12 23:13:24
3889,user19,surprised,0.95,2025-09-12 23:13:35
3877,user1,happy,0.85,2025-09-12 23:14:18
4177,user49,sad,0.81,2025-09-12 23:14:49
3577,user32,sad,0.84,2025-09-12 23:16:30
4605,user13,sad,0.72,2025-09-12 23:18:36
3202,user45,happy,0.97,2025-09-12 23:20:21
3540,user30,sad,0.83,2025-09-12 23:20:33
3183,user19,angry,0.75,2025-09-12 23:21:20
5026,user26,angry,0.84,2025-09-12 23:21:29
4107,user2,angry,0.78,2025-09-12 23:22:27
3673,user19,sad,0.74,2025-09-12 23:23:33
4047,user44,sad,0.79,2025-09-12 23:24:04
4079,user48,angry,0.82,2025-09-12 23:24:12
4082,user50,surprised,0.92,2025-09-12 23:26:05
3004,user49,fear,0.71,2025-09-12 23:27:13
4382,user24,happy,0.9,2025-09-12 23:28:27
3905,user34,happy,0.93,2025-09-12 23:29:24
4772,user28,sad,0.83,2025-09-12 23:30:03
4669,user36,sad,0.71,2025-09-12 23:30:47
4280,user20,fear,0.64,2025-09-12 23:31:36
3167,user25,happy,0.92,2025-09-12 23:32:05
4340,user11,sad,0.79,2025-09-12 23:32:05
4192,user2,sad,0.86,2025-09-12 23:33:17
3271,user5,surprised,0.87,2025-09-12 23:34:37
3593,user24,sad,0.7,2025-09-12 23:35:09
3961,user13,surprised,0.84,2025-09-12 23:35:42
3448,user35,angry,0.77,2025-09-12 23:37:52
3431,user28,surprised,0.83,2025-09-12 23:38:09
3377,user46,angry,0.89,2025-09-12 23:38:23
4233,user14,angry,0.79,2025-09-12 23:40:09
4913,user28,angry,0.87,2025-09-12 23:41:26
4907,user5,sad,0.76,2025-09-12 23:42:03
5101,user23,fear,0.77,2025-09-12 23:44:31
5050,user44,sad,0.82,2025-09-12 23:44:36
4432,user18,sad,0.72,2025-09-12 23:45:03
3428,user31,angry,0.76,2025-09-12 23:45:22
3013,user30,angry,0.85,2025-09-12 23:45:39
3025,user17,surprised,0.9,2025-09-12 23:45:59
4169,user36,sad,0.73,2025-09-12 23:46:05
3003,user33,surprised,0.82,2025-09-12 23:46:12
4435,user48,fear,0.76,2025-09-12 23:46:21
3316,user40,angry,0.89,2025-09-12 23:48:02
4933,user38,surprised,0.83,2025-09-12 23:48:32
3012,user41,surprised,0.94,2025-09-12 23:48:44
3130,user27,sad,0.72,2025-09-12 23:49:04
3610,user45,fear,0.72,2025-09-12 23:49:05
3842,user16,sad,0.88,2025-09-12 23:49:25
4104,user25,surprised,0.89,2025-09-12 23:50:27
4849,user22,surprised,0.83,2025-09-12 23:53:43
4148,user33,surprised,0.88,2025-09-12 23:55:01
3857,user27,surprised,0.89,2025-09-12 23:58:21
3171,user33,fear,0.76,2025-09-12 23:58:41
7501,user46,angry,0.87,2025-09-13 00:00:44
6919,user25,sad,0.71,2025-09-13 00:01:06
6559,user11,angry,0.85,2025-09-13 00:01:24
6175,user18,sad,0.75,2025-09-13 00:01:55
7099,user4,sad,0.8,2025-09-13 00:02:26
6927,user17,happy,0.9,2025-09-13 00:03:18
7211,user13,happy,0.87,2025-09-13 00:03:22
7262,user2,happy,0.98,2025-09-13 00:03:25
6433,user36,surprised,0.92,2025-09-13 00:03:42
5550,user3,happy,0.9,2025-09-13 00:04:06
7212,user40,happy,0.88,2025-09-13 00:04:08
5985,user12,happy,0.96,2025-09-13 00:04:14
6953,user4,fear,0.63,2025-09-13 00:06:10
6301,user33,sad,0.81,2025-09-13 00:06:54
6683,user4,angry,0.88,2025-09-13 00:07:56
6771,user20,fear,0.78,2025-09-13 00:08:18
6073,user48,fear,0.69,2025-09-13 00:08:42
7340,user12,happy,0.98,2025-09-13 00:08:47
7079,user2,happy,0.87,2025-09-13 00:09:04
6780,user35,fear,0.72,2025-09-13 00:09:09
7316,user19,angry,0.8,2025-09-13 00:09:42
7001,user9,angry,0.88,2025-09-13 00:09:48
5299,user26,angry,0.79,2025-09-13 00:10:25
5206,user37,happy,0.97,2025-09-13 00:10:54
7148,user49,angry,0.85,2025-09-13 00:10:55
6575,user44,sad,0.77,2025-09-13 00:13:35
7207,user27,surprised,0.9,2025-09-13 00:13:38
6395,user30,angry,0.84,2025-09-13 00:14:45
6247,user1,happy,0.9,2025-09-13 00:15:42
7457,user37,angry,0.75,2025-09-13 00:15:49
6777,user2,happy,0.88,2025-09-13 00:16:06
5528,user35,happy,0.86,2025-09-13 00:16:23
6250,user42,happy,0.97,2025-09-13 00:16:44
6851,user22,happy,0.93,2025-09-13 00:17:07
7131,user21,surprised,0.8,2025-09-13 00:17:09
7372,user33,angry,0.81,2025-09-13 00:17:27
6456,user32,happy,0.86,2025-09-13 00:18:05
7074,user2,sad,0.78,2025-09-13 00:20:00
5965,user16,happy,0.95,2025-09-13 00:20:11
5738,user37,sad,0.83,2025-09-13 00:20:32
5864,user20,angry,0.84,2025-09-13 00:20:33
6747,user11,angry,0.89,2025-09-13 00:20:45
5492,user46,happy,0.87,2025-09-13 00:23:38
7227,user34,happy,0.92,2025-09-13 00:24:26
6016,user46,angry,0.84,2025-09-13 00:25:35
5819,user14,happy,0.93,2025-09-13 00:25:37
6818,user3,sad,0.76,2025-09-13 00:26:28
5631,user33,fear,0.65,2025-09-13 00:26:58
7238,user45,surprised,0.85,2025-09-13 00:27:15
5845,user42,fear,0.66,2025-09-13 00:27:18
6881,user21,sad,0.74,2025-09-13 00:27:55
5222,user41,surprised,0.89,2025-09-13 00:28:35
6011,user23,angry,0.85,2025-09-13 00:28:43
6668,user35,sad,0.87,2025-09-13 00:29:03
5441,user41,angry,0.89,2025-09-13 00:29:07
5964,user19,fear,0.75,2025-09-13 00:30:20
5598,user29,angry,0.86,2025-09-13 00:30:26
6772,user30,happy,0.86,2025-09-13 00:30:33
5368,user35,sad,0.76,2025-09-13 00:30:57
6382,user21,happy,0.85,2025-09-13 00:31:50
6921,user14,happy,0.97,2025-09-13 00:31:59
5339,user13,happy,0.98,2025-09-13 00:32:17
5401,user32,sad,0.76,2025-09-13 00:33:16
6393,user5,angry,0.81,2025-09-13 00:33:53
5358,user47,happy,0.97,2025-09-13 00:34:07
6240,user32,sad,0.71,2025-09-13 00:34:59
7022,user44,happy,0.9,2025-09-13 00:38:18
6189,user14,angry,0.86,2025-09-13 00:38:37
7368,user49,angry,0.87,2025-09-13 00:39:04
6274,user37,angry,0.79,2025-09-13 00:40:10
5837,user44,happy,0.94,2025-09-13 00:40:35
5467,user3,fear,0.68,2025-09-13 00:41:10
5264,user13,angry,0.87,2025-09-13 00:41:25
7338,user4,sad,0.73,2025-09-13 00:41:50
5602,user33,happy,0.98,2025-09-13 00:43:27
6452,user16,surprised,0.81,2025-09-13 00:44:13
6485,user16,fear,0.7,2025-09-13 00:44:42
6693,user5,happy,0.85,2025-09-13 00:45:00
5948,user12,angry,0.82,2025-09-13 00:45:03
5282,user22,happy,0.91,2025-09-13 00:45:56
6166,user47,angry,0.79,2025-09-13 00:46:46
5698,user12,sad,0.76,2025-09-13 00:46:55
6852,user50,surprised,0.84,2025-09-13 00:47:21
5993,user9,happy,0.88,2025-09-13 00:48:03
6200,user2,surprised,0.88,2025-09-13 00:48:37
5369,user6,happy,0.97,2025-09-13 00:48:41
7391,user18,sad,0.83,2025-09-13 00:49:11
5643,user15,happy,0.94,2025-09-13 00:49:20
5875,user34,happy,0.94,2025-09-13 00:49:34
5196,user21,sad,0.85,2025-09-13 00:50:06
6558,user37,surprised,0.87,2025-09-13 00:50:17
6501,user11,sad,0.71,2025-09-13 00:50:35
6554,user21,happy,0.88,2025-09-13 00:50:41
7045,user36,happy,0.93,2025-09-13 00:52:10
6997,user38,happy,0.94,2025-09-13 00:52:25
7144,user38,fear,0.73,2025-09-13 00:52:52
6674,user17,fear,0.74,2025-09-13 00:53:15
7016,user38,surprised,0.81,2025-09-13 00:54:18
7440,user2,happy,0.92,2025-09-13 00:55:06
5811,user8,happy,0.9,2025-09-13 00:55:27
5747,user29,angry,0.86,2025-09-13 00:57:00
6971,user34,surprised,0.87,2025-09-13 00:57:03
5732,user17,fear,0.77,2025-09-13 00:57:33
6066,user14,happy,0.98,2025-09-13 00:58:14
7024,user47,fear,0.79,2025-09-13 00:58:23
5406,user27,happy,0.98,2025-09-13 00:58:28
7459,user20,sad,0.87,2025-09-13 00:59:02
5767,user30,angry,0.81,2025-09-13 00:59:29
5900,user33,surprised,0.91,2025-09-13 00:59:37
5691,user36,happy,0.93,2025-09-13 00:59:50
7286,user15,fear,0.75,2025-09-13 00:59:53
5209,user46,fear,0.65,2025-09-13 01:00:09
5901,user16,happy,0.88,2025-09-13 01:01:30
5370,user12,angry,0.78,2025-09-13 01:02:13
5527,user34,angry,0.78,2025-09-13 01:02:15
7109,user3,happy,0.87,2025-09-13 01:02:53
5974,user34,happy,0.88,2025-09-13 01:03:46
7242,user43,angry,0.89,2025-09-13 01:03:54
5951,user24,happy,0.9,2025-09-13 01:04:37
6786,user17,happy,0.88,2025-09-13 01:05:00
6562,user19,happy,0.88,2025-09-13 01:05:17
5798,user8,fear,0.69,2025-09-13 01:05:56
6293,user50,angry,0.9,2025-09-13 01:06:03
6570,user45,happy,0.97,2025-09-13 01:06:20
5542,user29,angry,0.87,2025-09-13 01:06:20
5234,user16,angry,0.78,2025-09-13 01:06:36
5516,user31,happy,0.87,2025-09-13 01:07:56
6608,user13,happy,0.89,2025-09-13 01:08:24
5729,user18,angry,0.81,2025-09-13 01:08:54
5610,user50,sad,0.74,2025-09-13 01:09:21
5802,user24,happy,0.9,2025-09-13 01:10:22
6325,user4,happy,0.97,2025-09-13 01:10:24
6335,user14,happy,0.98,2025-09-13 01:11:08
6104,user48,angry,0.87,2025-09-13 01:11:28
7270,user50,happy,0.87,2025-09-13 01:12:28
6806,user3,happy,0.89,2025-09-13 01:14:04
7483,user6,fear,0.77,2025-09-13 01:14:07
6009,user25,sad,0.74,2025-09-13 01:14:32
6725,user38,happy,0.85,2025-09-13 01:14:36
7086,user2,fear,0.78,2025-09-13 01:15:50
5906,user6,happy,0.91,2025-09-13 01:16:09
6667,user2,happy,0.88,2025-09-13 01:16:43
6124,user44,sad,0.74,2025-09-13 01:16:46
6347,user35,angry,0.85,2025-09-13 01:17:34
6454,user20,angry,0.86,2025-09-13 01:18:13
5250,user28,happy,0.85,2025-09-13 01:18:29
6963,user23,happy,0.89,2025-09-13 01:18:38
5861,user19,angry,0.84,2025-09-13 01:18:48
5393,user41,fear,0.64,2025-09-13 01:19:04
5165,user6,happy,0.92,2025-09-13 01:19:20
6457,user47,happy,0.93,2025-09-13 01:19:59
5734,user14,surprised,0.9,2025-09-13 01:20:09
5281,user48,happy,0.93,2025-09-13 01:21:20
6990,user47,angry,0.78,2025-09-13 01:21:59
6074,user21,angry,0.87,2025-09-13 01:22:04
5518,user49,happy,0.86,2025-09-13 01:22:25
6505,user45,happy,0.87,2025-09-13 01:22:39
7268,user24,angry,0.87,2025-09-13 01:22:45
6214,user10,happy,0.9,2025-09-13 01:25:45
6213,user22,surprised,0.9,2025-09-13 01:28:32
6332,user44,surprised,0.91,2025-09-13 01:29:43
5355,user2,surprised,0.8,2025-09-13 01:30:01
6231,user14,surprised,0.8,2025-09-13 01:31:40
6187,user31,sad,0.78,2025-09-13 01:31:48
6591,user6,surprised,0.83,2025-09-13 01:32:51
5514,user26,angry,0.77,2025-09-13 01:33:25
6846,user46,happy,0.88,2025-09-13 01:36:14
5607,user19,angry,0.81,2025-09-13 01:37:14
5992,user44,happy,0.91,2025-09-13 01:38:38
6550,user22,sad,0.75,2025-09-13 01:38:59
5391,user15,angry,0.81,2025-09-13 01:40:35
6947,user23,sad,0.71,2025-09-13 01:41:32
6186,user15,sad,0.81,2025-09-13 01:41:53
5630,user12,happy,0.92,2025-09-13 01:42:48
6468,user2,fear,0.65,2025-09-13 01:43:30
6273,user28,happy,0.9,2025-09-13 01:43:35
6042,user44,happy,0.96,2025-09-13 01:43:37
6027,user19,happy,0.86,2025-09-13 01:43:47
7375,user8,angry,0.87,2025-09-13 01:44:57
7367,user43,happy,0.95,2025-09-13 01:45:14
6324,user12,happy,0.89,2025-09-13 01:45:30
5539,user47,sad,0.86,2025-09-13 01:46:57
7184,user38,angry,0.77,2025-09-13 01:47:13
5696,user28,angry,0.88,2025-09-13 01:47:17
6465,user46,sad,0.78,2025-09-13 01:47:32
5635,user19,happy,0.89,2025-09-13 01:47:34
5933,user10,happy,0.94,2025-09-13 01:47:36
5733,user20,happy,0.86,2025-09-13 01:48:13
7128,user18,angry,0.85,2025-09-13 01:48:46
7475,user15,angry,0.87,2025-09-13 01:49:26
6473,user35,happy,0.96,2025-09-13 01:50:48
5942,user3,happy,0.98,2025-09-13 01:51:35
6769,user23,happy,0.89,2025-09-13 01:52:11
5304,user1,happy,0.96,2025-09-13 01:53:00
5175,user17,sad,0.81,2025-09-13 01:53:16
6209,user8,happy,0.94,2025-09-13 01:53:49
6692,user46,happy,0.89,2025-09-13 01:54:07
6642,user26,surprised,0.9,2025-09-13 01:54:11
6760,user25,happy,0.93,2025-09-13 01:54:41
5545,user38,surprised,0.88,2025-09-13 01:54:53
6536,user11,surprised,0.8,2025-09-13 01:54:59
5604,user37,happy,0.93,2025-09-13 01:55:52
5702,user26,surprised,0.85,2025-09-13 01:56:26
7357,user4,fear,0.63,2025-09-13 01:58:07
5277,user26,fear,0.78,2025-09-13 01:58:17
5962,user12,happy,0.85,2025-09-13 01:58:19
6130,user17,happy,0.97,2025-09-13 01:59:19
7162,user26,angry,0.89,2025-09-13 01:59:22
6405,user25,happy,0.97,2025-09-13 02:00:12
6261,user2,happy,0.87,2025-09-13 02:01:30
6865,user9,angry,0.87,2025-09-13 02:02:18
7067,user29,fear,0.65,2025-09-13 02:03:03
6541,user18,surprised,0.92,2025-09-13 02:03:24
6284,user13,happy,0.9,2025-09-13 02:05:32
6814,user18,sad,0.8,2025-09-13 02:07:09
6988,user10,happy,0.92,2025-09-13 02:07:11
7397,user50,angry,0.86,2025-09-13 02:07:24
6120,user21,happy,0.95,2025-09-13 02:07:36
5383,user8,surprised,0.92,2025-09-13 02:08:06
5448,user30,happy,0.91,2025-09-13 02:08:47
5886,user31,surprised,0.82,2025-09-13 02:09:34
6503,user16,happy,0.92,2025-09-13 02:09:37
5303,user34,angry,0.86,2025-09-13 02:09:38
6062,user50,sad,0.85,2025-09-13 02:10:12
6014,user26,happy,0.9,2025-09-13 02:10:48
5973,user19,happy,0.87,2025-09-13 02:11:46
5736,user40,happy,0.9,2025-09-13 02:11:47
5554,user41,angry,0.89,2025-09-13 02:12:17
5686,user29,fear,0.77,2025-09-13 02:13:19
6620,user10,sad,0.8,2025-09-13 02:13:21
5786,user9,happy,0.91,2025-09-13 02:13:30
6262,user4,surprised,0.89,2025-09-13 02:13:50
7371,user37,happy,0.85,2025-09-13 02:13:58
6722,user15,angry,0.77,2025-09-13 02:14:40
7446,user16,surprised,0.93,2025-09-13 02:16:04
5612,user8,fear,0.68,2025-09-13 02:16:06
5902,user45,happy,0.87,2025-09-13 02:16:22
7477,user47,happy,0.92,2025-09-13 02:16:44
5471,user20,sad,0.84,2025-09-13 02:17:03
5572,user3,happy,0.96,2025-09-13 02:17:10
5825,user15,happy,0.89,2025-09-13 02:17:29
7110,user42,happy,0.95,2025-09-13 02:17:35
7341,user28,happy,0.95,2025-09-13 02:17:59
5996,user21,sad,0.87,2025-09-13 02:18:09
6723,user31,happy,0.91,2025-09-13 02:19:18
6978,user20,sad,0.76,2025-09-13 02:19:53
5663,user46,happy,0.91,2025-09-13 02:20:13
6658,user8,fear,0.66,2025-09-13 02:20:15
5651,user33,sad,0.84,2025-09-13 02:20:27
6225,user50,sad,0.72,2025-09-13 02:20:53
5168,user2,sad,0.74,2025-09-13 02:21:04
5726,user37,happy,0.87,2025-09-13 02:21:26
5615,user10,angry,0.82,2025-09-13 02:21:36
5627,user23,happy,0.94,2025-09-13 02:22:47
6368,user4,angry,0.89,2025-09-13 02:23:10
7151,user18,happy,0.96,2025-09-13 02:23:48
5677,user16,happy,0.97,2025-09-13 02:24:16
5203,user23,angry,0.87,2025-09-13 02:24:42
6210,user46,angry,0.83,2025-09-13 02:26:03
5991,user3,happy,0.9,2025-09-13 02:27:04
6010,user31,happy,0.94,2025-09-13 02:27:20
5834,user1,happy,0.95,2025-09-13 02:27:28
7447,user6,angry,0.84,2025-09-13 02:27:38
7043,user24,happy,0.93,2025-09-13 02:28:00
7369,user7,happy,0.97,2025-09-13 02:28:33
7507,user44,happy,0.93,2025-09-13 02:28:51
7304,user16,happy,0.92,2025-09-13 02:29:49
7071,user12,happy,0.94,2025-09-13 02:29:54
7303,user23,happy,0.94,2025-09-13 02:30:45
6561,user33,angry,0.8,2025-09-13 02:30:48
7498,user50,angry,0.83,2025-09-13 02:30:49
6858,user26,sad,0.84,2025-09-13 02:31:16
6964,user49,happy,0.88,2025-09-13 02:31:57
6795,user16,fear,0.76,2025-09-13 02:34:08
6203,user27,fear,0.68,2025-09-13 02:34:15
6688,user42,angry,0.85,2025-09-13 02:34:22
6137,user31,sad,0.74,2025-09-13 02:35:01
6321,user19,angry,0.8,2025-09-13 02:35:16
6869,user24,angry,0.83,2025-09-13 02:35:29
5440,user15,fear,0.63,2025-09-13 02:36:21
6872,user28,happy,0.93,2025-09-13 02:36:42
5483,user23,angry,0.83,2025-09-13 02:37:54
5833,user31,surprised,0.81,2025-09-13 02:38:32
5644,user7,happy,0.87,2025-09-13 02:40:20
6173,user26,happy,0.94,2025-09-13 02:41:13
7185,user17,angry,0.76,2025-09-13 02:41:24
7226,user39,angry,0.86,2025-09-13 02:42:09
7180,user44,angry,0.8,2025-09-13 02:42:15
5903,user20,happy,0.96,2025-09-13 02:43:01
6402,user15,sad,0.74,2025-09-13 02:44:08
6162,user38,happy,0.98,2025-09-13 02:44:41
6787,user41,angry,0.87,2025-09-13 02:44:47
6709,user36,fear,0.72,2025-09-13 02:44:52
6930,user29,sad,0.73,2025-09-13 02:45:54
7239,user48,surprised,0.88,2025-09-13 02:46:44
7462,user7,fear,0.69,2025-09-13 02:47:37
6483,user37,happy,0.93,2025-09-13 02:48:20
6508,user14,angry,0.8,2025-09-13 02:48:42
7455,user32,happy,0.89,2025-09-13 02:49:05
5214,user37,angry,0.76,2025-09-13 02:49:15
6826,user40,sad,0.79,2025-09-13 02:50:17
5300,user4,happy,0.93,2025-09-13 02:50:43
6326,user35,angry,0.77,2025-09-13 02:51:41
7353,user29,happy,0.87,2025-09-13 02:52:10
5332,user44,surprised,0.93,2025-09-13 02:53:05
5462,user36,happy,0.9,2025-09-13 02:53:20
6893,user14,happy,0.89,2025-09-13 02:56:36
6251,user20,sad,0.83,2025-09-13 02:57:16
6853,user4,happy,0.97,2025-09-13 02:57:23
5438,user30,surprised,0.82,2025-09-13 02:57:30
7105,user18,angry,0.84,2025-09-13 02:58:35
5893,user36,angry,0.88,2025-09-13 02:59:45
6917,user7,happy,0.94,2025-09-13 03:00:07
6528,user40,sad,0.82,2025-09-13 03:00:11
7348,user5,angry,0.81,2025-09-13 03:00:12
6020,user28,happy,0.92,2025-09-13 03:01:10
5568,user2,happy,0.94,2025-09-13 03:03:12
5881,user24,surprised,0.86,2025-09-13 03:03:14
5859,user21,fear,0.61,2025-09-13 03:03:52
6475,user9,fear,0.71,2025-09-13 03:04:27
6894,user37,sad,0.74,2025-09-13 03:04:48
5359,user16,surprised,0.88,2025-09-13 03:05:23
5613,user12,surprised,0.81,2025-09-13 03:05:28
6682,user9,fear,0.77,2025-09-13 03:05:43
6360,user45,fear,0.61,2025-09-13 03:06:34
7373,user44,angry,0.86,2025-09-13 03:06:42
6185,user49,happy,0.92,2025-09-13 03:06:57
5172,user14,fear,0.65,2025-09-13 03:07:29
7362,user49,surprised,0.82,2025-09-13 03:08:06
6975,user11,fear,0.68,2025-09-13 03:08:39
5690,user16,angry,0.8,2025-09-13 03:08:57
6233,user42,angry,0.84,2025-09-13 03:09:49
5357,user14,sad,0.81,2025-09-13 03:11:52
5789,user20,angry,0.88,2025-09-13 03:12:01
5969,user38,angry,0.8,2025-09-13 03:12:05
7378,user13,angry,0.88,2025-09-13 03:12:50
6758,user4,happy,0.94,2025-09-13 03:13:04
5708,user43,happy,0.85,2025-09-13 03:13:17
6194,user37,happy,0.86,2025-09-13 03:13:20
6398,user47,happy,0.88,2025-09-13 03:13:27
7513,user43,sad,0.77,2025-09-13 03:13:52
7002,user4,surprised,0.93,2025-09-13 03:14:32
7346,user38,surprised,0.84,2025-09-13 03:15:36
7423,user37,happy,0.9,2025-09-13 03:16:46
7394,user2,happy,0.92,2025-09-13 03:16:57
7424,user9,sad,0.83,2025-09-13 03:17:42
6532,user21,happy,0.89,2025-09-13 03:18:04
6504,user3,angry,0.77,2025-09-13 03:18:25
7509,user1,happy,0.97,2025-09-13 03:21:03
5496,user25,surprised,0.93,2025-09-13 03:22:52
6239,user33,angry,0.8,2025-09-13 03:23:02
6235,user18,surprised,0.91,2025-09-13 03:23:11
7473,user5,sad,0.86,2025-09-13 03:24:16
6707,user40,happy,0.94,2025-09-13 03:24:50
7430,user25,surprised,0.88,2025-09-13 03:25:45
5416,user21,happy,0.86,2025-09-13 03:27:18
5290,user23,sad,0.71,2025-09-13 03:27:55
7174,user45,fear,0.69,2025-09-13 03:28:43
6157,user27,angry,0.83,2025-09-13 03:28:47
6583,user50,happy,0.95,2025-09-13 03:28:53
5912,user41,happy,0.89,2025-09-13 03:29:06
6084,user50,angry,0.9,2025-09-13 03:29:09
7502,user16,happy,0.93,2025-09-13 03:29:27
6004,user9,sad,0.73,2025-09-13 03:30:18
6181,user22,happy,0.95,2025-09-13 03:31:57
7506,user21,sad,0.87,2025-09-13 03:32:12
5695,user30,sad,0.85,2025-09-13 03:32:53
5563,user25,happy,0.91,2025-09-13 03:32:53
7009,user25,happy,0.91,2025-09-13 03:33:04
6679,user13,sad,0.86,2025-09-13 03:33:05
6039,user48,sad,0.83,2025-09-13 03:33:33
6202,user34,sad,0.85,2025-09-13 03:34:05
7381,user26,surprised,0.82,2025-09-13 03:35:28
6072,user7,angry,0.86,2025-09-13 03:36:16
5717,user13,happy,0.94,2025-09-13 03:36:37
5159,user15,happy,0.9,2025-09-13 03:37:54
6553,user39,happy,0.96,2025-09-13 03:38:19
5645,user28,sad,0.72,2025-09-13 03:39:53
6825,user37,happy,0.87,2025-09-13 03:40:20
6837,user36,fear,0.77,2025-09-13 03:41:13
6277,user6,fear,0.72,2025-09-13 03:41:21
6151,user2,sad,0.84,2025-09-13 03:43:37
5297,user31,fear,0.63,2025-09-13 03:44:14
5774,user15,happy,0.94,2025-09-13 03:44:43
6386,user27,happy,0.97,2025-09-13 03:45:49
7093,user20,happy,0.87,2025-09-13 03:46:54
6236,user25,fear,0.69,2025-09-13 03:47:41
7374,user4,sad,0.7,2025-09-13 03:48:25
5273,user43,happy,0.9,2025-09-13 03:50:17
6290,user35,angry,0.79,2025-09-13 03:50:33
6146,user41,fear,0.73,2025-09-13 03:52:11
5173,user48,sad,0.86,2025-09-13 03:52:13
7441,user9,fear,0.6,2025-09-13 03:52:33
7170,user44,sad,0.75,2025-09-13 03:54:47
7164,user13,happy,0.92,2025-09-13 03:54:51
6424,user24,happy,0.92,2025-09-13 03:55:03
5489,user16,sad,0.79,2025-09-13 03:55:06
6734,user16,happy,0.94,2025-09-13 03:59:05
6876,user6,happy,0.95,2025-09-13 03:59:07
5326,user34,fear,0.61,2025-09-13 03:59:19
6632,user41,happy,0.92,2025-09-13 04:00:25
5464,user22,angry,0.89,2025-09-13 04:00:55
7243,user19,happy,0.95,2025-09-13 04:02:23
6566,user1,happy,0.89,2025-09-13 04:03:31
7380,user9,happy,0.86,2025-09-13 04:04:09
7467,user5,surprised,0.85,2025-09-13 04:04:55
6421,user37,angry,0.83,2025-09-13 04:05:18
6303,user15,sad,0.88,2025-09-13 04:05:42
6307,user3,happy,0.86,2025-09-13 04:05:54
5658,user22,surprised,0.89,2025-09-13 04:06:12
6258,user37,angry,0.77,2025-09-13 04:06:20
5748,user29,happy,0.93,2025-09-13 04:06:39
6938,user24,angry,0.89,2025-09-13 04:06:40
6834,user1,fear,0.67,2025-09-13 04:07:31
7347,user4,angry,0.84,2025-09-13 04:08:20
5945,user17,sad,0.83,2025-09-13 04:08:48
5475,user42,happy,0.88,2025-09-13 04:09:42
7191,user8,angry,0.77,2025-09-13 04:10:09
6976,user27,happy,0.86,2025-09-13 04:10:25
5821,user6,sad,0.85,2025-09-13 04:12:14
5320,user12,sad,0.85,2025-09-13 04:12:40
5510,user12,surprised,0.9,2025-09-13 04:13:02
7478,user33,angry,0.89,2025-09-13 04:13:10
7493,user24,angry,0.86,2025-09-13 04:14:29
6857,user15,happy,0.95,2025-09-13 04:14:40
6449,user40,happy,0.87,2025-09-13 04:14:44
5377,user48,happy,0.88,2025-09-13 04:15:44
6604,user48,surprised,0.84,2025-09-13 04:16:52
7169,user5,surprised,0.84,2025-09-13 04:16:56
5501,user31,sad,0.74,2025-09-13 04:17:25
6090,user21,happy,0.97,2025-09-13 04:17:40
6477,user28,surprised,0.94,2025-09-13 04:17:41
6635,user40,happy,0.93,2025-09-13 04:17:58
5995,user7,angry,0.82,2025-09-13 04:18:31
5618,user37,sad,0.87,2025-09-13 04:18:45
5807,user27,happy,0.92,2025-09-13 04:19:08
5930,user39,angry,0.8,2025-09-13 04:19:13
6364,user9,surprised,0.88,2025-09-13 04:19:52
5908,user30,happy,0.87,2025-09-13 04:20:10
5470,user17,happy,0.89,2025-09-13 04:20:53
5227,user15,happy,0.86,2025-09-13 04:20:58
5257,user4,happy,0.86,2025-09-13 04:22:35
6661,user25,happy,0.87,2025-09-13 04:23:14
7287,user38,angry,0.82,2025-09-13 04:23:45
6031,user29,angry,0.88,2025-09-13 04:26:50
6727,user47,angry,0.88,2025-09-13 04:27:09
6182,user12,sad,0.79,2025-09-13 04:27:22
5778,user26,happy,0.89,2025-09-13 04:27:47
5863,user20,angry,0.75,2025-09-13 04:27:52
7112,user43,happy,0.85,2025-09-13 04:28:06
5927,user31,sad,0.82,2025-09-13 04:28:50
7076,user45,fear,0.64,2025-09-13 04:30:45
5596,user3,happy,0.93,2025-09-13 04:30:54
5957,user35,surprised,0.86,2025-09-13 04:31:22
6448,user25,happy,0.89,2025-09-13 04:33:50
5816,user5,happy,0.96,2025-09-13 04:33:51
5680,user14,happy,0.9,2025-09-13 04:35:24
6312,user10,happy,0.93,2025-09-13 04:37:07
5953,user7,surprised,0.84,2025-09-13 04:37:10
6627,user24,sad,0.84,2025-09-13 04:37:20
7508,user17,happy,0.87,2025-09-13 04:37:40
5387,user5,happy,0.92,2025-09-13 04:38:17
5389,user39,surprised,0.91,2025-09-13 04:38:38
5626,user46,sad,0.82,2025-09-13 04:38:40
6043,user28,happy,0.96,2025-09-13 04:39:26
6085,user39,sad,0.82,2025-09-13 04:39:50
7138,user28,fear,0.72,2025-09-13 04:40:34
5943,user20,sad,0.85,2025-09-13 04:40:37
6343,user6,fear,0.71,2025-09-13 04:41:20
6563,user17,sad,0.73,2025-09-13 04:41:48
6455,user31,angry,0.88,2025-09-13 04:41:59
7389,user35,surprised,0.85,2025-09-13 04:42:08
6234,user13,happy,0.95,2025-09-13 04:43:03
5199,user36,happy,0.96,2025-09-13 04:43:09
7421,user23,fear,0.61,2025-09-13 04:43:19
6313,user18,happy,0.96,2025-09-13 04:43:22
6050,user8,happy,0.92,2025-09-13 04:43:56
6154,user33,happy,0.97,2025-09-13 04:44:12
6957,user9,surprised,0.83,2025-09-13 04:44:25
7209,user19,sad,0.86,2025-09-13 04:45:05
7433,user16,happy,0.92,2025-09-13 04:46:16
7453,user18,angry,0.82,2025-09-13 04:46:19
7490,user11,happy,0.98,2025-09-13 04:46:23
6599,user19,fear,0.76,2025-09-13 04:46:54
7159,user19,surprised,0.87,2025-09-13 04:47:31
7443,user9,happy,0.96,2025-09-13 04:48:08
7434,user31,angry,0.82,2025-09-13 04:48:32
6132,user6,angry,0.9,2025-09-13 04:50:39
7065,user12,surprised,0.84,2025-09-13 04:51:33
7281,user40,sad,0.77,2025-09-13 04:53:36
5253,user8,sad,0.87,2025-09-13 04:53:52
5958,user17,fear,0.71,2025-09-13 04:54:19
7280,user30,angry,0.79,2025-09-13 04:55:07
6136,user44,sad,0.84,2025-09-13 04:55:24
5569,user42,fear,0.62,2025-09-13 04:55:29
5829,user8,sad,0.8,2025-09-13 04:56:17
6651,user41,happy,0.89,2025-09-13 04:56:33
5805,user14,surprised,0.93,2025-09-13 04:57:04
6060,user39,happy,0.94,2025-09-13 04:57:37
5463,user35,happy,0.9,2025-09-13 04:58:00
6607,user50,happy,0.86,2025-09-13 04:58:07
7314,user24,happy,0.89,2025-09-13 04:58:33
5669,user5,angry,0.8,2025-09-13 04:58:54
6083,user26,happy,0.94,2025-09-13 04:59:05
6828,user34,happy,0.97,2025-09-13 04:59:09
7327,user43,fear,0.68,2025-09-13 05:01:19
5776,user1,happy,0.92,2025-09-13 05:02:31
5532,user19,happy,0.95,2025-09-13 05:02:56
6295,user8,happy,0.87,2025-09-13 05:03:00
7006,user36,sad,0.8,2025-09-13 05:04:05
5188,user42,surprised,0.8,2025-09-13 05:04:28
6423,user7,angry,0.82,2025-09-13 05:06:59
6163,user40,surprised,0.81,2025-09-13 05:07:16
5163,user42,angry,0.78,2025-09-13 05:07:22
6259,user23,angry,0.82,2025-09-13 05:07:58
5215,user25,angry,0.88,2025-09-13 05:09:04
6967,user1,fear,0.66,2025-09-13 05:09:56
7034,user35,angry,0.79,2025-09-13 05:10:07
5580,user45,angry,0.87,2025-09-13 05:10:41
7096,user14,happy,0.9,2025-09-13 05:11:18
6435,user1,sad,0.83,2025-09-13 05:11:26
6720,user4,happy,0.91,2025-09-13 05:11:41
5380,user32,happy,0.95,2025-09-13 05:12:00
5858,user39,angry,0.78,2025-09-13 05:13:01
5857,user25,sad,0.81,2025-09-13 05:14:47
5342,user30,happy,0.96,2025-09-13 05:15:31
6962,user4,angry,0.85,2025-09-13 05:16:30
6742,user45,sad,0.74,2025-09-13 05:16:44
6272,user1,happy,0.95,2025-09-13 05:17:19
7222,user41,happy,0.95,2025-09-13 05:17:20
7359,user46,angry,0.83,2025-09-13 05:17:27
6385,user13,happy,0.89,2025-09-13 05:18:21
6246,user48,happy,0.94,2025-09-13 05:19:51
5430,user2,happy,0.91,2025-09-13 05:21:21
5344,user25,angry,0.81,2025-09-13 05:22:58
6578,user3,surprised,0.87,2025-09-13 05:23:43
7231,user45,angry,0.87,2025-09-13 05:24:25
6330,user21,angry,0.79,2025-09-13 05:24:27
6745,user41,angry,0.82,2025-09-13 05:25:06
6685,user50,happy,0.88,2025-09-13 05:25:58
7055,user27,fear,0.75,2025-09-13 05:26:29
5239,user42,happy,0.95,2025-09-13 05:26:49
6689,user10,sad,0.76,2025-09-13 05:27:03
6794,user5,happy,0.91,2025-09-13 05:27:06
6156,user50,angry,0.79,2025-09-13 05:27:18
7059,user48,happy,0.88,2025-09-13 05:27:20
6032,user50,angry,0.81,2025-09-13 05:27:28
6615,user46,sad,0.74,2025-09-13 05:27:58
6875,user26,angry,0.85,2025-09-13 05:28:08
6706,user34,happy,0.89,2025-09-13 05:28:52
6396,user20,fear,0.63,2025-09-13 05:29:20
5486,user23,angry,0.75,2025-09-13 05:29:35
6936,user23,happy,0.89,2025-09-13 05:29:45
6579,user13,fear,0.64,2025-09-13 05:29:55
6365,user34,angry,0.77,2025-09-13 05:29:57
7249,user27,happy,0.86,2025-09-13 05:31:08
7175,user31,sad,0.82,2025-09-13 05:31:29
5799,user50,angry,0.86,2025-09-13 05:32:41
5251,user32,fear,0.78,2025-09-13 05:32:56
6977,user18,sad,0.81,2025-09-13 05:33:21
5425,user23,angry,0.83,2025-09-13 05:34:14
5477,user4,happy,0.86,2025-09-13 05:34:25
5611,user37,angry,0.76,2025-09-13 05:36:45
5880,user5,happy,0.88,2025-09-13 05:37:21
7167,user36,surprised,0.93,2025-09-13 05:37:46
6873,user24,fear,0.72,2025-09-13 05:38:10
6310,user43,happy,0.91,2025-09-13 05:38:19
6549,user36,fear,0.75,2025-09-13 05:38:24
5753,user5,angry,0.84,2025-09-13 05:38:30
6495,user6,sad,0.77,2025-09-13 05:39:17
7480,user49,happy,0.86,2025-09-13 05:39:36
5721,user18,happy,0.86,2025-09-13 05:40:02
5450,user20,angry,0.89,2025-09-13 05:41:19
5272,user26,sad,0.83,2025-09-13 05:41:25
6527,user7,fear,0.69,2025-09-13 05:41:58
6739,user16,happy,0.98,2025-09-13 05:42:01
5348,user44,happy,0.94,2025-09-13 05:43:19
5771,user3,happy,0.97,2025-09-13 05:43:34
6291,user23,happy,0.95,2025-09-13 05:43:40
6297,user30,happy,0.94,2025-09-13 05:44:36
6339,user8,happy,0.94,2025-09-13 05:44:46
7465,user22,happy,0.87,2025-09-13 05:44:47
5456,user33,angry,0.89,2025-09-13 05:44:56
7285,user30,angry,0.77,2025-09-13 05:45:23
5744,user15,angry,0.88,2025-09-13 05:45:43
6937,user28,angry,0.82,2025-09-13 05:45:46
6195,user15,angry,0.79,2025-09-13 05:45:54
6816,user33,happy,0.94,2025-09-13 05:46:50
5275,user10,happy,0.92,2025-09-13 05:47:04
5707,user34,happy,0.96,2025-09-13 05:47:13
6167,user38,angry,0.81,2025-09-13 05:47:37
6996,user27,happy,0.96,2025-09-13 05:48:12
6800,user9,angry,0.83,2025-09-13 05:49:00
6080,user36,sad,0.75,2025-09-13 05:50:23
7126,user1,sad,0.84,2025-09-13 05:50:30
7290,user44,fear,0.63,2025-09-13 05:50:39
5883,user32,sad,0.82,2025-09-13 05:52:53
6317,user47,angry,0.9,2025-09-13 05:53:24
6264,user6,happy,0.87,2025-09-13 05:54:10
5246,user41,angry,0.78,2025-09-13 05:54:10
7354,user8,happy,0.9,2025-09-13 05:57:02
5836,user1,happy,0.87,2025-09-13 05:58:50
7464,user32,surprised,0.89,2025-09-13 05:58:55
7225,user9,surprised,0.85,2025-09-13 05:59:26
7496,user6,happy,0.89,2025-09-13 06:01:35
6662,user37,happy,0.94,2025-09-13 06:01:43
5285,user48,angry,0.76,2025-09-13 06:01:57
5312,user13,happy,0.88,2025-09-13 06:02:33
6215,user20,sad,0.85,2025-09-13 06:05:34
6241,user38,fear,0.61,2025-09-13 06:05:50
5331,user46,happy,0.86,2025-09-13 06:06:47
6391,user1,happy,0.98,2025-09-13 06:07:09
6998,user22,surprised,0.81,2025-09-13 06:07:58
6403,user50,happy,0.89,2025-09-13 06:09:28
6514,user13,angry,0.79,2025-09-13 06:10:00
5746,user47,happy,0.95,2025-09-13 06:10:22
5557,user40,surprised,0.93,2025-09-13 06:10:47
7370,user12,sad,0.74,2025-09-13 06:10:58
7356,user36,happy,0.89,2025-09-13 06:11:15
6097,user46,angry,0.84,2025-09-13 06:14:00
5916,user7,happy,0.91,2025-09-13 06:14:44
6994,user31,sad,0.79,2025-09-13 06:15:22
6610,user31,sad,0.8,2025-09-13 06:15:36
5600,user4,angry,0.86,2025-09-13 06:16:07
5276,user6,fear,0.79,2025-09-13 06:16:31
5761,user2,happy,0.9,2025-09-13 06:17:03
5961,user36,happy,0.94,2025-09-13 06:17:18
7328,user27,sad,0.75,2025-09-13 06:17:23
6428,user43,angry,0.88,2025-09-13 06:17:25
7070,user32,surprised,0.82,2025-09-13 06:17:28
6078,user13,fear,0.64,2025-09-13 06:18:20
6380,user19,fear,0.73,2025-09-13 06:18:24
6309,user6,angry,0.89,2025-09-13 06:18:43
5882,user8,angry,0.77,2025-09-13 06:19:02
7210,user37,sad,0.83,2025-09-13 06:21:56
6922,user6,sad,0.74,2025-09-13 06:23:21
6878,user15,happy,0.87,2025-09-13 06:23:29
6939,user29,fear,0.79,2025-09-13 06:23:31
5535,user17,fear,0.73,2025-09-13 06:24:08
6168,user50,happy,0.86,2025-09-13 06:24:26
6986,user33,fear,0.78,2025-09-13 06:24:26
6199,user25,happy,0.91,2025-09-13 06:25:23
5671,user7,angry,0.89,2025-09-13 06:25:43
6012,user7,sad,0.73,2025-09-13 06:25:51
5491,user34,angry,0.81,2025-09-13 06:26:19
5261,user16,surprised,0.83,2025-09-13 06:26:39
5925,user4,fear,0.74,2025-09-13 06:27:58
6188,user44,sad,0.84,2025-09-13 06:28:11
5851,user8,sad,0.84,2025-09-13 06:29:11
6336,user41,angry,0.84,2025-09-13 06:29:14
6023,user32,happy,0.9,2025-09-13 06:29:44
5384,user8,angry,0.76,2025-09-13 06:30:05
7013,user36,happy,0.88,2025-09-13 06:31:44
6489,user27,angry,0.78,2025-09-13 06:31:54
6286,user38,happy,0.97,2025-09-13 06:32:01
7442,user13,happy,0.86,2025-09-13 06:32:17
6835,user16,angry,0.85,2025-09-13 06:33:12
5453,user3,angry,0.87,2025-09-13 06:33:14
5860,user34,happy,0.89,2025-09-13 06:33:39
5676,user46,happy,0.94,2025-09-13 06:34:17
6910,user37,happy,0.86,2025-09-13 06:34:38
5599,user30,happy,0.98,2025-09-13 06:35:04
7047,user13,angry,0.77,2025-09-13 06:35:17
6754,user33,happy,0.97,2025-09-13 06:35:26
6257,user22,angry,0.82,2025-09-13 06:35:50
7197,user28,happy,0.88,2025-09-13 06:35:58
5350,user20,sad,0.82,2025-09-13 06:36:12
6781,user47,fear,0.74,2025-09-13 06:36:44
7365,user33,happy,0.97,2025-09-13 06:37:01
7258,user5,fear,0.76,2025-09-13 06:40:33
6022,user43,surprised,0.83,2025-09-13 06:42:13
6445,user27,happy,0.97,2025-09-13 06:43:30
6275,user1,happy,0.97,2025-09-13 06:43:41
6812,user13,surprised,0.91,2025-09-13 06:45:37
5800,user16,happy,0.88,2025-09-13 06:45:50
5219,user29,angry,0.75,2025-09-13 06:47:05
6363,user6,fear,0.67,2025-09-13 06:47:07
5662,user25,happy,0.98,2025-09-13 06:47:24
7189,user6,surprised,0.85,2025-09-13 06:47:49
6867,user48,angry,0.78,2025-09-13 06:48:39
7454,user15,angry,0.81,2025-09-13 06:49:15
5556,user21,sad,0.87,2025-09-13 06:49:27
7029,user25,sad,0.83,2025-09-13 06:49:33
5338,user28,happy,0.9,2025-09-13 06:50:03
7297,user17,sad,0.8,2025-09-13 06:51:08
7271,user5,happy,0.88,2025-09-13 06:51:12
6590,user3,sad,0.82,2025-09-13 06:51:36
5739,user3,sad,0.79,2025-09-13 06:51:59
7292,user23,happy,0.96,2025-09-13 06:52:07
5233,user25,angry,0.85,2025-09-13 06:52:23
5790,user50,fear,0.74,2025-09-13 06:52:24
6892,user43,happy,0.87,2025-09-13 06:52:37
6577,user7,fear,0.67,2025-09-13 06:52:52
6429,user29,happy,0.85,2025-09-13 06:53:02
5185,user35,fear,0.68,2025-09-13 06:55:08
5835,user21,angry,0.87,2025-09-13 06:55:26
5581,user46,angry,0.89,2025-09-13 06:55:50
7417,user38,angry,0.85,2025-09-13 06:56:18
7028,user23,happy,0.88,2025-09-13 06:56:40
7232,user18,angry,0.82,2025-09-13 06:57:58
5936,user39,angry,0.85,2025-09-13 06:59:15
7298,user42,happy,0.87,2025-09-13 06:59:54
5192,user16,fear,0.8,2025-09-13 07:00:46
6845,user29,surprised,0.81,2025-09-13 07:00:49
6601,user8,happy,0.95,2025-09-13 07:00:56
5854,user25,happy,0.96,2025-09-13 07:01:09
5697,user43,angry,0.86,2025-09-13 07:01:13
7345,user13,sad,0.84,2025-09-13 07:01:45
6115,user3,surprised,0.93,2025-09-13 07:02:55
6855,user39,angry,0.88,2025-09-13 07:04:09
7176,user6,happy,0.87,2025-09-13 07:04:57
7344,user23,angry,0.86,2025-09-13 07:05:06
6801,user11,happy,0.93,2025-09-13 07:05:06
5584,user11,sad,0.77,2025-09-13 07:05:53
6367,user5,happy,0.94,2025-09-13 07:06:01
7248,user15,happy,0.97,2025-09-13 07:06:27
6178,user24,fear,0.67,2025-09-13 07:08:08
6600,user20,fear,0.71,2025-09-13 07:08:11
7294,user50,happy,0.92,2025-09-13 07:08:14
7092,user38,happy,0.85,2025-09-13 07:08:39
6671,user46,surprised,0.91,2025-09-13 07:08:54
6797,user5,angry,0.83,2025-09-13 07:09:01
6122,user1,happy,0.87,2025-09-13 07:09:02
6354,user37,angry,0.88,2025-09-13 07:09:25
5353,user39,angry,0.83,2025-09-13 07:09:30
5932,user43,happy,0.85,2025-09-13 07:12:06
6441,user24,sad,0.75,2025-09-13 07:12:55
7322,user17,happy,0.89,2025-09-13 07:13:14
6582,user4,happy,0.93,2025-09-13 07:13:55
7121,user30,fear,0.71,2025-09-13 07:14:13
5728,user11,sad,0.78,2025-09-13 07:14:50
6028,user16,happy,0.96,2025-09-13 07:14:57
5718,user4,sad,0.73,2025-09-13 07:15:06
6625,user8,happy,0.9,2025-09-13 07:17:00
5929,user10,surprised,0.86,2025-09-13 07:18:09
7452,user12,angry,0.84,2025-09-13 07:19:58
6665,user13,happy,0.89,2025-09-13 07:20:19
7115,user42,surprised,0.92,2025-09-13 07:20:19
6267,user18,angry,0.87,2025-09-13 07:20:21
6029,user22,happy,0.88,2025-09-13 07:21:08
5186,user15,sad,0.82,2025-09-13 07:23:07
6152,user11,angry,0.83,2025-09-13 07:23:29
7435,user46,happy,0.88,2025-09-13 07:23:45
5981,user1,angry,0.88,2025-09-13 07:23:56
6870,user7,sad,0.86,2025-09-13 07:25:00
5972,user27,fear,0.64,2025-09-13 07:26:25
5385,user12,happy,0.93,2025-09-13 07:26:31
6190,user50,angry,0.84,2025-09-13 07:27:33
6205,user11,angry,0.87,2025-09-13 07:27:36
6954,user20,happy,0.97,2025-09-13 07:28:38
7017,user22,angry,0.76,2025-09-13 07:28:41
7399,user49,happy,0.87,2025-09-13 07:29:35
6644,user4,surprised,0.87,2025-09-13 07:30:33
6700,user10,happy,0.91,2025-09-13 07:30:44
5194,user3,happy,0.94,2025-09-13 07:30:45
7360,user40,sad,0.76,2025-09-13 07:31:15
7229,user26,angry,0.89,2025-09-13 07:32:40
7499,user5,happy,0.95,2025-09-13 07:33:55
7142,user11,angry,0.78,2025-09-13 07:34:00
6110,user19,happy,0.9,2025-09-13 07:34:18
6743,user39,fear,0.64,2025-09-13 07:34:44
6711,user20,surprised,0.81,2025-09-13 07:36:05
5413,user3,surprised,0.81,2025-09-13 07:36:26
5302,user5,angry,0.82,2025-09-13 07:38:10
5158,user7,happy,0.94,2025-09-13 07:39:17
6373,user28,happy,0.9,2025-09-13 07:39:57
7195,user42,happy,0.9,2025-09-13 07:40:27
6981,user23,fear,0.61,2025-09-13 07:41:09
5232,user42,happy,0.86,2025-09-13 07:42:17
5760,user6,fear,0.63,2025-09-13 07:43:01
5706,user12,angry,0.84,2025-09-13 07:43:48
6192,user5,sad,0.7,2025-09-13 07:44:57
6279,user9,fear,0.66,2025-09-13 07:45:35
6735,user5,fear,0.68,2025-09-13 07:46:01
6612,user7,angry,0.82,2025-09-13 07:46:07
6404,user39,angry,0.86,2025-09-13 07:46:12
6285,user6,happy,0.87,2025-09-13 07:47:03
7263,user11,sad,0.84,2025-09-13 07:48:23
6756,user30,happy,0.94,2025-09-13 07:50:44
5498,user19,happy,0.92,2025-09-13 07:50:47
7216,user9,sad,0.8,2025-09-13 07:51:40
7412,user50,sad,0.79,2025-09-13 07:51:44
6603,user41,fear,0.8,2025-09-13 07:51:54
7317,user4,happy,0.89,2025-09-13 07:51:57
5917,user47,happy,0.87,2025-09-13 07:53:38
6383,user27,happy,0.92,2025-09-13 07:53:44
6648,user16,happy,0.88,2025-09-13 07:54:10
5208,user31,happy,0.92,2025-09-13 07:55:23
7108,user21,happy,0.89,2025-09-13 07:55:30
7312,user30,happy,0.88,2025-09-13 07:56:22
5846,user43,angry,0.79,2025-09-13 07:58:31
5301,user1,sad,0.74,2025-09-13 07:58:34
5907,user35,angry,0.88,2025-09-13 07:58:46
6183,user27,happy,0.93,2025-09-13 07:59:15
6898,user48,sad,0.79,2025-09-13 08:00:12
6702,user40,happy,0.91,2025-09-13 08:00:34
6519,user40,angry,0.77,2025-09-13 08:00:59
7492,user29,fear,0.73,2025-09-13 08:01:22
7431,user19,angry,0.81,2025-09-13 08:01:25
7302,user12,happy,0.92,2025-09-13 08:01:32
6941,user1,happy,0.91,2025-09-13 08:02:12
6907,user14,angry,0.77,2025-09-13 08:04:27
6629,user24,angry,0.83,2025-09-13 08:07:46
6676,user46,happy,0.88,2025-09-13 08:08:15
6636,user21,surprised,0.81,2025-09-13 08:09:22
6266,user50,happy,0.87,2025-09-13 08:09:32
5779,user32,happy,0.97,2025-09-13 08:09:35
7019,user1,angry,0.84,2025-09-13 08:09:57
7134,user18,happy,0.98,2025-09-13 08:10:13
7223,user15,angry,0.79,2025-09-13 08:10:15
7392,user13,angry,0.77,2025-09-13 08:11:06
5838,user42,happy,0.89,2025-09-13 08:11:21
7461,user31,happy,0.95,2025-09-13 08:13:00
5968,user11,fear,0.7,2025-09-13 08:13:04
7010,user29,surprised,0.89,2025-09-13 08:13:41
6150,user29,fear,0.61,2025-09-13 08:14:05
5431,user22,sad,0.78,2025-09-13 08:15:02
5469,user27,happy,0.9,2025-09-13 08:15:20
5617,user8,happy,0.98,2025-09-13 08:16:36
5414,user19,angry,0.89,2025-09-13 08:17:12
7295,user24,fear,0.77,2025-09-13 08:18:28
7408,user17,fear,0.66,2025-09-13 08:19:31
6940,user50,sad,0.84,2025-09-13 08:20:10
5189,user47,happy,0.93,2025-09-13 08:20:50
7106,user2,angry,0.85,2025-09-13 08:21:40
5198,user26,sad,0.82,2025-09-13 08:22:22
6392,user8,sad,0.73,2025-09-13 08:22:45
6768,user40,angry,0.89,2025-09-13 08:22:55
6905,user26,angry,0.77,2025-09-13 08:23:08
6807,user48,angry,0.8,2025-09-13 08:24:45
6358,user15,happy,0.89,2025-09-13 08:25:12
6708,user21,sad,0.86,2025-09-13 08:25:38
7027,user27,surprised,0.81,2025-09-13 08:25:43
5963,user37,angry,0.78,2025-09-13 08:26:13
6616,user29,happy,0.93,2025-09-13 08:26:40
5855,user27,fear,0.76,2025-09-13 08:27:03
6328,user21,surprised,0.87,2025-09-13 08:27:03
5693,user33,happy,0.98,2025-09-13 08:27:11
5984,user45,happy,0.93,2025-09-13 08:27:35
7237,user43,angry,0.89,2025-09-13 08:27:50
7469,user5,angry,0.82,2025-09-13 08:28:28
6664,user34,angry,0.87,2025-09-13 08:28:31
5170,user16,sad,0.77,2025-09-13 08:28:44
5193,user31,angry,0.85,2025-09-13 08:29:32
5244,user2,sad,0.86,2025-09-13 08:31:07
6467,user27,happy,0.85,2025-09-13 08:32:39
7064,user42,happy,0.92,2025-09-13 08:32:41
6035,user9,happy,0.98,2025-09-13 08:33:03
6245,user4,sad,0.7,2025-09-13 08:33:05
5309,user32,angry,0.78,2025-09-13 08:33:21
5731,user11,happy,0.94,2025-09-13 08:33:49
5754,user28,fear,0.71,2025-09-13 08:35:35
5555,user49,fear,0.62,2025-09-13 08:37:18
6256,user2,happy,0.87,2025-09-13 08:37:51
7390,user22,happy,0.95,2025-09-13 08:38:30
6630,user19,happy,0.96,2025-09-13 08:39:53
7033,user25,fear,0.76,2025-09-13 08:40:30
6552,user37,sad,0.83,2025-09-13 08:40:49
7279,user37,angry,0.81,2025-09-13 08:42:26
7114,user13,happy,0.92,2025-09-13 08:42:36
5399,user29,surprised,0.89,2025-09-13 08:43:50
7160,user7,angry,0.8,2025-09-13 08:44:13
5415,user24,happy,0.89,2025-09-13 08:44:35
6458,user50,happy,0.86,2025-09-13 08:45:09
6305,user29,happy,0.96,2025-09-13 08:45:25
5180,user15,angry,0.78,2025-09-13 08:45:40
6125,user6,happy,0.92,2025-09-13 08:45:40
6356,user23,angry,0.84,2025-09-13 08:45:52
7241,user12,happy,0.91,2025-09-13 08:46:36
7088,user1,angry,0.78,2025-09-13 08:46:48
6051,user50,happy,0.96,2025-09-13 08:47:12
5853,user26,happy,0.93,2025-09-13 08:48:02
5998,user31,angry,0.79,2025-09-13 08:48:04
6697,user36,happy,0.92,2025-09-13 08:48:37
7084,user25,sad,0.7,2025-09-13 08:49:56
6506,user35,angry,0.84,2025-09-13 08:50:51
5884,user5,surprised,0.92,2025-09-13 08:51:14
7299,user41,surprised,0.87,2025-09-13 08:53:15
6144,user17,happy,0.96,2025-09-13 08:55:58
6767,user40,surprised,0.89,2025-09-13 08:56:30
5777,user2,angry,0.88,2025-09-13 08:56:39
5922,user29,angry,0.82,2025-09-13 08:57:34
5723,user29,happy,0.97,2025-09-13 09:00:22
6757,user43,angry,0.84,2025-09-13 09:00:35
5716,user45,sad,0.75,2025-09-13 09:01:04
5333,user17,angry,0.84,2025-09-13 09:01:08
7497,user34,fear,0.71,2025-09-13 09:01:23
6848,user47,happy,0.88,2025-09-13 09:02:20
6713,user4,fear,0.77,2025-09-13 09:02:33
5952,user34,happy,0.97,2025-09-13 09:03:18
7025,user28,fear,0.69,2025-09-13 09:03:57
7260,user35,sad,0.73,2025-09-13 09:04:28
5683,user41,sad,0.8,2025-09-13 09:05:20
7054,user4,angry,0.88,2025-09-13 09:05:43
7032,user31,happy,0.87,2025-09-13 09:06:18
5541,user24,surprised,0.84,2025-09-13 09:06:34
7041,user8,surprised,0.93,2025-09-13 09:07:55
7308,user27,happy,0.93,2025-09-13 09:08:31
6979,user31,angry,0.83,2025-09-13 09:08:59
5751,user13,happy,0.97,2025-09-13 09:09:31
5701,user9,happy,0.86,2025-09-13 09:09:45
5979,user28,happy,0.94,2025-09-13 09:11:12
5294,user14,happy,0.86,2025-09-13 09:11:19
5785,user21,fear,0.68,2025-09-13 09:11:31
6077,user31,angry,0.77,2025-09-13 09:12:40
6413,user26,happy,0.95,2025-09-13 09:13:26
6409,user46,happy,0.94,2025-09-13 09:13:38
6208,user20,happy,0.89,2025-09-13 09:14:03
5247,user48,happy,0.87,2025-09-13 09:14:38
5593,user17,surprised,0.87,2025-09-13 09:14:38
7253,user13,angry,0.79,2025-09-13 09:14:48
5687,user37,happy,0.9,2025-09-13 09:15:03
7140,user18,sad,0.7,2025-09-13 09:15:17
5844,user10,fear,0.63,2025-09-13 09:15:35
7511,user12,surprised,0.88,2025-09-13 09:16:28
7355,user19,happy,0.85,2025-09-13 09:17:06
6282,user32,happy,0.85,2025-09-13 09:17:56
6643,user3,surprised,0.93,2025-09-13 09:18:07
5466,user9,angry,0.81,2025-09-13 09:18:19
6318,user44,happy,0.86,2025-09-13 09:19:04
6087,user43,surprised,0.8,2025-09-13 09:19:24
5867,user49,angry,0.8,2025-09-13 09:19:49
6516,user30,happy,0.98,2025-09-13 09:22:33
5988,user22,angry,0.82,2025-09-13 09:23:18
5634,user18,angry,0.82,2025-09-13 09:23:50
5667,user25,happy,0.88,2025-09-13 09:24:02
7247,user47,sad,0.8,2025-09-13 09:24:56
5850,user19,happy,0.91,2025-09-13 09:25:02
6949,user20,angry,0.83,2025-09-13 09:26:00
5442,user16,happy,0.9,2025-09-13 09:26:33
7377,user14,happy,0.91,2025-09-13 09:27:24
5742,user26,sad,0.86,2025-09-13 09:27:43
5364,user43,angry,0.86,2025-09-13 09:28:36
7073,user43,happy,0.87,2025-09-13 09:29:22
6345,user31,happy,0.93,2025-09-13 09:29:28
7179,user47,happy,0.9,2025-09-13 09:30:10
7324,user38,happy,0.91,2025-09-13 09:30:58
5313,user36,sad,0.71,2025-09-13 09:34:22
6952,user10,angry,0.78,2025-09-13 09:35:32
5923,user8,happy,0.94,2025-09-13 09:36:51
6985,user47,sad,0.73,2025-09-13 09:40:13
7320,user27,angry,0.85,2025-09-13 09:41:04
7100,user21,sad,0.79,2025-09-13 09:44:35
6176,user7,happy,0.89,2025-09-13 09:45:13
5735,user42,angry,0.89,2025-09-13 09:45:22
5373,user32,happy,0.89,2025-09-13 09:46:29
6024,user31,surprised,0.85,2025-09-13 09:46:58
5439,user15,happy,0.96,2025-09-13 09:47:47
5191,user48,angry,0.87,2025-09-13 09:48:38
6724,user40,sad,0.79,2025-09-13 09:49:53
6784,user19,angry,0.8,2025-09-13 09:50:12
6542,user6,fear,0.8,2025-09-13 09:50:59
7504,user3,happy,0.94,2025-09-13 09:51:39
6207,user27,angry,0.83,2025-09-13 09:51:40
6499,user23,fear,0.72,2025-09-13 09:51:45
6548,user8,happy,0.88,2025-09-13 09:52:28
5587,user27,happy,0.87,2025-09-13 09:52:28
7181,user44,sad,0.73,2025-09-13 09:52:39
7161,user32,surprised,0.86,2025-09-13 09:52:39
6460,user14,happy,0.92,2025-09-13 09:52:48
5623,user41,happy,0.94,2025-09-13 09:53:27
5507,user27,happy,0.93,2025-09-13 09:55:07
6669,user10,happy,0.89,2025-09-13 09:55:39
6036,user12,happy,0.97,2025-09-13 09:55:40
6491,user10,angry,0.87,2025-09-13 09:56:58
7400,user4,happy,0.87,2025-09-13 09:58:25
7385,user35,happy,0.93,2025-09-13 09:59:44
6114,user48,happy,0.85,2025-09-13 10:00:01
6733,user16,angry,0.79,2025-09-13 10:00:25
5750,user35,happy,0.96,2025-09-13 10:01:12
5670,user40,happy,0.9,2025-09-13 10:03:28
6049,user21,surprised,0.9,2025-09-13 10:03:29
7361,user8,happy,0.93,2025-09-13 10:03:51
7139,user3,angry,0.79,2025-09-13 10:04:16
5526,user11,happy,0.93,2025-09-13 10:06:17
6222,user21,happy,0.92,2025-09-13 10:06:30
6891,user5,angry,0.81,2025-09-13 10:06:44
6379,user29,fear,0.74,2025-09-13 10:06:50
6408,user35,angry,0.75,2025-09-13 10:07:02
5775,user10,angry,0.84,2025-09-13 10:07:20
5267,user47,happy,0.87,2025-09-13 10:07:44
6244,user42,happy,0.95,2025-09-13 10:08:52
6537,user19,happy,0.98,2025-09-13 10:09:34
5681,user27,happy,0.93,2025-09-13 10:10:38
5202,user33,sad,0.76,2025-09-13 10:10:45
6348,user47,sad,0.74,2025-09-13 10:10:56
6948,user25,happy,0.87,2025-09-13 10:11:19
7432,user21,happy,0.9,2025-09-13 10:11:22
6817,user23,happy,0.91,2025-09-13 10:12:00
5548,user39,fear,0.65,2025-09-13 10:12:51
5633,user10,fear,0.78,2025-09-13 10:13:26
5341,user30,happy,0.94,2025-09-13 10:13:33
6426,user25,happy,0.96,2025-09-13 10:14:50
5871,user43,surprised,0.91,2025-09-13 10:15:16
5975,user29,fear,0.76,2025-09-13 10:15:22
6046,user22,angry,0.79,2025-09-13 10:15:24
7066,user27,happy,0.86,2025-09-13 10:16:33
7193,user27,angry,0.8,2025-09-13 10:16:39
6820,user17,fear,0.79,2025-09-13 10:16:55
6659,user44,angry,0.78,2025-09-13 10:17:08
6880,user21,angry,0.77,2025-09-13 10:18:05
7228,user19,surprised,0.93,2025-09-13 10:20:40
6193,user12,surprised,0.85,2025-09-13 10:20:42
6512,user13,sad,0.85,2025-09-13 10:21:11
5325,user27,happy,0.89,2025-09-13 10:21:20
5764,user26,angry,0.88,2025-09-13 10:21:29
6792,user33,sad,0.76,2025-09-13 10:21:38
5603,user15,surprised,0.85,2025-09-13 10:22:30
6008,user38,sad,0.7,2025-09-13 10:23:15
5480,user36,surprised,0.84,2025-09-13 10:23:37
5529,user24,happy,0.85,2025-09-13 10:23:38
5243,user21,fear,0.7,2025-09-13 10:23:42
7283,user26,surprised,0.82,2025-09-13 10:24:25
5174,user6,happy,0.87,2025-09-13 10:25:07
7234,user40,happy,0.87,2025-09-13 10:26:28
7438,user47,happy,0.87,2025-09-13 10:26:34
7476,user29,happy,0.89,2025-09-13 10:26:50
7505,user43,angry,0.76,2025-09-13 10:27:06
7133,user40,fear,0.79,2025-09-13 10:28:08
6576,user40,happy,0.97,2025-09-13 10:28:12
7095,user30,surprised,0.91,2025-09-13 10:28:46
7068,user50,angry,0.86,2025-09-13 10:28:50
7205,user24,happy,0.87,2025-09-13 10:29:20
6799,user10,happy,0.98,2025-09-13 10:30:23
7026,user29,angry,0.77,2025-09-13 10:31:44
6116,user27,sad,0.79,2025-09-13 10:33:49
6646,user45,angry,0.8,2025-09-13 10:33:55
5549,user26,sad,0.85,2025-09-13 10:34:43
6174,user10,fear,0.75,2025-09-13 10:35:09
5515,user25,happy,0.95,2025-09-13 10:35:11
6808,user48,happy,0.88,2025-09-13 10:35:43
6704,user31,happy,0.92,2025-09-13 10:36:42
6349,user38,happy,0.9,2025-09-13 10:37:18
5169,user1,happy,0.92,2025-09-13 10:37:32
5826,user23,angry,0.8,2025-09-13 10:37:39
5274,user2,happy,0.89,2025-09-13 10:38:06
5852,user8,fear,0.69,2025-09-13 10:38:28
6882,user23,happy,0.96,2025-09-13 10:38:32
7094,user26,happy,0.95,2025-09-13 10:39:15
5591,user4,surprised,0.81,2025-09-13 10:40:08
6486,user14,happy,0.94,2025-09-13 10:40:28
6229,user16,happy,0.97,2025-09-13 10:40:56
5365,user21,happy,0.85,2025-09-13 10:41:28
6133,user3,sad,0.72,2025-09-13 10:41:40
6378,user3,happy,0.98,2025-09-13 10:41:51
6526,user25,fear,0.68,2025-09-13 10:42:16
5494,user44,fear,0.67,2025-09-13 10:42:59
6649,user26,happy,0.92,2025-09-13 10:43:41
5366,user8,angry,0.84,2025-09-13 10:45:16
6849,user14,happy,0.9,2025-09-13 10:46:10
6609,user7,happy,0.94,2025-09-13 10:46:11
6829,user8,surprised,0.92,2025-09-13 10:46:38
7255,user26,surprised,0.89,2025-09-13 10:46:46
6904,user36,angry,0.8,2025-09-13 10:46:47
6112,user9,angry,0.84,2025-09-13 10:47:09
6638,user12,happy,0.93,2025-09-13 10:47:51
6993,user8,happy,0.91,2025-09-13 10:48:03
6761,user50,angry,0.9,2025-09-13 10:48:03
6774,user32,angry,0.79,2025-09-13 10:49:49
5162,user32,happy,0.95,2025-09-13 10:50:10
5926,user27,fear,0.65,2025-09-13 10:51:09
6369,user12,sad,0.78,2025-09-13 10:51:15
5451,user9,happy,0.95,2025-09-13 10:51:46
6770,user12,angry,0.89,2025-09-13 10:52:27
5561,user24,happy,0.88,2025-09-13 10:52:48
7261,user10,happy,0.98,2025-09-13 10:53:20
5870,user11,happy,0.86,2025-09-13 10:53:34
5324,user29,surprised,0.83,2025-09-13 10:54:13
6001,user38,happy,0.87,2025-09-13 10:54:58
5719,user16,angry,0.79,2025-09-13 10:56:15
6672,user11,happy,0.91,2025-09-13 10:56:37
5455,user38,sad,0.79,2025-09-13 10:57:07
6419,user33,surprised,0.94,2025-09-13 10:57:08
7165,user28,happy,0.88,2025-09-13 10:57:17
5356,user6,angry,0.8,2025-09-13 10:58:17
6414,user22,surprised,0.9,2025-09-13 10:58:47
6488,user23,happy,0.91,2025-09-13 11:00:35
5236,user15,fear,0.62,2025-09-13 11:00:50
7460,user24,angry,0.87,2025-09-13 11:02:01
6179,user26,angry,0.9,2025-09-13 11:02:09
6560,user10,fear,0.62,2025-09-13 11:04:17
5576,user45,happy,0.98,2025-09-13 11:04:44
6529,user42,surprised,0.91,2025-09-13 11:04:46
7415,user5,happy,0.91,2025-09-13 11:04:53
5674,user22,angry,0.87,2025-09-13 11:05:37
5360,user27,happy,0.92,2025-09-13 11:06:19
5452,user33,sad,0.77,2025-09-13 11:06:22
6169,user49,happy,0.92,2025-09-13 11:06:50
6254,user45,happy,0.93,2025-09-13 11:07:08
6270,user20,happy,0.95,2025-09-13 11:07:11
5434,user35,happy,0.98,2025-09-13 11:07:43
6571,user26,happy,0.93,2025-09-13 11:07:49
7256,user43,happy,0.92,2025-09-13 11:08:02
5648,user32,sad,0.79,2025-09-13 11:08:27
5566,user24,fear,0.68,2025-09-13 11:08:37
6227,user3,angry,0.78,2025-09-13 11:09:24
6652,user2,angry,0.89,2025-09-13 11:10:03
6052,user37,surprised,0.94,2025-09-13 11:11:45
6149,user46,angry,0.83,2025-09-13 11:12:45
6568,user4,sad,0.86,2025-09-13 11:12:49
6539,user44,sad,0.79,2025-09-13 11:12:54
5868,user49,angry,0.78,2025-09-13 11:13:37
5409,user25,sad,0.76,2025-09-13 11:14:34
6484,user33,angry,0.89,2025-09-13 11:14:39
6755,user3,happy,0.88,2025-09-13 11:14:40
5265,user12,angry,0.77,2025-09-13 11:15:04
6773,user3,angry,0.79,2025-09-13 11:15:07
6888,user31,happy,0.86,2025-09-13 11:16:02
6201,user50,sad,0.78,2025-09-13 11:16:38
6093,user25,happy,0.88,2025-09-13 11:17:56
6451,user40,fear,0.63,2025-09-13 11:18:38
6717,user45,sad,0.74,2025-09-13 11:18:44
6079,user30,happy,0.91,2025-09-13 11:19:06
5187,user19,angry,0.86,2025-09-13 11:19:44
6991,user43,angry,0.8,2025-09-13 11:21:46
7445,user31,happy,0.9,2025-09-13 11:21:52
6860,user25,angry,0.78,2025-09-13 11:22:53
5983,user38,happy,0.86,2025-09-13 11:23:06
7125,user45,fear,0.69,2025-09-13 11:23:08
6596,user8,happy,0.97,2025-09-13 11:24:51
7122,user42,angry,0.82,2025-09-13 11:25:07
6987,user4,happy,0.87,2025-09-13 11:26:50
5429,user33,fear,0.79,2025-09-13 11:27:04
5195,user47,angry,0.78,2025-09-13 11:27:10
6415,user43,fear,0.71,2025-09-13 11:27:11
5335,user35,surprised,0.9,2025-09-13 11:28:19
5675,user46,happy,0.95,2025-09-13 11:28:48
6916,user45,happy,0.94,2025-09-13 11:28:52
7147,user21,surprised,0.87,2025-09-13 11:29:23
6003,user49,happy,0.95,2025-09-13 11:32:26
6925,user32,angry,0.78,2025-09-13 11:32:36
6056,user39,angry,0.79,2025-09-13 11:32:48
6992,user34,surprised,0.86,2025-09-13 11:33:38
6204,user16,happy,0.9,2025-09-13 11:33:44
7343,user36,happy,0.87,2025-09-13 11:33:55
6740,user15,happy,0.9,2025-09-13 11:33:56
5217,user20,surprised,0.89,2025-09-13 11:34:09
6633,user13,sad,0.72,2025-09-13 11:34:44
7276,user39,happy,0.94,2025-09-13 11:34:58
7168,user16,happy,0.88,2025-09-13 11:35:24
6634,user47,surprised,0.95,2025-09-13 11:35:25
5337,user21,angry,0.8,2025-09-13 11:35:31
6053,user32,sad,0.76,2025-09-13 11:36:01
5403,user47,happy,0.97,2025-09-13 11:36:07
5924,user35,happy,0.88,2025-09-13 11:37:51
5459,user48,angry,0.78,2025-09-13 11:38:32
5770,user21,angry,0.82,2025-09-13 11:39:09
6538,user46,angry,0.83,2025-09-13 11:39:24
7514,user27,happy,0.85,2025-09-13 11:39:30
5225,user25,angry,0.89,2025-09-13 11:40:16
6276,user28,angry,0.79,2025-09-13 11:40:39
6935,user20,happy,0.9,2025-09-13 11:42:32
7296,user6,angry,0.77,2025-09-13 11:43:25
5967,user28,angry,0.88,2025-09-13 11:44:26
6288,user6,surprised,0.91,2025-09-13 11:45:21
5509,user20,happy,0.86,2025-09-13 11:46:07
6450,user46,surprised,0.9,2025-09-13 11:46:44
5230,user16,sad,0.82,2025-09-13 11:47:37
6086,user23,surprised,0.9,2025-09-13 11:47:37
6540,user30,happy,0.94,2025-09-13 11:47:53
7150,user40,sad,0.77,2025-09-13 11:52:21
7342,user2,angry,0.88,2025-09-13 11:52:22
6593,user30,happy,0.89,2025-09-13 11:52:44
5183,user39,happy,0.86,2025-09-13 11:52:51
5321,user40,angry,0.81,2025-09-13 11:53:22
7470,user17,fear,0.67,2025-09-13 11:54:45
7035,user25,sad,0.81,2025-09-13 11:55:04
6158,user43,happy,0.89,2025-09-13 11:55:40
6109,user16,sad,0.71,2025-09-13 11:56:49
5793,user14,happy,0.85,2025-09-13 11:57:34
6961,user24,happy,0.93,2025-09-13 11:58:17
6847,user37,happy,0.97,2025-09-13 11:58:33
6823,user24,happy,0.92,2025-09-13 11:59:17
5263,user5,happy,0.87,2025-09-13 12:00:31
6063,user4,surprised,0.85,2025-09-13 12:00:34
5699,user45,sad,0.84,2025-09-13 12:02:35
7020,user11,angry,0.84,2025-09-13 12:02:45
5346,user38,happy,0.93,2025-09-13 12:03:02
6641,user16,happy,0.87,2025-09-13 12:04:34
5242,user24,happy,0.94,2025-09-13 12:04:37
7300,user3,sad,0.85,2025-09-13 12:05:08
7495,user39,surprised,0.95,2025-09-13 12:06:00
5392,user34,fear,0.79,2025-09-13 12:06:44
5624,user43,surprised,0.93,2025-09-13 12:06:59
6352,user23,sad,0.76,2025-09-13 12:07:52
6871,user49,surprised,0.87,2025-09-13 12:09:14
7087,user5,surprised,0.91,2025-09-13 12:11:41
7282,user18,happy,0.94,2025-09-13 12:11:57
7429,user41,sad,0.88,2025-09-13 12:12:06
5896,user10,angry,0.82,2025-09-13 12:12:14
5970,user18,happy,0.9,2025-09-13 12:12:14
7313,user41,fear,0.66,2025-09-13 12:12:24
5768,user26,sad,0.81,2025-09-13 12:14:25
7484,user34,angry,0.89,2025-09-13 12:14:31
5703,user1,happy,0.88,2025-09-13 12:14:37
5937,user5,happy,0.86,2025-09-13 12:14:54
6729,user23,happy,0.93,2025-09-13 12:15:14
5622,user26,happy,0.87,2025-09-13 12:15:51
5417,user24,angry,0.9,2025-09-13 12:16:55
5512,user20,happy,0.88,2025-09-13 12:17:15
6622,user38,happy,0.86,2025-09-13 12:17:36
5506,user45,happy,0.88,2025-09-13 12:17:58
5808,user8,fear,0.72,2025-09-13 12:18:03
6874,user26,surprised,0.9,2025-09-13 12:18:12
6523,user16,sad,0.77,2025-09-13 12:19:24
6732,user10,happy,0.88,2025-09-13 12:19:39
6565,user37,happy,0.98,2025-09-13 12:19:48
5877,user13,happy,0.96,2025-09-13 12:21:02
5517,user33,happy,0.86,2025-09-13 12:21:11
5986,user36,happy,0.91,2025-09-13 12:21:20
5913,user23,angry,0.9,2025-09-13 12:22:35
5997,user28,happy,0.94,2025-09-13 12:23:31
7379,user37,sad,0.81,2025-09-13 12:23:35
6076,user12,angry,0.79,2025-09-13 12:23:57
7166,user35,angry,0.76,2025-09-13 12:25:15
5646,user29,happy,0.87,2025-09-13 12:25:44
5228,user38,fear,0.72,2025-09-13 12:26:44
5500,user43,fear,0.61,2025-09-13 12:26:46
5848,user40,happy,0.94,2025-09-13 12:27:20
7214,user42,surprised,0.89,2025-09-13 12:27:21
6054,user37,angry,0.75,2025-09-13 12:27:32
7335,user39,happy,0.92,2025-09-13 12:27:41
5522,user23,happy,0.87,2025-09-13 12:28:56
5400,user39,angry,0.82,2025-09-13 12:29:23
6524,user3,happy,0.86,2025-09-13 12:29:34
6751,user6,surprised,0.83,2025-09-13 12:30:20
5280,user19,sad,0.78,2025-09-13 12:31:21
6968,user23,happy,0.92,2025-09-13 12:31:23
6089,user44,surprised,0.91,2025-09-13 12:31:36
6118,user14,sad,0.77,2025-09-13 12:32:18
6436,user21,happy,0.9,2025-09-13 12:33:01
5223,user18,angry,0.8,2025-09-13 12:34:01
5226,user2,happy,0.94,2025-09-13 12:34:07
6660,user33,happy,0.95,2025-09-13 12:35:16
6165,user21,sad,0.77,2025-09-13 12:35:44
5248,user35,sad,0.8,2025-09-13 12:35:44
7127,user32,angry,0.85,2025-09-13 12:36:04
6296,user40,angry,0.87,2025-09-13 12:36:25
7250,user44,happy,0.93,2025-09-13 12:36:32
6362,user34,fear,0.75,2025-09-13 12:37:35
6522,user44,happy,0.85,2025-09-13 12:38:43
6972,user28,angry,0.8,2025-09-13 12:39:32
6406,user31,happy,0.86,2025-09-13 12:41:05
5317,user46,happy,0.85,2025-09-13 12:41:13
7401,user7,fear,0.79,2025-09-13 12:42:20
5762,user32,angry,0.83,2025-09-13 12:42:21
5766,user24,sad,0.75,2025-09-13 12:42:34
7186,user1,fear,0.75,2025-09-13 12:42:35
5827,user45,fear,0.69,2025-09-13 12:42:44
5652,user28,surprised,0.91,2025-09-13 12:43:59
6850,user11,happy,0.94,2025-09-13 12:44:05
7449,user19,angry,0.85,2025-09-13 12:44:45
5283,user48,fear,0.7,2025-09-13 12:44:49
6691,user23,fear,0.7,2025-09-13 12:45:01
5319,user2,sad,0.77,2025-09-13 12:45:18
6776,user12,happy,0.85,2025-09-13 12:45:54
6431,user15,happy,0.96,2025-09-13 12:46:07
6788,user26,happy,0.97,2025-09-13 12:46:20
6263,user49,happy,0.88,2025-09-13 12:46:26
5745,user20,happy,0.9,2025-09-13 12:48:49
6656,user40,sad,0.71,2025-09-13 12:49:26
6095,user14,happy,0.98,2025-09-13 12:49:37
7468,user34,fear,0.67,2025-09-13 12:49:55
7044,user46,surprised,0.93,2025-09-13 12:51:19
5895,user4,surprised,0.92,2025-09-13 12:51:25
6621,user43,sad,0.88,2025-09-13 12:52:08
6498,user48,fear,0.73,2025-09-13 12:53:01
7008,user10,happy,0.93,2025-09-13 12:53:45
6007,user37,sad,0.75,2025-09-13 12:53:59
5534,user42,happy,0.89,2025-09-13 12:54:20
6196,user20,angry,0.75,2025-09-13 12:57:47
6530,user31,angry,0.76,2025-09-13 12:58:14
6322,user28,happy,0.94,2025-09-13 12:58:56
5660,user30,sad,0.74,2025-09-13 12:59:11
7007,user44,angry,0.84,2025-09-13 12:59:24
7206,user48,happy,0.92,2025-09-13 13:00:34
6249,user28,angry,0.75,2025-09-13 13:00:42
7011,user2,happy,0.98,2025-09-13 13:02:38
7052,user46,happy,0.87,2025-09-13 13:04:00
6924,user22,angry,0.79,2025-09-13 13:05:39
5803,user26,angry,0.84,2025-09-13 13:05:45
5519,user50,angry,0.88,2025-09-13 13:06:00
6327,user20,happy,0.9,2025-09-13 13:06:03
6055,user44,happy,0.96,2025-09-13 13:06:03
6885,user35,surprised,0.87,2025-09-13 13:06:23
6070,user4,sad,0.86,2025-09-13 13:06:57
5567,user30,surprised,0.91,2025-09-13 13:09:14
5839,user9,happy,0.95,2025-09-13 13:09:24
5388,user10,angry,0.86,2025-09-13 13:11:36
5794,user33,angry,0.78,2025-09-13 13:11:41
5715,user40,happy,0.9,2025-09-13 13:11:46
6447,user11,angry,0.81,2025-09-13 13:12:27
7419,user42,happy,0.89,2025-09-13 13:12:54
6103,user38,happy,0.97,2025-09-13 13:13:17
7158,user30,happy,0.97,2025-09-13 13:13:37
6614,user20,sad,0.82,2025-09-13 13:13:51
5204,user7,happy,0.98,2025-09-13 13:14:09
5976,user39,fear,0.78,2025-09-13 13:14:25
6958,user8,happy,0.93,2025-09-13 13:14:34
5565,user10,happy,0.89,2025-09-13 13:16:48
6628,user24,fear,0.67,2025-09-13 13:16:56
5305,user17,happy,0.93,2025-09-13 13:17:29
7245,user44,fear,0.72,2025-09-13 13:17:41
5289,user25,happy,0.98,2025-09-13 13:17:53
6889,user6,happy,0.91,2025-09-13 13:17:57
7319,user31,angry,0.76,2025-09-13 13:18:02
5752,user35,angry,0.88,2025-09-13 13:18:06
7444,user29,angry,0.81,2025-09-13 13:18:25
5390,user3,happy,0.86,2025-09-13 13:18:56
6533,user19,fear,0.72,2025-09-13 13:20:26
6026,user10,angry,0.84,2025-09-13 13:21:09
7083,user11,happy,0.91,2025-09-13 13:21:34
5989,user9,happy,0.86,2025-09-13 13:21:51
5279,user40,angry,0.85,2025-09-13 13:21:55
6701,user38,angry,0.88,2025-09-13 13:24:46
6765,user24,angry,0.78,2025-09-13 13:25:08
5756,user16,happy,0.95,2025-09-13 13:25:32
6172,user7,fear,0.8,2025-09-13 13:26:51
5679,user23,fear,0.7,2025-09-13 13:27:03
6525,user43,angry,0.76,2025-09-13 13:28:57
7350,user43,happy,0.91,2025-09-13 13:29:33
5200,user13,angry,0.86,2025-09-13 13:31:07
5513,user3,sad,0.78,2025-09-13 13:32:15
7098,user18,angry,0.9,2025-09-13 13:32:25
6890,user27,sad,0.78,2025-09-13 13:32:47
6494,user29,sad,0.81,2025-09-13 13:33:17
6969,user33,happy,0.98,2025-09-13 13:34:18
5457,user46,happy,0.96,2025-09-13 13:34:43
6191,user46,surprised,0.83,2025-09-13 13:36:26
6000,user32,happy,0.93,2025-09-13 13:36:43
5730,user43,surprised,0.91,2025-09-13 13:37:22
6342,user12,fear,0.67,2025-09-13 13:37:41
7220,user36,happy,0.97,2025-09-13 13:37:47
5495,user21,happy,0.94,2025-09-13 13:37:52
7049,user45,surprised,0.95,2025-09-13 13:38:21
7284,user26,sad,0.72,2025-09-13 13:38:33
7124,user15,angry,0.88,2025-09-13 13:38:36
7217,user43,happy,0.87,2025-09-13 13:39:09
7393,user8,happy,0.93,2025-09-13 13:39:24
6783,user10,fear,0.6,2025-09-13 13:39:36
7402,user37,sad,0.87,2025-09-13 13:39:48
6218,user7,surprised,0.93,2025-09-13 13:40:04
6911,user49,happy,0.85,2025-09-13 13:40:12
6315,user29,angry,0.81,2025-09-13 13:41:05
7182,user8,sad,0.88,2025-09-13 13:41:43
7479,user45,sad,0.87,2025-09-13 13:42:03
7257,user32,sad,0.8,2025-09-13 13:42:44
5421,user4,angry,0.76,2025-09-13 13:45:15
7085,user12,happy,0.96,2025-09-13 13:45:18
5737,user13,angry,0.81,2025-09-13 13:45:31
6719,user42,happy,0.9,2025-09-13 13:46:20
5971,user13,angry,0.79,2025-09-13 13:48:04
5592,user11,surprised,0.85,2025-09-13 13:48:53
7040,user22,happy,0.93,2025-09-13 13:49:40
7171,user9,sad,0.85,2025-09-13 13:50:07
7451,user35,fear,0.75,2025-09-13 13:50:29
5574,user6,happy,0.89,2025-09-13 13:51:12
5407,user7,surprised,0.83,2025-09-13 13:52:49
6995,user20,angry,0.75,2025-09-13 13:52:53
5374,user27,angry,0.82,2025-09-13 13:54:27
7422,user26,sad,0.82,2025-09-13 13:54:32
6859,user43,angry,0.75,2025-09-13 13:55:05
5759,user31,happy,0.87,2025-09-13 13:55:49
6586,user39,sad,0.77,2025-09-13 13:56:01
7060,user20,angry,0.77,2025-09-13 13:57:03
6220,user50,angry,0.76,2025-09-13 13:57:46
7404,user42,sad,0.83,2025-09-13 13:57:57
6832,user6,angry,0.81,2025-09-13 13:58:42
7123,user10,angry,0.83,2025-09-13 13:59:29
7482,user23,happy,0.92,2025-09-13 13:59:54
7113,user41,happy,0.87,2025-09-13 13:59:58
6370,user9,sad,0.82,2025-09-13 14:00:03
6015,user39,happy,0.94,2025-09-13 14:00:48
6082,user5,angry,0.81,2025-09-13 14:01:23
6854,user6,happy,0.88,2025-09-13 14:01:28
6278,user33,happy,0.97,2025-09-13 14:02:28
5375,user49,happy,0.85,2025-09-13 14:03:34
5781,user50,surprised,0.84,2025-09-13 14:03:35
5354,user3,surprised,0.86,2025-09-13 14:03:43
7246,user17,happy,0.86,2025-09-13 14:04:02
6585,user24,happy,0.91,2025-09-13 14:04:16
7023,user36,sad,0.78,2025-09-13 14:04:27
5710,user24,happy,0.86,2025-09-13 14:04:40
6381,user12,surprised,0.89,2025-09-13 14:05:13
6138,user40,happy,0.93,2025-09-13 14:05:15
5931,user8,happy,0.9,2025-09-13 14:07:04
5458,user21,sad,0.74,2025-09-13 14:07:08
5668,user14,sad,0.76,2025-09-13 14:07:43
5755,user42,sad,0.85,2025-09-13 14:08:02
6374,user41,angry,0.88,2025-09-13 14:08:44
5682,user44,angry,0.84,2025-09-13 14:08:51
6390,user6,surprised,0.8,2025-09-13 14:09:57
5910,user48,fear,0.66,2025-09-13 14:10:00
6543,user32,angry,0.86,2025-09-13 14:10:01
7318,user28,surprised,0.86,2025-09-13 14:10:05
6703,user12,surprised,0.88,2025-09-13 14:10:17
5955,user48,happy,0.96,2025-09-13 14:11:15
6159,user23,fear,0.72,2025-09-13 14:11:18
7042,user38,angry,0.78,2025-09-13 14:11:57
6611,user22,angry,0.84,2025-09-13 14:12:05
6557,user12,happy,0.92,2025-09-13 14:12:58
5478,user39,sad,0.83,2025-09-13 14:13:53
6411,user9,angry,0.75,2025-09-13 14:14:14
6619,user3,angry,0.88,2025-09-13 14:14:34
7474,user38,happy,0.93,2025-09-13 14:14:59
6464,user34,happy,0.86,2025-09-13 14:15:46
6802,user37,happy,0.96,2025-09-13 14:16:30
6311,user21,happy,0.93,2025-09-13 14:17:59
6933,user44,happy,0.89,2025-09-13 14:19:12
6108,user11,angry,0.83,2025-09-13 14:19:28
5918,user41,angry,0.86,2025-09-13 14:20:00
7156,user17,angry,0.78,2025-09-13 14:20:47
5394,user38,happy,0.96,2025-09-13 14:21:01
7192,user6,fear,0.6,2025-09-13 14:21:31
6544,user35,angry,0.87,2025-09-13 14:22:54
5661,user23,surprised,0.86,2025-09-13 14:23:06
5711,user30,angry,0.8,2025-09-13 14:23:39
5397,user36,angry,0.85,2025-09-13 14:24:19
5505,user46,angry,0.76,2025-09-13 14:24:29
7072,user21,happy,0.9,2025-09-13 14:24:42
6294,user10,happy,0.9,2025-09-13 14:24:56
7411,user39,surprised,0.86,2025-09-13 14:26:12
7224,user44,angry,0.78,2025-09-13 14:28:05
5201,user20,surprised,0.81,2025-09-13 14:29:17
6493,user33,sad,0.81,2025-09-13 14:29:56
5520,user33,angry,0.88,2025-09-13 14:30:16
7082,user2,fear,0.73,2025-09-13 14:30:38
6350,user15,angry,0.77,2025-09-13 14:32:07
5595,user42,happy,0.97,2025-09-13 14:32:34
7472,user43,happy,0.91,2025-09-13 14:33:26
5270,user45,fear,0.78,2025-09-13 14:34:35
6798,user13,fear,0.65,2025-09-13 14:34:57
5402,user49,angry,0.85,2025-09-13 14:36:05
7323,user8,happy,0.91,2025-09-13 14:36:49
5727,user30,fear,0.8,2025-09-13 14:37:06
7309,user30,angry,0.89,2025-09-13 14:37:56
7410,user14,happy,0.94,2025-09-13 14:38:40
6809,user18,sad,0.85,2025-09-13 14:38:40
6081,user8,sad,0.83,2025-09-13 14:39:01
6479,user24,angry,0.75,2025-09-13 14:39:33
6824,user20,happy,0.93,2025-09-13 14:39:35
6564,user37,happy,0.86,2025-09-13 14:40:02
6926,user48,angry,0.77,2025-09-13 14:40:28
7306,user39,happy,0.87,2025-09-13 14:40:50
7078,user15,angry,0.87,2025-09-13 14:43:01
5447,user16,happy,0.86,2025-09-13 14:43:01
6515,user41,happy,0.96,2025-09-13 14:45:56
7173,user37,angry,0.78,2025-09-13 14:45:57
5295,user47,happy,0.85,2025-09-13 14:46:22
6879,user34,sad,0.82,2025-09-13 14:46:55
6736,user28,sad,0.75,2025-09-13 14:47:39
7233,user26,angry,0.81,2025-09-13 14:47:51
6033,user44,surprised,0.94,2025-09-13 14:48:14
5657,user29,sad,0.86,2025-09-13 14:48:35
6462,user42,fear,0.62,2025-09-13 14:50:18
6597,user6,angry,0.89,2025-09-13 14:50:30
5315,user26,sad,0.86,2025-09-13 14:50:38
5879,user14,happy,0.86,2025-09-13 14:51:37
5791,user20,happy,0.97,2025-09-13 14:52:23
7187,user36,happy,0.86,2025-09-13 14:52:41
5620,user18,angry,0.81,2025-09-13 14:52:56
7153,user7,angry,0.83,2025-09-13 14:54:28
5650,user3,fear,0.67,2025-09-13 14:55:25
5361,user50,sad,0.85,2025-09-13 14:55:38
6044,user37,angry,0.82,2025-09-13 14:55:44
7376,user23,fear,0.79,2025-09-13 14:55:55
6388,user32,happy,0.93,2025-09-13 14:55:59
5832,user4,happy,0.94,2025-09-13 14:57:53
6018,user4,happy,0.91,2025-09-13 15:00:25
5625,user25,angry,0.9,2025-09-13 15:01:01
7489,user8,happy,0.9,2025-09-13 15:01:21
6631,user10,fear,0.75,2025-09-13 15:02:11
5978,user29,angry,0.8,2025-09-13 15:02:14
5530,user5,angry,0.84,2025-09-13 15:02:34
5497,user29,happy,0.93,2025-09-13 15:03:20
7358,user50,happy,0.94,2025-09-13 15:03:39
6920,user44,sad,0.84,2025-09-13 15:03:48
6045,user37,fear,0.73,2025-09-13 15:04:06
7363,user48,angry,0.83,2025-09-13 15:05:37
6047,user17,happy,0.93,2025-09-13 15:06:06
5502,user19,angry,0.84,2025-09-13 15:06:44
6748,user2,happy,0.93,2025-09-13 15:07:03
5757,user2,angry,0.88,2025-09-13 15:07:07
7244,user4,happy,0.87,2025-09-13 15:07:52
5920,user21,surprised,0.81,2025-09-13 15:08:04
6013,user29,happy,0.88,2025-09-13 15:08:39
6030,user9,happy,0.92,2025-09-13 15:08:45
6895,user43,sad,0.84,2025-09-13 15:08:47
6960,user34,surprised,0.86,2025-09-13 15:09:12
7265,user7,angry,0.78,2025-09-13 15:09:15
7458,user39,happy,0.95,2025-09-13 15:09:50
6687,user2,fear,0.64,2025-09-13 15:09:52
7157,user35,happy,0.92,2025-09-13 15:10:13
6123,user26,angry,0.78,2025-09-13 15:11:06
5564,user9,fear,0.71,2025-09-13 15:11:12
6716,user34,happy,0.95,2025-09-13 15:11:28
6666,user41,happy,0.96,2025-09-13 15:11:38
5806,user11,happy,0.86,2025-09-13 15:11:52
5412,user34,happy,0.85,2025-09-13 15:12:09
6762,user27,sad,0.76,2025-09-13 15:14:08
7488,user7,happy,0.89,2025-09-13 15:15:06
5205,user5,sad,0.75,2025-09-13 15:16:12
5197,user39,sad,0.85,2025-09-13 15:16:14
6333,user50,happy,0.9,2025-09-13 15:16:58
5897,user30,fear,0.62,2025-09-13 15:17:12
5210,user41,surprised,0.88,2025-09-13 15:17:12
5769,user29,happy,0.85,2025-09-13 15:17:15
7416,user31,surprised,0.83,2025-09-13 15:17:46
5758,user26,happy,0.94,2025-09-13 15:18:06
5485,user18,fear,0.72,2025-09-13 15:18:18
6025,user46,surprised,0.91,2025-09-13 15:18:35
6569,user46,angry,0.88,2025-09-13 15:19:52
6337,user46,happy,0.92,2025-09-13 15:20:25
6714,user11,happy,0.86,2025-09-13 15:20:50
5493,user16,angry,0.87,2025-09-13 15:20:58
6690,user26,happy,0.92,2025-09-13 15:21:26
7420,user29,angry,0.78,2025-09-13 15:22:10
5543,user10,happy,0.97,2025-09-13 15:22:39
5999,user44,happy,0.94,2025-09-13 15:23:23
7018,user45,fear,0.6,2025-09-13 15:23:37
7275,user3,sad,0.77,2025-09-13 15:23:39
7172,user4,sad,0.74,2025-09-13 15:24:16
6134,user32,surprised,0.88,2025-09-13 15:25:28
5419,user13,happy,0.91,2025-09-13 15:25:46
6143,user18,happy,0.86,2025-09-13 15:26:53
6160,user3,fear,0.72,2025-09-13 15:28:48
5398,user17,fear,0.74,2025-09-13 15:29:27
5286,user45,surprised,0.89,2025-09-13 15:29:35
6965,user38,happy,0.88,2025-09-13 15:29:55
7050,user11,angry,0.85,2025-09-13 15:29:55
6663,user6,happy,0.91,2025-09-13 15:32:12
5919,user24,happy,0.91,2025-09-13 15:32:20
5585,user47,happy,0.88,2025-09-13 15:33:14
6105,user12,happy,0.97,2025-09-13 15:33:33
7414,user17,happy,0.86,2025-09-13 15:34:11
5949,user27,surprised,0.85,2025-09-13 15:34:39
5235,user10,sad,0.82,2025-09-13 15:35:09
5311,user17,sad,0.78,2025-09-13 15:35:16
5284,user24,angry,0.81,2025-09-13 15:35:37
6726,user23,angry,0.83,2025-09-13 15:35:46
5795,user22,happy,0.94,2025-09-13 15:36:18
7204,user29,happy,0.94,2025-09-13 15:37:01
6572,user30,happy,0.92,2025-09-13 15:37:08
6300,user27,happy,0.85,2025-09-13 15:37:36
5590,user49,angry,0.87,2025-09-13 15:37:45
6366,user20,angry,0.8,2025-09-13 15:37:54
7264,user42,fear,0.8,2025-09-13 15:38:30
5570,user20,happy,0.91,2025-09-13 15:38:55
7198,user22,angry,0.79,2025-09-13 15:39:34
5349,user12,happy,0.85,2025-09-13 15:39:56
5904,user17,happy,0.9,2025-09-13 15:40:13
6673,user45,happy,0.87,2025-09-13 15:40:39
7130,user13,angry,0.86,2025-09-13 15:41:39
5436,user20,happy,0.89,2025-09-13 15:41:51
5724,user42,angry,0.78,2025-09-13 15:41:54
6640,user17,happy,0.98,2025-09-13 15:42:02
5524,user20,happy,0.87,2025-09-13 15:42:14
5487,user9,angry,0.86,2025-09-13 15:42:24
6567,user16,angry,0.85,2025-09-13 15:43:17
5336,user46,sad,0.71,2025-09-13 15:43:41
6446,user17,angry,0.77,2025-09-13 15:44:09
7048,user1,fear,0.68,2025-09-13 15:45:36
5655,user31,happy,0.91,2025-09-13 15:46:52
5255,user31,surprised,0.83,2025-09-13 15:47:53
5899,user33,happy,0.96,2025-09-13 15:48:19
6951,user21,angry,0.8,2025-09-13 15:48:36
6400,user18,fear,0.63,2025-09-13 15:49:51
6983,user15,surprised,0.81,2025-09-13 15:50:08
6980,user41,fear,0.64,2025-09-13 15:51:00
6401,user28,fear,0.67,2025-09-13 15:52:15
5772,user30,surprised,0.81,2025-09-13 15:52:47
5164,user45,happy,0.92,2025-09-13 15:53:21
5796,user8,happy,0.97,2025-09-13 15:54:56
7111,user29,happy,0.9,2025-09-13 15:55:00
7406,user11,surprised,0.86,2025-09-13 15:55:27
6121,user33,fear,0.67,2025-09-13 15:56:10
5176,user40,angry,0.82,2025-09-13 15:56:37
7288,user29,sad,0.74,2025-09-13 15:56:43
6034,user50,fear,0.65,2025-09-13 15:57:28
7251,user5,happy,0.91,2025-09-13 15:58:05
7315,user23,fear,0.78,2025-09-13 15:58:52
5445,user3,surprised,0.81,2025-09-13 15:59:48
6242,user8,angry,0.85,2025-09-13 16:00:27
5666,user16,fear,0.8,2025-09-13 16:00:39
6487,user14,happy,0.92,2025-09-13 16:01:16
6107,user19,happy,0.95,2025-09-13 16:01:46
6744,user31,sad,0.79,2025-09-13 16:01:54
7310,user36,angry,0.79,2025-09-13 16:02:34
7154,user15,angry,0.87,2025-09-13 16:02:39
6329,user35,sad,0.83,2025-09-13 16:02:44
5396,user36,happy,0.92,2025-09-13 16:03:07
6248,user47,happy,0.88,2025-09-13 16:03:08
5905,user17,happy,0.92,2025-09-13 16:03:22
7117,user4,sad,0.84,2025-09-13 16:03:42
5437,user39,angry,0.77,2025-09-13 16:04:36
6283,user12,angry,0.79,2025-09-13 16:04:51
6844,user31,happy,0.91,2025-09-13 16:06:15
5578,user29,sad,0.84,2025-09-13 16:08:37
5898,user50,happy,0.9,2025-09-13 16:08:58
6901,user16,sad,0.85,2025-09-13 16:11:35
6387,user7,happy,0.93,2025-09-13 16:11:49
6699,user19,angry,0.85,2025-09-13 16:12:08
5378,user50,surprised,0.82,2025-09-13 16:12:37
5160,user17,happy,0.96,2025-09-13 16:13:19
6067,user11,fear,0.78,2025-09-13 16:13:20
6197,user26,happy,0.86,2025-09-13 16:13:24
6376,user8,surprised,0.86,2025-09-13 16:14:12
7334,user34,surprised,0.9,2025-09-13 16:15:47
5812,user41,happy,0.95,2025-09-13 16:16:39
5345,user13,angry,0.86,2025-09-13 16:17:35
7190,user13,happy,0.94,2025-09-13 16:18:14
6252,user2,sad,0.76,2025-09-13 16:18:15
7036,user7,fear,0.73,2025-09-13 16:18:24
7208,user17,sad,0.88,2025-09-13 16:19:25
5842,user50,angry,0.8,2025-09-13 16:20:06
5938,user17,happy,0.86,2025-09-13 16:20:11
6877,user26,angry,0.83,2025-09-13 16:20:52
6410,user15,angry,0.77,2025-09-13 16:21:14
5288,user28,happy,0.88,2025-09-13 16:22:01
5856,user45,happy,0.88,2025-09-13 16:22:09
6420,user40,surprised,0.87,2025-09-13 16:22:16
5921,user22,sad,0.71,2025-09-13 16:22:55
6915,user2,happy,0.97,2025-09-13 16:24:09
5788,user28,angry,0.75,2025-09-13 16:25:04
5639,user15,angry,0.86,2025-09-13 16:27:48
6476,user1,surprised,0.85,2025-09-13 16:28:11
5873,user38,happy,0.94,2025-09-13 16:28:49
7471,user45,angry,0.8,2025-09-13 16:29:39
6623,user25,angry,0.89,2025-09-13 16:29:49
5977,user43,fear,0.63,2025-09-13 16:29:52
6212,user11,happy,0.88,2025-09-13 16:30:08
7500,user39,surprised,0.87,2025-09-13 16:31:14
6779,user33,happy,0.92,2025-09-13 16:31:26
5546,user1,happy,0.94,2025-09-13 16:32:01
6618,user47,angry,0.82,2025-09-13 16:32:32
5720,user24,happy,0.91,2025-09-13 16:32:45
6237,user11,surprised,0.91,2025-09-13 16:32:50
7352,user15,surprised,0.95,2025-09-13 16:33:48
6472,user19,surprised,0.83,2025-09-13 16:33:48
5212,user4,angry,0.78,2025-09-13 16:33:56
7075,user35,fear,0.73,2025-09-13 16:34:01
6140,user41,angry,0.84,2025-09-13 16:35:30
6331,user11,surprised,0.94,2025-09-13 16:36:13
5540,user8,happy,0.91,2025-09-13 16:37:23
5266,user4,happy,0.86,2025-09-13 16:37:27
7177,user23,angry,0.77,2025-09-13 16:37:40
6574,user11,happy,0.93,2025-09-13 16:38:02
5410,user45,angry,0.84,2025-09-13 16:39:04
5461,user11,fear,0.74,2025-09-13 16:39:06
6238,user15,happy,0.92,2025-09-13 16:39:17
5433,user18,happy,0.89,2025-09-13 16:39:55
5533,user6,fear,0.73,2025-09-13 16:40:29
7183,user28,happy,0.96,2025-09-13 16:41:12
6520,user15,sad,0.73,2025-09-13 16:41:15
7107,user22,surprised,0.94,2025-09-13 16:41:44
7259,user31,sad,0.71,2025-09-13 16:42:27
5446,user47,angry,0.82,2025-09-13 16:42:46
6833,user25,sad,0.76,2025-09-13 16:42:53
6002,user49,angry,0.89,2025-09-13 16:42:56
6466,user17,sad,0.83,2025-09-13 16:42:58
5773,user50,happy,0.94,2025-09-13 16:43:19
6718,user25,happy,0.89,2025-09-13 16:43:28
6117,user8,happy,0.93,2025-09-13 16:44:17
5820,user43,happy,0.87,2025-09-13 16:46:37
6950,user39,happy,0.96,2025-09-13 16:46:49
6896,user39,happy,0.98,2025-09-13 16:47:36
6119,user38,surprised,0.83,2025-09-13 16:48:09
6989,user27,angry,0.81,2025-09-13 16:48:33
6934,user17,angry,0.78,2025-09-13 16:48:33
7091,user31,surprised,0.89,2025-09-13 16:49:00
6217,user17,surprised,0.91,2025-09-13 16:49:24
5894,user45,angry,0.88,2025-09-13 16:51:15
6361,user44,angry,0.87,2025-09-13 16:52:47
5889,user23,happy,0.92,2025-09-13 16:53:35
5182,user21,angry,0.88,2025-09-13 16:55:27
7269,user47,happy,0.92,2025-09-13 16:55:45
5782,user40,angry,0.9,2025-09-13 16:56:41
5423,user8,fear,0.6,2025-09-13 16:57:04
6686,user15,happy,0.91,2025-09-13 16:57:06
5308,user37,happy,0.86,2025-09-13 16:57:58
5629,user20,sad,0.75,2025-09-13 16:59:24
6434,user4,happy,0.87,2025-09-13 16:59:46
6712,user24,happy,0.91,2025-09-13 16:59:50
6513,user1,sad,0.74,2025-09-13 17:00:17
5499,user12,angry,0.8,2025-09-13 17:00:27
6678,user17,surprised,0.86,2025-09-13 17:01:24
6534,user42,happy,0.88,2025-09-13 17:01:25
6805,user39,happy,0.95,2025-09-13 17:01:46
7051,user41,fear,0.8,2025-09-13 17:03:41
5443,user5,happy,0.9,2025-09-13 17:03:51
6909,user31,angry,0.77,2025-09-13 17:04:11
7236,user49,sad,0.7,2025-09-13 17:04:40
6573,user16,happy,0.97,2025-09-13 17:04:49
7311,user45,angry,0.82,2025-09-13 17:05:49
5536,user47,angry,0.85,2025-09-13 17:05:55
5386,user35,sad,0.84,2025-09-13 17:06:51
6359,user10,happy,0.88,2025-09-13 17:07:16
6696,user43,surprised,0.92,2025-09-13 17:07:18
6730,user33,happy,0.85,2025-09-13 17:07:57
5424,user40,happy,0.95,2025-09-13 17:08:07
6299,user46,angry,0.84,2025-09-13 17:08:15
5892,user34,happy,0.87,2025-09-13 17:08:25
5637,user10,sad,0.87,2025-09-13 17:08:39
5709,user21,sad,0.85,2025-09-13 17:09:22
6281,user22,sad,0.86,2025-09-13 17:09:36
5178,user10,fear,0.76,2025-09-13 17:10:43
5950,user11,happy,0.96,2025-09-13 17:11:04
5262,user39,angry,0.84,2025-09-13 17:12:08
7062,user23,surprised,0.92,2025-09-13 17:12:30
6973,user49,sad,0.85,2025-09-13 17:13:27
6129,user30,happy,0.97,2025-09-13 17:13:37
7405,user27,happy,0.87,2025-09-13 17:14:18
6793,user47,angry,0.8,2025-09-13 17:14:35
6459,user38,happy,0.9,2025-09-13 17:15:32
5254,user38,surprised,0.88,2025-09-13 17:15:38
7366,user34,happy,0.87,2025-09-13 17:16:08
6338,user23,angry,0.77,2025-09-13 17:16:16
7398,user3,angry,0.85,2025-09-13 17:16:40
5815,user22,happy,0.86,2025-09-13 17:18:06
7101,user35,angry,0.86,2025-09-13 17:18:26
6955,user18,angry,0.89,2025-09-13 17:18:37
6595,user20,sad,0.83,2025-09-13 17:19:03
6841,user1,happy,0.96,2025-09-13 17:19:15
5632,user45,angry,0.79,2025-09-13 17:19:26
6232,user25,sad,0.77,2025-09-13 17:19:53
6778,user40,happy,0.85,2025-09-13 17:20:16
6461,user4,happy,0.89,2025-09-13 17:20:38
6308,user24,surprised,0.81,2025-09-13 17:23:13
5258,user49,surprised,0.91,2025-09-13 17:23:13
6617,user30,fear,0.77,2025-09-13 17:24:15
6469,user7,angry,0.81,2025-09-13 17:24:25
6351,user40,surprised,0.88,2025-09-13 17:24:31
5830,user11,angry,0.87,2025-09-13 17:27:50
5307,user33,happy,0.88,2025-09-13 17:27:51
5426,user30,fear,0.69,2025-09-13 17:28:08
6442,user9,fear,0.73,2025-09-13 17:28:09
6128,user12,angry,0.85,2025-09-13 17:28:18
7463,user23,sad,0.75,2025-09-13 17:28:39
6177,user8,angry,0.77,2025-09-13 17:29:05
5638,user26,happy,0.97,2025-09-13 17:29:13
6804,user41,angry,0.83,2025-09-13 17:29:35
6680,user22,happy,0.96,2025-09-13 17:30:26
6863,user17,happy,0.85,2025-09-13 17:30:37
6058,user25,happy,0.92,2025-09-13 17:31:57
6065,user21,happy,0.93,2025-09-13 17:32:06
6698,user15,happy,0.94,2025-09-13 17:33:37
7199,user3,sad,0.8,2025-09-13 17:33:45
7178,user9,angry,0.82,2025-09-13 17:34:07
7104,user5,happy,0.86,2025-09-13 17:34:29
6883,user26,fear,0.74,2025-09-13 17:34:37
5504,user42,fear,0.64,2025-09-13 17:34:41
6314,user28,happy,0.95,2025-09-13 17:35:00
6928,user41,angry,0.81,2025-09-13 17:35:08
6555,user36,angry,0.85,2025-09-13 17:35:53
6510,user15,happy,0.91,2025-09-13 17:38:37
5947,user42,happy,0.89,2025-09-13 17:39:47
6306,user33,fear,0.64,2025-09-13 17:40:49
7272,user48,angry,0.76,2025-09-13 17:43:34
5636,user44,angry,0.89,2025-09-13 17:44:33
7038,user39,happy,0.87,2025-09-13 17:45:14
5705,user6,happy,0.9,2025-09-13 17:45:57
7277,user24,happy,0.91,2025-09-13 17:45:57
5688,user1,angry,0.87,2025-09-13 17:46:37
6302,user41,fear,0.72,2025-09-13 17:46:59
6147,user12,surprised,0.84,2025-09-13 17:47:08
5763,user36,happy,0.94,2025-09-13 17:48:51
5167,user16,happy,0.94,2025-09-13 17:49:30
5481,user16,happy,0.94,2025-09-13 17:49:51
5664,user42,sad,0.81,2025-09-13 17:50:47
6211,user44,fear,0.68,2025-09-13 17:50:54
5935,user44,angry,0.87,2025-09-13 17:51:15
6142,user38,happy,0.96,2025-09-13 17:51:31
7254,user20,happy,0.87,2025-09-13 17:51:39
6624,user15,happy,0.95,2025-09-13 17:52:01
5954,user12,happy,0.95,2025-09-13 17:52:13
7436,user48,happy,0.88,2025-09-13 17:53:47
6040,user23,angry,0.88,2025-09-13 17:54:04
6341,user4,happy,0.85,2025-09-13 17:54:10
6657,user50,sad,0.76,2025-09-13 17:54:42
5823,user30,sad,0.71,2025-09-13 17:55:07
6106,user32,angry,0.89,2025-09-13 17:56:50
5444,user14,angry,0.88,2025-09-13 17:57:14
6453,user40,happy,0.93,2025-09-13 17:57:16
7218,user13,sad,0.73,2025-09-13 17:57:36
6956,user31,happy,0.85,2025-09-13 17:57:39
6551,user25,sad,0.76,2025-09-13 17:57:42
6546,user50,surprised,0.93,2025-09-13 17:58:20
6613,user50,fear,0.63,2025-09-13 17:58:24
7267,user9,happy,0.9,2025-09-13 17:59:11
7132,user35,angry,0.86,2025-09-13 17:59:13
5571,user9,sad,0.86,2025-09-13 17:59:15
6759,user47,angry,0.78,2025-09-13 18:00:49
7384,user15,happy,0.96,2025-09-13 18:02:19
6416,user24,surprised,0.95,2025-09-13 18:02:34
6164,user13,angry,0.75,2025-09-13 18:03:50
5725,user12,angry,0.9,2025-09-13 18:04:27
6929,user4,angry,0.82,2025-09-13 18:04:29
6320,user18,happy,0.92,2025-09-13 18:06:06
7331,user48,angry,0.89,2025-09-13 18:06:18
6319,user27,surprised,0.81,2025-09-13 18:07:56
5685,user21,happy,0.98,2025-09-13 18:08:05
6184,user35,happy,0.92,2025-09-13 18:08:09
6048,user42,angry,0.84,2025-09-13 18:09:00
6417,user14,angry,0.86,2025-09-13 18:09:01
6407,user11,angry,0.8,2025-09-13 18:09:07
6344,user4,fear,0.78,2025-09-13 18:10:21
6161,user41,angry,0.76,2025-09-13 18:11:46
6480,user4,fear,0.72,2025-09-13 18:11:57
7012,user43,happy,0.96,2025-09-13 18:12:56
7221,user44,angry,0.75,2025-09-13 18:12:58
6531,user23,happy,0.91,2025-09-13 18:13:01
6287,user38,happy,0.9,2025-09-13 18:13:08
7289,user22,fear,0.62,2025-09-13 18:13:36
5994,user18,happy,0.91,2025-09-13 18:14:07
5420,user1,fear,0.67,2025-09-13 18:14:37
5608,user21,sad,0.86,2025-09-13 18:15:02
5741,user16,angry,0.83,2025-09-13 18:15:13
5605,user14,sad,0.84,2025-09-13 18:15:55
6206,user2,fear,0.62,2025-09-13 18:16:27
6518,user45,happy,0.87,2025-09-13 18:16:41
6738,user44,happy,0.88,2025-09-13 18:17:08
7486,user41,surprised,0.86,2025-09-13 18:18:12
6153,user47,fear,0.62,2025-09-13 18:18:15
7425,user2,happy,0.95,2025-09-13 18:19:07
6753,user7,surprised,0.88,2025-09-13 18:19:37
6839,user41,happy,0.97,2025-09-13 18:21:20
5628,user29,angry,0.86,2025-09-13 18:21:31
6145,user20,angry,0.85,2025-09-13 18:21:52
6974,user32,happy,0.94,2025-09-13 18:22:11
7102,user42,happy,0.93,2025-09-13 18:22:22
7307,user47,sad,0.88,2025-09-13 18:23:30
5817,user30,angry,0.8,2025-09-13 18:23:50
6819,user27,happy,0.96,2025-09-13 18:24:01
5161,user12,happy,0.98,2025-09-13 18:24:29
7120,user37,happy,0.85,2025-09-13 18:25:48
6463,user47,fear,0.68,2025-09-13 18:26:07
5712,user45,happy,0.94,2025-09-13 18:26:23
5166,user20,happy,0.9,2025-09-13 18:26:41
5432,user37,surprised,0.84,2025-09-13 18:26:42
7396,user26,fear,0.63,2025-09-13 18:27:17
6075,user15,angry,0.85,2025-09-13 18:27:52
6098,user6,fear,0.78,2025-09-13 18:28:13
5659,user31,angry,0.77,2025-09-13 18:29:56
6269,user33,happy,0.93,2025-09-13 18:31:48
6041,user7,surprised,0.9,2025-09-13 18:32:27
6589,user23,happy,0.97,2025-09-13 18:33:56
6438,user38,angry,0.85,2025-09-13 18:34:13
6695,user50,happy,0.86,2025-09-13 18:34:15
5278,user8,angry,0.9,2025-09-13 18:35:14
5531,user10,sad,0.81,2025-09-13 18:36:10
6509,user4,angry,0.84,2025-09-13 18:37:26
7200,user22,angry,0.82,2025-09-13 18:37:44
5473,user23,sad,0.88,2025-09-13 18:37:52
7014,user42,happy,0.97,2025-09-13 18:40:33
6071,user9,happy,0.89,2025-09-13 18:42:06
5765,user22,happy,0.9,2025-09-13 18:45:20
5694,user3,happy,0.95,2025-09-13 18:45:58
6384,user4,surprised,0.89,2025-09-13 18:47:33
5376,user50,happy,0.94,2025-09-13 18:47:37
6316,user11,happy,0.95,2025-09-13 18:47:37
6605,user8,surprised,0.95,2025-09-13 18:47:46
6357,user44,fear,0.65,2025-09-13 18:49:39
6481,user37,angry,0.75,2025-09-13 18:49:48
7194,user17,angry,0.87,2025-09-13 18:51:07
5689,user18,angry,0.86,2025-09-13 18:51:27
6099,user22,happy,0.86,2025-09-13 18:52:49
6038,user6,angry,0.81,2025-09-13 18:52:50
6899,user1,sad,0.83,2025-09-13 18:54:41
6764,user28,happy,0.93,2025-09-13 18:55:13
6655,user12,happy,0.95,2025-09-13 18:55:40
6399,user45,happy,0.88,2025-09-13 18:55:51
5594,user3,surprised,0.8,2025-09-13 18:55:54
6887,user22,angry,0.79,2025-09-13 18:57:26
5511,user25,angry,0.89,2025-09-13 18:57:45
5229,user7,angry,0.77,2025-09-13 18:57:50
5840,user40,fear,0.7,2025-09-13 18:59:19
7456,user23,happy,0.94,2025-09-13 18:59:23
5249,user10,happy,0.96,2025-09-13 18:59:33
7450,user8,sad,0.79,2025-09-13 19:00:00
5322,user37,happy,0.87,2025-09-13 19:00:19
6902,user49,sad,0.86,2025-09-13 19:00:51
5665,user13,angry,0.85,2025-09-13 19:02:01
5537,user3,happy,0.96,2025-09-13 19:02:08
6111,user24,sad,0.88,2025-09-13 19:02:18
5558,user50,angry,0.8,2025-09-13 19:02:52
6492,user5,happy,0.9,2025-09-13 19:03:10
7387,user44,happy,0.97,2025-09-13 19:04:16
6791,user50,angry,0.88,2025-09-13 19:06:03
5482,user9,fear,0.75,2025-09-13 19:06:15
6219,user8,happy,0.85,2025-09-13 19:06:43
5928,user17,angry,0.82,2025-09-13 19:07:41
7137,user26,happy,0.9,2025-09-13 19:09:33
5381,user41,happy,0.96,2025-09-13 19:10:54
6375,user27,happy,0.87,2025-09-13 19:12:09
6897,user7,surprised,0.87,2025-09-13 19:13:15
5946,user44,happy,0.98,2025-09-13 19:13:31
7119,user35,angry,0.9,2025-09-13 19:13:40
5547,user26,fear,0.67,2025-09-13 19:13:45
5621,user1,surprised,0.87,2025-09-13 19:14:50
6970,user6,happy,0.88,2025-09-13 19:14:56
5562,user29,sad,0.78,2025-09-13 19:15:05
5577,user21,sad,0.87,2025-09-13 19:15:11
7146,user48,happy,0.95,2025-09-13 19:15:16
5804,user15,surprised,0.92,2025-09-13 19:15:39
5797,user11,fear,0.76,2025-09-13 19:16:17
6223,user11,surprised,0.82,2025-09-13 19:17:45
5347,user42,happy,0.89,2025-09-13 19:18:43
6265,user31,happy,0.89,2025-09-13 19:18:59
6908,user14,sad,0.71,2025-09-13 19:19:28
5575,user3,happy,0.97,2025-09-13 19:19:50
5588,user3,angry,0.78,2025-09-13 19:20:19
6101,user29,happy,0.94,2025-09-13 19:20:23
6653,user15,angry,0.9,2025-09-13 19:21:30
7383,user21,sad,0.71,2025-09-13 19:22:00
5316,user33,happy,0.89,2025-09-13 19:22:12
6280,user5,fear,0.71,2025-09-13 19:22:55
7252,user30,sad,0.78,2025-09-13 19:23:45
6061,user13,happy,0.96,2025-09-13 19:23:49
6763,user17,sad,0.81,2025-09-13 19:23:51
5213,user18,angry,0.75,2025-09-13 19:23:58
5700,user16,happy,0.92,2025-09-13 19:25:29
7437,user29,angry,0.85,2025-09-13 19:27:41
6226,user40,sad,0.82,2025-09-13 19:28:05
6148,user26,sad,0.77,2025-09-13 19:28:28
5352,user33,sad,0.82,2025-09-13 19:28:31
5330,user4,happy,0.9,2025-09-13 19:28:50
6100,user41,sad,0.72,2025-09-13 19:30:14
5941,user22,happy,0.95,2025-09-13 19:33:48
6999,user41,happy,0.86,2025-09-13 19:33:53
6838,user35,angry,0.86,2025-09-13 19:36:51
7494,user34,angry,0.86,2025-09-13 19:36:56
5944,user37,happy,0.85,2025-09-13 19:37:01
6422,user34,happy,0.87,2025-09-13 19:37:20
7215,user31,sad,0.71,2025-09-13 19:38:10
5237,user14,happy,0.93,2025-09-13 19:41:12
7491,user14,surprised,0.9,2025-09-13 19:41:41
5179,user41,angry,0.86,2025-09-13 19:42:46
7116,user12,sad,0.85,2025-09-13 19:43:43
5787,user2,fear,0.63,2025-09-13 19:44:03
5619,user44,sad,0.72,2025-09-13 19:44:49
5382,user13,happy,0.9,2025-09-13 19:45:01
5372,user3,sad,0.8,2025-09-13 19:45:20
6868,user27,sad,0.87,2025-09-13 19:45:44
6113,user25,angry,0.88,2025-09-13 19:45:59
6006,user3,surprised,0.8,2025-09-13 19:46:45
6626,user12,angry,0.83,2025-09-13 19:47:18
5538,user44,sad,0.84,2025-09-13 19:47:52
7143,user43,happy,0.93,2025-09-13 19:48:12
6803,user49,sad,0.79,2025-09-13 19:48:42
7336,user35,happy,0.93,2025-09-13 19:48:44
6389,user20,angry,0.85,2025-09-13 19:48:53
7240,user2,sad,0.73,2025-09-13 19:49:02
6427,user37,angry,0.84,2025-09-13 19:49:03
5405,user48,angry,0.79,2025-09-13 19:49:42
6170,user22,happy,0.89,2025-09-13 19:49:44
5293,user23,surprised,0.9,2025-09-13 19:50:33
7395,user6,surprised,0.83,2025-09-13 19:50:35
6444,user50,happy,0.88,2025-09-13 19:51:13
6923,user42,happy,0.93,2025-09-13 19:52:21
6645,user19,happy,0.98,2025-09-13 19:54:25
6746,user6,happy,0.98,2025-09-13 19:54:30
7235,user25,surprised,0.94,2025-09-13 19:55:01
7039,user34,happy,0.94,2025-09-13 19:55:55
7219,user29,happy,0.93,2025-09-13 19:56:41
5291,user22,fear,0.76,2025-09-13 19:57:47
5869,user37,fear,0.64,2025-09-13 19:58:25
5422,user38,happy,0.9,2025-09-13 19:59:50
7321,user49,happy,0.87,2025-09-13 20:00:09
5224,user41,angry,0.75,2025-09-13 20:00:25
7030,user21,happy,0.91,2025-09-13 20:00:36
6592,user28,angry,0.82,2025-09-13 20:00:40
6827,user19,surprised,0.84,2025-09-13 20:01:22
7291,user8,sad,0.86,2025-09-13 20:01:32
5427,user42,sad,0.78,2025-09-13 20:02:21
5722,user13,happy,0.88,2025-09-13 20:02:34
7230,user13,happy,0.94,2025-09-13 20:03:31
6815,user18,happy,0.9,2025-09-13 20:04:02
5828,user9,angry,0.83,2025-09-13 20:04:24
7118,user35,sad,0.73,2025-09-13 20:04:46
7487,user18,sad,0.82,2025-09-13 20:04:53
6268,user33,angry,0.77,2025-09-13 20:05:30
5640,user16,fear,0.62,2025-09-13 20:06:53
5560,user8,happy,0.93,2025-09-13 20:08:11
6221,user22,happy,0.86,2025-09-13 20:08:26
6005,user14,angry,0.85,2025-09-13 20:08:38
7141,user33,happy,0.87,2025-09-13 20:09:05
5411,user6,angry,0.85,2025-09-13 20:09:50
5959,user39,happy,0.97,2025-09-13 20:10:10
6135,user3,angry,0.81,2025-09-13 20:12:03
5171,user34,sad,0.84,2025-09-13 20:12:10
6496,user19,happy,0.96,2025-09-13 20:12:11
5866,user25,happy,0.95,2025-09-13 20:12:16
5328,user36,happy,0.96,2025-09-13 20:12:18
6721,user36,fear,0.78,2025-09-13 20:12:30
6059,user35,angry,0.77,2025-09-13 20:13:41
6432,user8,happy,0.91,2025-09-13 20:14:04
5713,user43,angry,0.81,2025-09-13 20:14:08
6749,user20,sad,0.75,2025-09-13 20:14:26
5586,user26,happy,0.87,2025-09-13 20:14:41
5474,user40,happy,0.92,2025-09-13 20:14:50
6088,user42,happy,0.91,2025-09-13 20:14:53
6497,user28,happy,0.89,2025-09-13 20:15:41
5843,user28,happy,0.95,2025-09-13 20:15:50
5334,user10,angry,0.85,2025-09-13 20:15:58
7448,user25,happy,0.97,2025-09-13 20:17:43
6439,user3,fear,0.75,2025-09-13 20:18:01
6017,user32,surprised,0.86,2025-09-13 20:18:12
7403,user44,fear,0.76,2025-09-13 20:20:35
6766,user50,angry,0.87,2025-09-13 20:21:10
5245,user29,sad,0.77,2025-09-13 20:21:23
6180,user44,happy,0.9,2025-09-13 20:21:52
5876,user13,happy,0.98,2025-09-13 20:21:55
6650,user9,happy,0.93,2025-09-13 20:22:23
5460,user39,happy,0.91,2025-09-13 20:26:17
6228,user29,happy,0.93,2025-09-13 20:26:18
6581,user31,sad,0.85,2025-09-13 20:27:09
5544,user44,happy,0.97,2025-09-13 20:27:35
7015,user23,angry,0.77,2025-09-13 20:27:38
7031,user46,fear,0.78,2025-09-13 20:27:51
6131,user23,happy,0.95,2025-09-13 20:28:45
6945,user7,sad,0.75,2025-09-13 20:28:58
6900,user37,angry,0.89,2025-09-13 20:29:08
6741,user13,fear,0.79,2025-09-13 20:29:41
6019,user12,angry,0.88,2025-09-13 20:29:56
7439,user20,happy,0.93,2025-09-13 20:29:56
5597,user45,happy,0.96,2025-09-13 20:30:05
6482,user47,happy,0.86,2025-09-13 20:30:20
5956,user40,sad,0.83,2025-09-13 20:34:22
5211,user42,happy,0.94,2025-09-13 20:34:47
7188,user21,happy,0.94,2025-09-13 20:36:38
7329,user1,angry,0.88,2025-09-13 20:38:12
7046,user31,sad,0.85,2025-09-13 20:38:46
7003,user33,happy,0.93,2025-09-13 20:39:15
6126,user26,happy,0.9,2025-09-13 20:40:47
5749,user42,happy,0.97,2025-09-13 20:40:51
6198,user44,angry,0.75,2025-09-13 20:41:03
7097,user29,happy,0.88,2025-09-13 20:41:14
6944,user21,sad,0.81,2025-09-13 20:44:15
7337,user30,happy,0.92,2025-09-13 20:44:40
7364,user33,sad,0.81,2025-09-13 20:45:26
6584,user9,happy,0.88,2025-09-13 20:45:49
5783,user3,sad,0.8,2025-09-13 20:46:46
6440,user26,happy,0.9,2025-09-13 20:46:52
7037,user39,fear,0.68,2025-09-13 20:47:32
6966,user7,sad,0.85,2025-09-13 20:48:11
5673,user30,sad,0.81,2025-09-13 20:49:55
6437,user39,angry,0.9,2025-09-13 20:50:11
6775,user34,angry,0.87,2025-09-13 20:50:47
5601,user6,fear,0.61,2025-09-13 20:51:04
5672,user39,sad,0.8,2025-09-13 20:51:11
7005,user24,happy,0.85,2025-09-13 20:51:37
5849,user39,angry,0.84,2025-09-13 20:52:08
5982,user27,fear,0.62,2025-09-13 20:54:25
7386,user12,surprised,0.83,2025-09-13 20:55:47
5367,user1,sad,0.82,2025-09-13 20:56:15
5207,user21,angry,0.76,2025-09-13 20:56:22
5818,user49,angry,0.86,2025-09-13 20:56:39
6959,user13,happy,0.92,2025-09-13 20:56:52
6670,user27,angry,0.82,2025-09-13 20:56:59
5552,user25,fear,0.77,2025-09-13 20:57:01
6737,user35,surprised,0.9,2025-09-13 20:57:51
6511,user46,angry,0.78,2025-09-13 20:58:04
7063,user7,fear,0.62,2025-09-13 20:59:18
6694,user47,happy,0.86,2025-09-13 20:59:36
5642,user2,happy,0.96,2025-09-13 20:59:49
5314,user24,fear,0.69,2025-09-13 20:59:55
7351,user21,fear,0.6,2025-09-13 21:03:02
6377,user19,happy,0.96,2025-09-13 21:03:19
5692,user15,fear,0.65,2025-09-13 21:03:23
6647,user27,angry,0.76,2025-09-13 21:04:25
7058,user3,angry,0.77,2025-09-13 21:04:55
6946,user17,sad,0.86,2025-09-13 21:05:01
5260,user7,happy,0.89,2025-09-13 21:05:07
6271,user17,happy,0.91,2025-09-13 21:05:42
6822,user21,angry,0.85,2025-09-13 21:06:27
7089,user29,angry,0.77,2025-09-13 21:07:31
6594,user34,sad,0.82,2025-09-13 21:07:40
6471,user25,angry,0.82,2025-09-13 21:09:45
7510,user10,angry,0.84,2025-09-13 21:09:49
5271,user7,happy,0.95,2025-09-13 21:10:54
5327,user33,angry,0.83,2025-09-13 21:11:03
6914,user28,sad,0.79,2025-09-13 21:11:04
7155,user33,fear,0.68,2025-09-13 21:11:25
5221,user15,happy,0.97,2025-09-13 21:11:41
6556,user1,surprised,0.83,2025-09-13 21:12:51
7427,user12,happy,0.96,2025-09-13 21:12:53
5573,user9,angry,0.87,2025-09-13 21:12:56
6598,user43,surprised,0.92,2025-09-13 21:14:04
6906,user1,angry,0.78,2025-09-13 21:15:07
5259,user39,sad,0.78,2025-09-13 21:15:51
5503,user5,happy,0.89,2025-09-13 21:15:55
5862,user2,fear,0.62,2025-09-13 21:16:00
5939,user8,happy,0.89,2025-09-13 21:16:37
6639,user10,happy,0.88,2025-09-13 21:17:21
5240,user23,happy,0.93,2025-09-13 21:17:28
6372,user26,happy,0.96,2025-09-13 21:17:40
7426,user48,surprised,0.91,2025-09-13 21:17:47
7136,user44,happy,0.96,2025-09-13 21:17:54
7090,user7,happy,0.87,2025-09-13 21:18:56
6984,user32,sad,0.78,2025-09-13 21:19:57
5616,user23,angry,0.82,2025-09-13 21:20:02
7266,user36,angry,0.82,2025-09-13 21:20:25
6102,user24,surprised,0.82,2025-09-13 21:22:45
6547,user8,happy,0.94,2025-09-13 21:25:17
5379,user32,surprised,0.82,2025-09-13 21:33:12
7196,user4,happy,0.87,2025-09-13 21:33:44
6057,user19,fear,0.68,2025-09-13 21:35:00
6884,user28,happy,0.97,2025-09-13 21:35:23
5888,user49,sad,0.79,2025-09-13 21:36:12
6943,user16,happy,0.9,2025-09-13 21:36:14
6861,user28,fear,0.66,2025-09-13 21:36:30
5653,user16,sad,0.76,2025-09-13 21:37:19
6813,user23,fear,0.75,2025-09-13 21:37:44
7145,user35,fear,0.75,2025-09-13 21:37:55
7129,user33,happy,0.87,2025-09-13 21:38:32
5231,user50,fear,0.67,2025-09-13 21:38:57
6782,user49,surprised,0.89,2025-09-13 21:39:41
6684,user15,fear,0.66,2025-09-13 21:41:34
5824,user36,surprised,0.85,2025-09-13 21:42:02
6502,user14,happy,0.91,2025-09-13 21:42:10
6216,user49,sad,0.81,2025-09-13 21:42:27
6912,user10,fear,0.75,2025-09-13 21:42:32
6862,user16,sad,0.82,2025-09-13 21:42:46
5831,user50,sad,0.87,2025-09-13 21:43:16
6412,user39,angry,0.85,2025-09-13 21:43:58
7485,user18,happy,0.96,2025-09-13 21:44:45
6371,user19,sad,0.84,2025-09-13 21:44:58
5874,user27,surprised,0.87,2025-09-13 21:45:56
5609,user18,angry,0.8,2025-09-13 21:47:18
7466,user31,angry,0.83,2025-09-13 21:47:32
6470,user26,angry,0.79,2025-09-13 21:47:33
6840,user14,surprised,0.92,2025-09-13 21:48:16
7428,user5,happy,0.95,2025-09-13 21:48:30
7021,user10,angry,0.81,2025-09-13 21:48:31
7481,user25,angry,0.77,2025-09-13 21:48:58
5408,user3,sad,0.77,2025-09-13 21:48:59
5647,user18,sad,0.77,2025-09-13 21:49:15
6418,user50,happy,0.91,2025-09-13 21:50:51
6637,user9,surprised,0.81,2025-09-13 21:51:07
5809,user29,fear,0.6,2025-09-13 21:51:13
5268,user27,happy,0.97,2025-09-13 21:51:38
5990,user14,happy,0.88,2025-09-13 21:51:51
6843,user15,fear,0.63,2025-09-13 21:52:10
7213,user29,angry,0.82,2025-09-13 21:52:54
7349,user19,happy,0.89,2025-09-13 21:53:20
5841,user30,sad,0.75,2025-09-13 21:53:26
7163,user39,happy,0.87,2025-09-13 21:54:02
7080,user5,happy,0.89,2025-09-13 21:54:46
5435,user25,fear,0.62,2025-09-13 21:54:58
5371,user38,happy,0.89,2025-09-13 21:56:12
5287,user25,sad,0.82,2025-09-13 21:57:08
6842,user2,happy,0.86,2025-09-13 21:57:12
5395,user13,fear,0.74,2025-09-13 21:57:24
6866,user16,sad,0.74,2025-09-13 21:57:43
6790,user35,happy,0.91,2025-09-13 21:58:40
6443,user10,happy,0.93,2025-09-13 21:58:49
7278,user4,sad,0.87,2025-09-13 21:59:20
5960,user9,sad,0.83,2025-09-13 22:00:11
6068,user49,happy,0.88,2025-09-13 22:00:15
6789,user20,happy,0.86,2025-09-13 22:00:16
7388,user39,surprised,0.95,2025-09-13 22:00:22
6430,user42,happy,0.96,2025-09-13 22:00:48
7325,user22,fear,0.8,2025-09-13 22:01:38
6517,user17,sad,0.86,2025-09-13 22:01:45
6821,user43,happy,0.85,2025-09-13 22:03:18
5363,user34,happy,0.92,2025-09-13 22:03:52
7000,user12,happy,0.91,2025-09-13 22:03:58
5911,user23,happy,0.89,2025-09-13 22:05:01
6545,user32,surprised,0.83,2025-09-13 22:05:03
5890,user23,surprised,0.93,2025-09-13 22:05:58
6913,user21,fear,0.7,2025-09-13 22:06:26
5484,user8,sad,0.74,2025-09-13 22:06:28
5190,user10,fear,0.65,2025-09-13 22:07:21
5508,user15,angry,0.81,2025-09-13 22:07:29
6021,user31,sad,0.76,2025-09-13 22:08:27
6334,user12,happy,0.86,2025-09-13 22:08:35
5553,user17,happy,0.91,2025-09-13 22:09:11
5418,user3,happy,0.85,2025-09-13 22:09:24
7201,user24,surprised,0.84,2025-09-13 22:09:57
5340,user12,surprised,0.85,2025-09-13 22:10:27
5449,user25,happy,0.86,2025-09-13 22:10:35
5678,user48,surprised,0.94,2025-09-13 22:12:00
5525,user14,surprised,0.94,2025-09-13 22:12:08
6580,user6,sad,0.76,2025-09-13 22:13:44
7293,user35,sad,0.72,2025-09-13 22:13:46
7333,user42,sad,0.81,2025-09-13 22:16:04
5476,user49,happy,0.91,2025-09-13 22:16:55
7330,user1,happy,0.91,2025-09-13 22:17:13
7056,user16,sad,0.77,2025-09-13 22:17:19
5310,user15,happy,0.92,2025-09-13 22:19:57
5915,user20,happy,0.98,2025-09-13 22:21:26
7305,user13,angry,0.86,2025-09-13 22:22:10
5582,user4,surprised,0.83,2025-09-13 22:22:58
7407,user39,surprised,0.82,2025-09-13 22:23:05
6243,user9,happy,0.96,2025-09-13 22:23:11
5351,user3,angry,0.88,2025-09-13 22:23:14
7418,user12,angry,0.8,2025-09-13 22:25:50
6931,user35,happy,0.95,2025-09-13 22:26:10
7202,user49,happy,0.95,2025-09-13 22:26:39
6796,user45,happy,0.92,2025-09-13 22:27:23
5656,user11,angry,0.81,2025-09-13 22:27:55
6587,user26,fear,0.64,2025-09-13 22:28:21
6731,user37,happy,0.89,2025-09-13 22:30:05
7326,user19,angry,0.82,2025-09-13 22:30:37
5714,user12,happy,0.95,2025-09-13 22:33:12
5296,user13,happy,0.93,2025-09-13 22:33:24
5521,user34,angry,0.86,2025-09-13 22:33:34
6811,user18,fear,0.7,2025-09-13 22:33:48
7413,user27,happy,0.97,2025-09-13 22:34:28
5740,user23,angry,0.85,2025-09-13 22:35:03
5784,user3,happy,0.97,2025-09-13 22:35:23
7152,user31,happy,0.85,2025-09-13 22:35:57
5216,user21,angry,0.82,2025-09-13 22:37:03
6091,user25,happy,0.93,2025-09-13 22:37:31
5614,user18,happy,0.93,2025-09-13 22:37:43
6127,user45,happy,0.88,2025-09-13 22:37:49
6139,user2,angry,0.88,2025-09-13 22:38:41
6064,user30,angry,0.82,2025-09-13 22:39:03
5589,user49,happy,0.97,2025-09-13 22:39:14
7061,user3,happy,0.96,2025-09-13 22:39:31
5298,user39,happy,0.97,2025-09-13 22:39:41
6230,user19,happy,0.94,2025-09-13 22:39:50
7069,user48,surprised,0.88,2025-09-13 22:39:58
5885,user32,sad,0.79,2025-09-13 22:42:12
5704,user29,angry,0.83,2025-09-13 22:42:58
5184,user44,angry,0.81,2025-09-13 22:43:11
5252,user9,sad,0.76,2025-09-13 22:43:35
6037,user27,sad,0.87,2025-09-13 22:44:12
6394,user3,happy,0.94,2025-09-13 22:45:02
6141,user8,happy,0.86,2025-09-13 22:45:05
6069,user17,angry,0.8,2025-09-13 22:45:46
5865,user18,happy,0.95,2025-09-13 22:45:47
5579,user22,sad,0.84,2025-09-13 22:45:55
7135,user35,surprised,0.82,2025-09-13 22:46:08
7077,user44,happy,0.88,2025-09-13 22:46:13
5329,user4,surprised,0.82,2025-09-13 22:46:56
6289,user50,sad,0.86,2025-09-13 22:47:06
6705,user17,happy,0.94,2025-09-13 22:47:23
6353,user43,happy,0.97,2025-09-13 22:47:58
6752,user13,surprised,0.89,2025-09-13 22:48:18
6323,user42,angry,0.79,2025-09-13 22:48:22
7081,user29,fear,0.66,2025-09-13 22:49:01
6918,user15,sad,0.87,2025-09-13 22:49:44
6500,user18,fear,0.68,2025-09-13 22:50:50
5523,user10,angry,0.85,2025-09-13 22:50:57
5428,user29,angry,0.81,2025-09-13 22:51:03
6606,user42,sad,0.84,2025-09-13 22:51:34
6490,user45,happy,0.93,2025-09-13 22:51:45
5292,user27,sad,0.85,2025-09-13 22:52:11
5318,user41,fear,0.69,2025-09-13 22:52:28
5822,user33,fear,0.64,2025-09-13 22:53:21
6785,user31,angry,0.88,2025-09-13 22:53:46
6397,user40,happy,0.91,2025-09-13 22:53:58
6982,user2,angry,0.84,2025-09-13 22:54:08
5488,user47,fear,0.65,2025-09-13 22:54:10
6298,user22,angry,0.81,2025-09-13 22:55:05
5654,user14,angry,0.77,2025-09-13 22:56:39
5465,user45,surprised,0.88,2025-09-13 22:56:51
5220,user16,happy,0.93,2025-09-13 22:57:13
6681,user50,fear,0.67,2025-09-13 22:57:15
6856,user17,happy,0.93,2025-09-13 22:58:42
5238,user11,fear,0.64,2025-09-13 22:59:16
6864,user3,angry,0.82,2025-09-13 22:59:28
6750,user46,sad,0.77,2025-09-13 23:00:01
7103,user38,sad,0.76,2025-09-13 23:00:40
5583,user20,angry,0.88,2025-09-13 23:01:12
7057,user24,sad,0.87,2025-09-13 23:01:50
6304,user42,angry,0.85,2025-09-13 23:02:53
6478,user22,angry,0.75,2025-09-13 23:04:08
6588,user12,sad,0.86,2025-09-13 23:05:54
5479,user42,fear,0.72,2025-09-13 23:06:58
5814,user19,sad,0.71,2025-09-13 23:07:39
6094,user16,happy,0.9,2025-09-13 23:08:53
5218,user17,happy,0.86,2025-09-13 23:09:08
6932,user36,happy,0.93,2025-09-13 23:09:37
6677,user9,happy,0.86,2025-09-13 23:13:09
5177,user17,happy,0.97,2025-09-13 23:13:18
6224,user25,fear,0.66,2025-09-13 23:14:33
5966,user20,surprised,0.88,2025-09-13 23:14:43
5914,user30,sad,0.83,2025-09-13 23:14:56
5241,user22,fear,0.76,2025-09-13 23:15:03
5934,user17,angry,0.84,2025-09-13 23:15:08
6521,user3,surprised,0.82,2025-09-13 23:16:01
6346,user39,happy,0.95,2025-09-13 23:16:06
6425,user40,happy,0.92,2025-09-13 23:18:20
6092,user10,happy,0.95,2025-09-13 23:19:01
7274,user44,happy,0.92,2025-09-13 23:19:23
5343,user9,happy,0.94,2025-09-13 23:19:55
5891,user36,sad,0.74,2025-09-13 23:20:08
5872,user41,happy,0.93,2025-09-13 23:20:12
6810,user16,happy,0.88,2025-09-13 23:20:15
6886,user19,sad,0.83,2025-09-13 23:20:34
6340,user20,happy,0.9,2025-09-13 23:20:56
5362,user47,happy,0.91,2025-09-13 23:22:13
6535,user41,fear,0.68,2025-09-13 23:23:50
5810,user11,angry,0.78,2025-09-13 23:24:45
5940,user21,surprised,0.89,2025-09-13 23:24:58
5490,user20,sad,0.78,2025-09-13 23:25:15
6836,user48,happy,0.86,2025-09-13 23:25:32
5847,user50,surprised,0.8,2025-09-13 23:25:37
6171,user10,sad,0.79,2025-09-13 23:25:43
7149,user39,happy,0.96,2025-09-13 23:28:17
5743,user1,happy,0.85,2025-09-13 23:28:30
7301,user40,sad,0.77,2025-09-13 23:28:35
6675,user37,sad,0.74,2025-09-13 23:29:09
5606,user2,angry,0.87,2025-09-13 23:29:14
6507,user23,angry,0.84,2025-09-13 23:29:24
6831,user25,angry,0.87,2025-09-13 23:30:35
7053,user14,surprised,0.84,2025-09-13 23:30:37
5181,user30,surprised,0.85,2025-09-13 23:30:39
6253,user37,happy,0.98,2025-09-13 23:30:41
7409,user18,angry,0.87,2025-09-13 23:30:54
6096,user31,angry,0.79,2025-09-13 23:30:57
5801,user7,sad,0.7,2025-09-13 23:31:28
6942,user12,angry,0.79,2025-09-13 23:32:01
6903,user16,fear,0.72,2025-09-13 23:32:21
7339,user13,angry,0.82,2025-09-13 23:32:27
7273,user24,angry,0.84,2025-09-13 23:33:48
6715,user31,fear,0.65,2025-09-13 23:34:01
6155,user46,happy,0.86,2025-09-13 23:34:27
5887,user20,happy,0.97,2025-09-13 23:34:44
5551,user27,angry,0.82,2025-09-13 23:36:59
5684,user46,fear,0.77,2025-09-13 23:37:14
5323,user29,fear,0.76,2025-09-13 23:37:38
5987,user2,sad,0.87,2025-09-13 23:39:23
5649,user5,surprised,0.81,2025-09-13 23:41:17
5641,user15,angry,0.82,2025-09-13 23:41:38
6474,user8,sad,0.7,2025-09-13 23:41:48
6830,user21,happy,0.95,2025-09-13 23:42:00
6710,user25,angry,0.88,2025-09-13 23:42:08
5468,user13,happy,0.95,2025-09-13 23:42:31
6602,user27,angry,0.78,2025-09-13 23:43:17
5813,user17,sad,0.76,2025-09-13 23:43:44
5472,user39,fear,0.65,2025-09-13 23:43:51
6260,user21,angry,0.89,2025-09-13 23:44:18
7503,user43,happy,0.94,2025-09-13 23:44:44
6728,user24,angry,0.85,2025-09-13 23:46:02
5878,user13,angry,0.76,2025-09-13 23:47:12
7382,user21,happy,0.97,2025-09-13 23:47:16
5780,user29,surprised,0.8,2025-09-13 23:47:57
5559,user28,sad,0.78,2025-09-13 23:47:57
7512,user42,angry,0.8,2025-09-13 23:48:16
6355,user15,happy,0.85,2025-09-13 23:49:07
5980,user32,angry,0.83,2025-09-13 23:49:20
5256,user46,angry,0.88,2025-09-13 23:50:59
7004,user17,sad,0.75,2025-09-13 23:52:19
5404,user43,happy,0.89,2025-09-13 23:52:34
7332,user22,happy,0.93,2025-09-13 23:52:50
5269,user20,fear,0.77,2025-09-13 23:52:52
6255,user16,happy,0.85,2025-09-13 23:53:23
7203,user22,surprised,0.92,2025-09-13 23:54:17
5306,user22,surprised,0.92,2025-09-13 23:54:21
6292,user38,happy,0.91,2025-09-13 23:54:28
5909,user30,angry,0.8,2025-09-13 23:56:17
5454,user37,angry,0.82,2025-09-13 23:56:41
6654,user23,happy,0.91,2025-09-13 23:59:29
5792,user22,happy,0.94,2025-09-13 23:59:37
9169,user33,sad,0.7,2025-09-14 00:00:17
9590,user17,happy,0.92,2025-09-14 00:01:21
9751,user50,angry,0.76,2025-09-14 00:01:46
8053,user46,happy,0.89,2025-09-14 00:02:02
9594,user24,angry,0.86,2025-09-14 00:02:16
9630,user14,happy,0.96,2025-09-14 00:02:44
9882,user25,sad,0.72,2025-09-14 00:02:46
9838,user1,happy,0.91,2025-09-14 00:03:03
9138,user39,sad,0.86,2025-09-14 00:03:11
9614,user2,angry,0.76,2025-09-14 00:04:15
9731,user12,angry,0.81,2025-09-14 00:05:10
7546,user46,surprised,0.94,2025-09-14 00:05:16
9571,user49,sad,0.73,2025-09-14 00:06:14
7668,user6,surprised,0.94,2025-09-14 00:07:13
8422,user19,happy,0.97,2025-09-14 00:07:15
8761,user7,angry,0.85,2025-09-14 00:08:09
8381,user15,surprised,0.81,2025-09-14 00:08:19
8731,user19,fear,0.8,2025-09-14 00:10:58
7695,user15,happy,0.89,2025-09-14 00:11:56
7869,user49,surprised,0.87,2025-09-14 00:12:00
8581,user3,surprised,0.88,2025-09-14 00:12:19
8258,user10,happy,0.9,2025-09-14 00:13:40
8065,user50,sad,0.71,2025-09-14 00:14:20
9267,user13,angry,0.84,2025-09-14 00:14:26
9087,user50,sad,0.84,2025-09-14 00:14:48
9225,user7,happy,0.98,2025-09-14 00:14:59
8262,user37,happy,0.92,2025-09-14 00:16:21
9261,user6,angry,0.79,2025-09-14 00:16:40
9490,user13,happy,0.89,2025-09-14 00:17:43
9019,user47,sad,0.7,2025-09-14 00:18:04
7970,user14,fear,0.63,2025-09-14 00:18:31
9509,user17,angry,0.83,2025-09-14 00:19:32
7743,user20,happy,0.94,2025-09-14 00:20:39
9806,user31,surprised,0.83,2025-09-14 00:20:40
8379,user40,angry,0.8,2025-09-14 00:20:53
8505,user50,sad,0.8,2025-09-14 00:20:56
9213,user4,sad,0.74,2025-09-14 00:21:34
8041,user37,fear,0.68,2025-09-14 00:21:55
9376,user7,sad,0.75,2025-09-14 00:24:27
9485,user39,angry,0.85,2025-09-14 00:24:55
8850,user12,sad,0.83,2025-09-14 00:25:19
9386,user37,angry,0.86,2025-09-14 00:25:48
8097,user38,happy,0.97,2025-09-14 00:25:51
8601,user3,happy,0.87,2025-09-14 00:27:37
9695,user6,happy,0.87,2025-09-14 00:27:40
9938,user50,happy,0.88,2025-09-14 00:29:35
8219,user14,happy,0.94,2025-09-14 00:30:05
7625,user13,angry,0.76,2025-09-14 00:31:19
8468,user4,angry,0.84,2025-09-14 00:31:27
7843,user22,angry,0.85,2025-09-14 00:31:42
7913,user22,surprised,0.82,2025-09-14 00:32:23
8628,user36,happy,0.85,2025-09-14 00:32:25
9767,user48,angry,0.86,2025-09-14 00:33:35
8423,user5,angry,0.89,2025-09-14 00:33:36
8667,user42,fear,0.63,2025-09-14 00:34:10
9317,user3,happy,0.96,2025-09-14 00:34:17
9337,user49,happy,0.89,2025-09-14 00:34:47
9659,user37,surprised,0.83,2025-09-14 00:35:19
9007,user17,angry,0.77,2025-09-14 00:35:28
9071,user38,happy,0.94,2025-09-14 00:36:46
8642,user10,happy,0.96,2025-09-14 00:36:55
8853,user48,happy,0.96,2025-09-14 00:37:00
7944,user50,angry,0.85,2025-09-14 00:37:09
9953,user17,surprised,0.92,2025-09-14 00:37:35
8015,user41,angry,0.78,2025-09-14 00:38:02
8253,user33,surprised,0.84,2025-09-14 00:39:01
9906,user29,fear,0.78,2025-09-14 00:39:08
7522,user2,happy,0.85,2025-09-14 00:39:37
7682,user41,angry,0.77,2025-09-14 00:39:44
9290,user33,angry,0.88,2025-09-14 00:39:47
8899,user15,happy,0.94,2025-09-14 00:40:34
8593,user6,happy,0.95,2025-09-14 00:42:02
8375,user46,happy,0.89,2025-09-14 00:43:23
9355,user30,angry,0.84,2025-09-14 00:43:28
9682,user14,happy,0.98,2025-09-14 00:43:36
8490,user33,angry,0.79,2025-09-14 00:45:46
7943,user30,angry,0.76,2025-09-14 00:47:08
8774,user48,happy,0.9,2025-09-14 00:47:16
9265,user5,angry,0.88,2025-09-14 00:47:20
8866,user3,surprised,0.92,2025-09-14 00:47:37
8384,user29,angry,0.77,2025-09-14 00:49:16
8755,user19,angry,0.77,2025-09-14 00:49:43
9743,user50,happy,0.89,2025-09-14 00:49:56
9692,user49,angry,0.79,2025-09-14 00:50:08
9113,user39,happy,0.91,2025-09-14 00:51:33
7709,user26,surprised,0.8,2025-09-14 00:51:35
8392,user20,angry,0.8,2025-09-14 00:52:16
9452,user40,angry,0.84,2025-09-14 00:52:43
7629,user32,happy,0.91,2025-09-14 00:53:00
8501,user9,angry,0.79,2025-09-14 00:54:16
9086,user25,surprised,0.94,2025-09-14 00:54:57
8818,user10,happy,0.89,2025-09-14 00:55:19
9002,user14,happy,0.9,2025-09-14 00:56:13
7679,user41,happy,0.91,2025-09-14 00:56:52
9533,user31,surprised,0.83,2025-09-14 00:57:31
8371,user30,surprised,0.84,2025-09-14 00:57:52
8401,user19,surprised,0.81,2025-09-14 00:58:40
9132,user7,angry,0.83,2025-09-14 00:58:57
8558,user15,fear,0.71,2025-09-14 00:58:58
9256,user45,fear,0.73,2025-09-14 00:59:07
9185,user18,surprised,0.93,2025-09-14 00:59:11
8580,user32,happy,0.86,2025-09-14 00:59:57
8405,user50,surprised,0.87,2025-09-14 01:00:15
8756,user6,sad,0.85,2025-09-14 01:00:26
8446,user28,surprised,0.81,2025-09-14 01:01:19
8927,user23,happy,0.88,2025-09-14 01:01:37
9081,user49,happy,0.95,2025-09-14 01:03:02
7531,user21,surprised,0.85,2025-09-14 01:03:09
9810,user14,fear,0.6,2025-09-14 01:04:14
8475,user25,happy,0.86,2025-09-14 01:04:31
7749,user25,sad,0.85,2025-09-14 01:04:56
9609,user9,angry,0.81,2025-09-14 01:05:43
7863,user40,fear,0.78,2025-09-14 01:06:00
8106,user48,sad,0.75,2025-09-14 01:06:58
7940,user20,surprised,0.91,2025-09-14 01:08:02
9221,user18,angry,0.76,2025-09-14 01:08:19
7523,user46,angry,0.79,2025-09-14 01:09:16
8519,user3,surprised,0.95,2025-09-14 01:09:25
8931,user25,fear,0.63,2025-09-14 01:10:28
8965,user2,angry,0.86,2025-09-14 01:11:04
8139,user14,surprised,0.82,2025-09-14 01:12:06
8590,user48,happy,0.96,2025-09-14 01:12:37
9238,user25,happy,0.98,2025-09-14 01:13:02
8675,user12,surprised,0.87,2025-09-14 01:13:30
7577,user35,happy,0.92,2025-09-14 01:13:34
8478,user40,fear,0.7,2025-09-14 01:13:49
9387,user17,fear,0.78,2025-09-14 01:13:55
9255,user48,angry,0.83,2025-09-14 01:14:55
9796,user47,angry,0.84,2025-09-14 01:15:04
8393,user42,angry,0.86,2025-09-14 01:15:24
9344,user13,happy,0.98,2025-09-14 01:16:43
8703,user1,angry,0.76,2025-09-14 01:18:08
9179,user44,happy,0.95,2025-09-14 01:20:07
8864,user43,surprised,0.95,2025-09-14 01:20:25
9451,user43,fear,0.71,2025-09-14 01:21:48
8894,user43,happy,0.89,2025-09-14 01:22:22
9874,user21,happy,0.94,2025-09-14 01:22:48
9029,user13,surprised,0.87,2025-09-14 01:23:10
8641,user9,happy,0.94,2025-09-14 01:23:43
7652,user29,happy,0.92,2025-09-14 01:24:24
8893,user22,surprised,0.9,2025-09-14 01:25:06
8047,user4,sad,0.76,2025-09-14 01:25:42
7937,user1,angry,0.87,2025-09-14 01:25:43
9763,user40,angry,0.76,2025-09-14 01:27:23
7676,user30,angry,0.8,2025-09-14 01:27:39
9124,user20,happy,0.87,2025-09-14 01:27:55
9111,user27,happy,0.86,2025-09-14 01:28:10
7587,user27,angry,0.84,2025-09-14 01:29:02
8510,user1,angry,0.79,2025-09-14 01:29:37
8669,user4,surprised,0.81,2025-09-14 01:30:01
7645,user43,happy,0.91,2025-09-14 01:30:29
9858,user39,fear,0.64,2025-09-14 01:30:30
8228,user13,surprised,0.89,2025-09-14 01:30:39
9520,user43,angry,0.85,2025-09-14 01:30:49
8851,user29,angry,0.76,2025-09-14 01:30:54
9803,user4,fear,0.7,2025-09-14 01:31:09
8203,user29,sad,0.78,2025-09-14 01:32:22
9005,user47,angry,0.84,2025-09-14 01:33:44
9040,user23,sad,0.71,2025-09-14 01:34:25
9243,user47,happy,0.98,2025-09-14 01:34:25
7708,user44,surprised,0.89,2025-09-14 01:35:08
7659,user13,happy,0.96,2025-09-14 01:35:09
9220,user49,fear,0.73,2025-09-14 01:35:18
8064,user18,angry,0.79,2025-09-14 01:35:35
7556,user41,surprised,0.83,2025-09-14 01:35:45
9276,user16,happy,0.92,2025-09-14 01:35:57
7657,user24,angry,0.85,2025-09-14 01:36:42
8195,user33,happy,0.95,2025-09-14 01:37:16
9388,user38,happy,0.93,2025-09-14 01:37:56
9822,user48,surprised,0.82,2025-09-14 01:38:12
8086,user2,happy,0.94,2025-09-14 01:38:29
8687,user40,sad,0.86,2025-09-14 01:38:34
9046,user46,surprised,0.86,2025-09-14 01:38:56
8692,user13,angry,0.87,2025-09-14 01:39:40
9041,user11,happy,0.91,2025-09-14 01:39:49
7900,user20,angry,0.88,2025-09-14 01:40:04
7764,user16,fear,0.76,2025-09-14 01:40:19
9167,user12,surprised,0.94,2025-09-14 01:41:43
8218,user20,sad,0.72,2025-09-14 01:41:43
8419,user40,happy,0.96,2025-09-14 01:41:53
7976,user27,happy,0.96,2025-09-14 01:42:23
9177,user38,happy,0.91,2025-09-14 01:42:59
7651,user26,fear,0.76,2025-09-14 01:43:21
8271,user34,happy,0.95,2025-09-14 01:43:27
9791,user4,happy,0.88,2025-09-14 01:43:44
8648,user2,happy,0.95,2025-09-14 01:44:18
9448,user24,fear,0.71,2025-09-14 01:44:38
8482,user7,happy,0.88,2025-09-14 01:44:45
9685,user19,angry,0.76,2025-09-14 01:45:15
9596,user45,sad,0.82,2025-09-14 01:45:39
8309,user2,happy,0.96,2025-09-14 01:45:46
9284,user11,fear,0.66,2025-09-14 01:46:49
8956,user32,happy,0.93,2025-09-14 01:47:13
7669,user41,happy,0.96,2025-09-14 01:47:39
9482,user24,fear,0.7,2025-09-14 01:48:22
8045,user48,happy,0.87,2025-09-14 01:48:50
9945,user37,happy,0.94,2025-09-14 01:48:56
9153,user39,angry,0.85,2025-09-14 01:48:58
9151,user27,angry,0.79,2025-09-14 01:49:29
7830,user30,sad,0.71,2025-09-14 01:49:32
8785,user43,sad,0.76,2025-09-14 01:49:33
9582,user44,fear,0.67,2025-09-14 01:49:46
7553,user9,surprised,0.8,2025-09-14 01:50:45
9052,user36,angry,0.86,2025-09-14 01:51:03
8213,user28,surprised,0.87,2025-09-14 01:51:15
8500,user23,happy,0.9,2025-09-14 01:51:35
9110,user13,surprised,0.81,2025-09-14 01:51:39
9382,user13,angry,0.76,2025-09-14 01:52:20
8562,user23,angry,0.79,2025-09-14 01:52:35
9444,user43,fear,0.63,2025-09-14 01:52:44
8283,user50,happy,0.91,2025-09-14 01:53:13
8639,user1,happy,0.94,2025-09-14 01:54:14
9747,user16,happy,0.92,2025-09-14 01:54:20
7608,user2,fear,0.72,2025-09-14 01:54:23
8856,user33,sad,0.86,2025-09-14 01:54:39
9592,user25,happy,0.97,2025-09-14 01:55:58
8496,user50,angry,0.82,2025-09-14 01:56:22
7822,user8,happy,0.87,2025-09-14 01:57:24
7811,user25,happy,0.96,2025-09-14 01:57:56
7842,user20,fear,0.64,2025-09-14 01:58:16
7774,user49,sad,0.83,2025-09-14 01:59:00
9140,user40,sad,0.83,2025-09-14 02:01:30
8420,user48,angry,0.76,2025-09-14 02:02:02
8525,user47,surprised,0.81,2025-09-14 02:02:59
8966,user37,happy,0.89,2025-09-14 02:04:13
9054,user40,happy,0.89,2025-09-14 02:04:28
7985,user2,happy,0.92,2025-09-14 02:04:32
7982,user32,angry,0.85,2025-09-14 02:06:38
9570,user50,fear,0.78,2025-09-14 02:07:36
8849,user42,happy,0.93,2025-09-14 02:07:48
9297,user8,happy,0.94,2025-09-14 02:08:01
9655,user9,happy,0.89,2025-09-14 02:09:07
8941,user49,happy,0.91,2025-09-14 02:09:36
9060,user6,happy,0.9,2025-09-14 02:10:32
9907,user40,happy,0.87,2025-09-14 02:11:00
8971,user27,angry,0.76,2025-09-14 02:11:26
8138,user25,fear,0.61,2025-09-14 02:12:02
9760,user3,fear,0.67,2025-09-14 02:12:53
8556,user20,fear,0.65,2025-09-14 02:13:35
8173,user48,happy,0.87,2025-09-14 02:15:40
7627,user14,happy,0.98,2025-09-14 02:15:52
8250,user28,angry,0.78,2025-09-14 02:17:17
8056,user22,angry,0.76,2025-09-14 02:17:37
8473,user23,angry,0.8,2025-09-14 02:18:00
7596,user42,sad,0.86,2025-09-14 02:18:28
8508,user14,happy,0.86,2025-09-14 02:19:41
7898,user17,surprised,0.91,2025-09-14 02:19:55
7948,user6,happy,0.87,2025-09-14 02:20:09
7834,user24,surprised,0.94,2025-09-14 02:20:12
9698,user11,angry,0.9,2025-09-14 02:20:35
7777,user5,angry,0.77,2025-09-14 02:21:18
9314,user19,angry,0.86,2025-09-14 02:21:38
8277,user24,sad,0.72,2025-09-14 02:22:18
8646,user33,fear,0.79,2025-09-14 02:23:16
8224,user7,surprised,0.93,2025-09-14 02:26:13
9180,user24,happy,0.98,2025-09-14 02:26:13
9260,user6,happy,0.91,2025-09-14 02:26:46
8092,user10,surprised,0.81,2025-09-14 02:26:58
9793,user44,happy,0.89,2025-09-14 02:27:55
8981,user2,happy,0.89,2025-09-14 02:28:42
8241,user22,happy,0.95,2025-09-14 02:29:24
9372,user35,angry,0.89,2025-09-14 02:29:41
9357,user8,sad,0.87,2025-09-14 02:30:03
7956,user6,fear,0.72,2025-09-14 02:30:17
9392,user6,sad,0.71,2025-09-14 02:30:52
7845,user45,fear,0.72,2025-09-14 02:31:00
9143,user40,happy,0.89,2025-09-14 02:31:33
7831,user11,happy,0.91,2025-09-14 02:32:13
7535,user11,angry,0.77,2025-09-14 02:32:42
9627,user47,fear,0.78,2025-09-14 02:32:56
7573,user40,happy,0.94,2025-09-14 02:33:14
8553,user30,fear,0.78,2025-09-14 02:33:36
8881,user42,happy,0.86,2025-09-14 02:34:24
8095,user9,happy,0.97,2025-09-14 02:34:27
7673,user27,sad,0.84,2025-09-14 02:34:41
8452,user30,happy,0.93,2025-09-14 02:34:45
9634,user35,fear,0.65,2025-09-14 02:34:46
8949,user39,angry,0.79,2025-09-14 02:35:20
7744,user35,sad,0.86,2025-09-14 02:36:12
9413,user12,angry,0.78,2025-09-14 02:37:10
8915,user10,angry,0.77,2025-09-14 02:37:31
9428,user21,fear,0.72,2025-09-14 02:38:45
9493,user48,happy,0.89,2025-09-14 02:39:14
7616,user4,happy,0.96,2025-09-14 02:40:06
8127,user30,angry,0.85,2025-09-14 02:40:22
9023,user38,happy,0.92,2025-09-14 02:40:56
7847,user38,happy,0.88,2025-09-14 02:41:15
7534,user20,surprised,0.89,2025-09-14 02:43:22
8168,user24,angry,0.86,2025-09-14 02:43:28
9174,user27,happy,0.89,2025-09-14 02:44:28
7613,user30,angry,0.77,2025-09-14 02:44:45
7567,user32,happy,0.89,2025-09-14 02:44:53
9954,user10,angry,0.85,2025-09-14 02:44:53
7824,user6,surprised,0.83,2025-09-14 02:44:59
8387,user45,angry,0.85,2025-09-14 02:45:56
9133,user50,angry,0.87,2025-09-14 02:46:12
8534,user20,angry,0.84,2025-09-14 02:46:31
8320,user20,happy,0.87,2025-09-14 02:47:10
8734,user2,surprised,0.93,2025-09-14 02:47:43
8919,user19,happy,0.92,2025-09-14 02:48:17
9139,user46,surprised,0.94,2025-09-14 02:48:44
8295,user50,angry,0.81,2025-09-14 02:49:38
9022,user15,angry,0.87,2025-09-14 02:49:40
9080,user20,happy,0.93,2025-09-14 02:51:02
8792,user45,fear,0.79,2025-09-14 02:51:19
9462,user19,angry,0.8,2025-09-14 02:51:25
8486,user5,happy,0.91,2025-09-14 02:52:59
9231,user32,happy,0.92,2025-09-14 02:53:52
8677,user33,angry,0.88,2025-09-14 02:54:55
8150,user31,sad,0.77,2025-09-14 02:55:45
8101,user4,happy,0.96,2025-09-14 02:56:32
7935,user37,fear,0.66,2025-09-14 02:56:57
9944,user41,happy,0.9,2025-09-14 02:57:19
8686,user33,happy,0.86,2025-09-14 02:57:32
9497,user50,happy,0.93,2025-09-14 02:57:33
7583,user47,angry,0.89,2025-09-14 02:57:55
7916,user28,happy,0.88,2025-09-14 02:58:09
9755,user20,happy,0.88,2025-09-14 02:58:12
7755,user6,happy,0.98,2025-09-14 02:59:50
9112,user18,sad,0.72,2025-09-14 02:59:59
9128,user17,angry,0.81,2025-09-14 03:00:16
7725,user4,surprised,0.84,2025-09-14 03:00:44
9761,user11,angry,0.84,2025-09-14 03:01:17
9215,user24,happy,0.91,2025-09-14 03:03:05
8042,user27,happy,0.89,2025-09-14 03:03:29
7791,user11,happy,0.96,2025-09-14 03:03:33
7592,user36,angry,0.84,2025-09-14 03:04:11
9597,user1,happy,0.87,2025-09-14 03:04:50
8307,user45,angry,0.77,2025-09-14 03:04:54
8430,user24,sad,0.71,2025-09-14 03:05:07
9458,user11,happy,0.85,2025-09-14 03:06:11
8118,user1,fear,0.74,2025-09-14 03:06:16
9635,user50,angry,0.87,2025-09-14 03:06:23
9797,user9,fear,0.67,2025-09-14 03:06:45
8030,user41,happy,0.95,2025-09-14 03:06:58
9759,user8,happy,0.93,2025-09-14 03:07:09
8342,user5,angry,0.89,2025-09-14 03:07:23
9200,user9,fear,0.63,2025-09-14 03:07:49
9774,user20,angry,0.77,2025-09-14 03:08:32
8036,user30,angry,0.79,2025-09-14 03:09:07
8351,user33,surprised,0.94,2025-09-14 03:09:27
8861,user8,angry,0.77,2025-09-14 03:09:46
7574,user3,sad,0.79,2025-09-14 03:10:24
9358,user11,angry,0.8,2025-09-14 03:10:32
8268,user31,fear,0.68,2025-09-14 03:11:51
7814,user13,happy,0.9,2025-09-14 03:12:08
8758,user47,fear,0.73,2025-09-14 03:12:43
8325,user31,angry,0.83,2025-09-14 03:12:52
8616,user22,happy,0.86,2025-09-14 03:13:07
8048,user23,angry,0.79,2025-09-14 03:13:12
9617,user22,surprised,0.86,2025-09-14 03:14:00
9057,user16,surprised,0.8,2025-09-14 03:14:06
7866,user23,angry,0.89,2025-09-14 03:14:56
8873,user42,angry,0.83,2025-09-14 03:16:00
8842,user11,fear,0.74,2025-09-14 03:17:22
9707,user9,sad,0.73,2025-09-14 03:18:28
7691,user42,happy,0.97,2025-09-14 03:18:43
8062,user2,angry,0.82,2025-09-14 03:19:05
7622,user41,surprised,0.85,2025-09-14 03:19:17
8264,user22,angry,0.83,2025-09-14 03:20:01
9218,user1,fear,0.66,2025-09-14 03:20:12
9626,user36,happy,0.93,2025-09-14 03:20:16
9079,user18,angry,0.8,2025-09-14 03:20:25
8251,user37,happy,0.91,2025-09-14 03:20:42
8431,user21,sad,0.87,2025-09-14 03:22:39
9004,user48,surprised,0.85,2025-09-14 03:23:24
8002,user33,happy,0.93,2025-09-14 03:23:24
8027,user29,happy,0.98,2025-09-14 03:23:36
9262,user27,happy,0.9,2025-09-14 03:25:53
9886,user50,fear,0.79,2025-09-14 03:26:54
7787,user24,fear,0.64,2025-09-14 03:27:25
7621,user43,angry,0.87,2025-09-14 03:27:42
7783,user42,happy,0.94,2025-09-14 03:28:00
9186,user47,angry,0.83,2025-09-14 03:28:23
8874,user31,angry,0.77,2025-09-14 03:28:33
8135,user30,happy,0.92,2025-09-14 03:29:01
9850,user16,surprised,0.85,2025-09-14 03:29:22
8202,user22,angry,0.82,2025-09-14 03:29:25
8354,user18,sad,0.7,2025-09-14 03:31:29
7922,user17,angry,0.82,2025-09-14 03:31:48
7576,user34,angry,0.85,2025-09-14 03:32:30
9170,user45,happy,0.96,2025-09-14 03:32:42
8829,user3,happy,0.93,2025-09-14 03:32:56
8169,user5,angry,0.77,2025-09-14 03:33:05
8352,user24,happy,0.96,2025-09-14 03:33:58
7966,user37,surprised,0.86,2025-09-14 03:35:00
8350,user39,angry,0.75,2025-09-14 03:35:13
9943,user21,happy,0.98,2025-09-14 03:35:41
9574,user26,sad,0.72,2025-09-14 03:35:50
7550,user47,surprised,0.84,2025-09-14 03:37:21
7879,user42,angry,0.89,2025-09-14 03:37:28
8145,user37,happy,0.93,2025-09-14 03:38:27
7850,user34,fear,0.68,2025-09-14 03:40:00
9003,user42,fear,0.65,2025-09-14 03:40:09
8600,user30,angry,0.89,2025-09-14 03:41:05
8665,user37,happy,0.92,2025-09-14 03:42:21
8374,user8,fear,0.76,2025-09-14 03:42:30
9121,user21,sad,0.8,2025-09-14 03:44:35
8854,user48,sad,0.79,2025-09-14 03:46:53
9422,user47,happy,0.88,2025-09-14 03:48:46
9465,user43,happy,0.93,2025-09-14 03:48:53
9400,user31,sad,0.81,2025-09-14 03:49:30
9338,user15,happy,0.88,2025-09-14 03:50:25
8832,user39,fear,0.79,2025-09-14 03:51:02
8935,user29,surprised,0.9,2025-09-14 03:51:19
9031,user46,happy,0.96,2025-09-14 03:51:25
7835,user21,fear,0.7,2025-09-14 03:53:22
9649,user44,happy,0.87,2025-09-14 03:54:20
8078,user15,sad,0.71,2025-09-14 03:54:40
7836,user50,happy,0.93,2025-09-14 03:54:44
8587,user17,happy,0.86,2025-09-14 03:56:47
9516,user17,fear,0.72,2025-09-14 03:57:28
9470,user42,angry,0.86,2025-09-14 03:58:05
8724,user25,happy,0.92,2025-09-14 03:58:32
7696,user13,angry,0.79,2025-09-14 03:58:56
8031,user24,surprised,0.95,2025-09-14 04:00:28
9489,user9,happy,0.92,2025-09-14 04:02:19
9757,user43,fear,0.71,2025-09-14 04:02:28
8032,user37,fear,0.73,2025-09-14 04:03:25
8072,user22,fear,0.67,2025-09-14 04:03:36
9677,user34,happy,0.93,2025-09-14 04:03:52
9621,user12,fear,0.76,2025-09-14 04:04:03
9564,user29,angry,0.82,2025-09-14 04:05:11
8624,user45,angry,0.85,2025-09-14 04:05:22
8905,user18,happy,0.88,2025-09-14 04:06:14
9062,user49,angry,0.89,2025-09-14 04:07:23
9756,user32,happy,0.95,2025-09-14 04:08:07
9137,user9,sad,0.84,2025-09-14 04:10:00
8542,user16,happy,0.97,2025-09-14 04:10:03
8297,user21,happy,0.92,2025-09-14 04:10:25
9259,user9,angry,0.88,2025-09-14 04:10:43
9397,user7,happy,0.94,2025-09-14 04:11:19
9696,user19,surprised,0.91,2025-09-14 04:11:29
8551,user17,happy,0.93,2025-09-14 04:11:50
8355,user36,angry,0.84,2025-09-14 04:12:42
8801,user45,happy,0.98,2025-09-14 04:12:43
7832,user13,fear,0.74,2025-09-14 04:13:15
8516,user41,angry,0.76,2025-09-14 04:14:14
9807,user37,happy,0.87,2025-09-14 04:16:17
7903,user13,angry,0.83,2025-09-14 04:16:31
9474,user15,happy,0.88,2025-09-14 04:17:06
8718,user25,angry,0.87,2025-09-14 04:17:09
8960,user10,happy,0.98,2025-09-14 04:17:16
9172,user11,sad,0.76,2025-09-14 04:18:52
9952,user16,surprised,0.89,2025-09-14 04:19:29
8068,user7,surprised,0.91,2025-09-14 04:19:45
8682,user9,happy,0.89,2025-09-14 04:21:33
8882,user19,happy,0.95,2025-09-14 04:22:43
8134,user22,angry,0.89,2025-09-14 04:23:52
8845,user41,angry,0.84,2025-09-14 04:24:11
9443,user38,surprised,0.85,2025-09-14 04:24:25
9537,user29,surprised,0.87,2025-09-14 04:24:35
9861,user16,fear,0.61,2025-09-14 04:24:52
8292,user31,happy,0.87,2025-09-14 04:25:39
7637,user18,happy,0.98,2025-09-14 04:25:39
8260,user1,fear,0.62,2025-09-14 04:27:54
8148,user49,fear,0.68,2025-09-14 04:28:17
9182,user32,happy,0.91,2025-09-14 04:28:19
8443,user39,sad,0.78,2025-09-14 04:28:49
7666,user13,happy,0.92,2025-09-14 04:28:51
8790,user21,angry,0.82,2025-09-14 04:29:36
8868,user18,angry,0.87,2025-09-14 04:30:12
7884,user48,happy,0.86,2025-09-14 04:30:22
7810,user36,angry,0.87,2025-09-14 04:31:12
8319,user24,angry,0.81,2025-09-14 04:31:35
8189,user5,happy,0.95,2025-09-14 04:31:44
9577,user21,happy,0.93,2025-09-14 04:32:10
7945,user45,fear,0.67,2025-09-14 04:32:11
9619,user47,fear,0.78,2025-09-14 04:33:42
9866,user37,surprised,0.91,2025-09-14 04:33:53
8776,user41,surprised,0.89,2025-09-14 04:35:29
8226,user48,angry,0.87,2025-09-14 04:35:45
8896,user29,happy,0.88,2025-09-14 04:36:16
8568,user50,angry,0.9,2025-09-14 04:39:05
9104,user41,angry,0.87,2025-09-14 04:39:23
8359,user36,surprised,0.83,2025-09-14 04:39:26
8440,user12,surprised,0.84,2025-09-14 04:40:09
9558,user43,happy,0.94,2025-09-14 04:40:39
9012,user7,sad,0.71,2025-09-14 04:40:47
7566,user36,sad,0.71,2025-09-14 04:41:01
8327,user31,angry,0.88,2025-09-14 04:41:52
7701,user5,sad,0.83,2025-09-14 04:42:28
8812,user18,happy,0.86,2025-09-14 04:42:47
9402,user3,surprised,0.8,2025-09-14 04:43:05
8104,user23,angry,0.79,2025-09-14 04:43:46
9727,user26,happy,0.92,2025-09-14 04:45:01
8651,user49,sad,0.78,2025-09-14 04:45:42
9233,user34,happy,0.86,2025-09-14 04:46:21
7533,user18,happy,0.95,2025-09-14 04:46:28
8152,user24,angry,0.82,2025-09-14 04:46:45
8875,user26,fear,0.75,2025-09-14 04:48:14
7706,user26,fear,0.63,2025-09-14 04:49:01
7886,user4,angry,0.84,2025-09-14 04:49:46
7731,user40,surprised,0.86,2025-09-14 04:51:18
8998,user8,happy,0.87,2025-09-14 04:52:03
7806,user31,happy,0.87,2025-09-14 04:52:05
9030,user21,angry,0.85,2025-09-14 04:52:37
9390,user49,happy,0.86,2025-09-14 04:53:00
9859,user40,fear,0.68,2025-09-14 04:53:14
9916,user48,happy,0.96,2025-09-14 04:54:05
9439,user4,angry,0.76,2025-09-14 04:54:41
8154,user1,fear,0.61,2025-09-14 04:55:12
7650,user36,angry,0.87,2025-09-14 04:57:36
7801,user48,surprised,0.83,2025-09-14 04:59:36
9371,user39,surprised,0.85,2025-09-14 05:00:35
8979,user16,happy,0.9,2025-09-14 05:00:56
7860,user45,sad,0.81,2025-09-14 05:01:34
8275,user12,happy,0.86,2025-09-14 05:02:13
8016,user16,happy,0.95,2025-09-14 05:02:25
8988,user37,angry,0.77,2025-09-14 05:03:18
8207,user16,happy,0.88,2025-09-14 05:04:07
9772,user26,happy,0.98,2025-09-14 05:04:41
7915,user20,happy,0.94,2025-09-14 05:04:57
9437,user17,happy,0.95,2025-09-14 05:04:59
9714,user38,happy,0.91,2025-09-14 05:05:54
7761,user14,sad,0.77,2025-09-14 05:06:40
8187,user15,fear,0.79,2025-09-14 05:06:42
8157,user8,happy,0.89,2025-09-14 05:07:50
8289,user15,surprised,0.81,2025-09-14 05:08:00
7630,user18,fear,0.8,2025-09-14 05:08:25
9519,user10,fear,0.7,2025-09-14 05:08:33
8950,user49,angry,0.88,2025-09-14 05:08:34
8700,user7,happy,0.87,2025-09-14 05:09:56
8252,user46,surprised,0.89,2025-09-14 05:10:30
8349,user25,fear,0.72,2025-09-14 05:11:17
9219,user22,angry,0.78,2025-09-14 05:11:30
8858,user47,happy,0.94,2025-09-14 05:11:33
9088,user17,surprised,0.93,2025-09-14 05:12:22
7591,user32,happy,0.87,2025-09-14 05:12:59
8701,user28,fear,0.74,2025-09-14 05:13:19
9083,user5,happy,0.89,2025-09-14 05:14:02
9384,user3,happy,0.86,2025-09-14 05:14:24
7537,user6,happy,0.95,2025-09-14 05:14:50
7614,user23,sad,0.74,2025-09-14 05:16:55
7778,user17,happy,0.87,2025-09-14 05:18:51
8159,user10,happy,0.89,2025-09-14 05:18:56
8444,user2,angry,0.82,2025-09-14 05:19:27
8871,user28,happy,0.87,2025-09-14 05:21:21
8107,user17,angry,0.82,2025-09-14 05:21:27
8363,user39,angry,0.78,2025-09-14 05:22:23
8885,user28,happy,0.85,2025-09-14 05:22:27
8658,user35,fear,0.65,2025-09-14 05:23:05
8575,user7,happy,0.92,2025-09-14 05:24:34
9367,user35,happy,0.97,2025-09-14 05:24:49
8747,user33,happy,0.96,2025-09-14 05:25:39
9268,user47,angry,0.88,2025-09-14 05:25:59
9550,user27,sad,0.7,2025-09-14 05:26:02
9802,user41,happy,0.95,2025-09-14 05:26:14
9927,user7,angry,0.88,2025-09-14 05:28:59
8324,user20,happy,0.87,2025-09-14 05:29:46
9588,user10,happy,0.94,2025-09-14 05:30:11
9924,user10,happy,0.97,2025-09-14 05:30:50
8448,user1,angry,0.87,2025-09-14 05:31:35
8921,user16,fear,0.75,2025-09-14 05:31:54
9459,user34,happy,0.89,2025-09-14 05:32:37
7846,user29,angry,0.84,2025-09-14 05:32:45
8129,user5,angry,0.77,2025-09-14 05:33:28
9670,user10,fear,0.67,2025-09-14 05:35:27
8538,user36,fear,0.66,2025-09-14 05:35:39
9777,user36,angry,0.85,2025-09-14 05:36:23
9312,user15,fear,0.78,2025-09-14 05:36:52
8335,user41,fear,0.71,2025-09-14 05:37:36
9245,user43,fear,0.69,2025-09-14 05:41:23
9928,user25,angry,0.88,2025-09-14 05:42:41
8435,user21,surprised,0.87,2025-09-14 05:42:49
7658,user16,fear,0.74,2025-09-14 05:43:14
9378,user27,happy,0.89,2025-09-14 05:43:23
9821,user50,angry,0.85,2025-09-14 05:44:15
8288,user46,happy,0.94,2025-09-14 05:44:34
9280,user42,angry,0.87,2025-09-14 05:45:37
9683,user39,happy,0.92,2025-09-14 05:46:11
9091,user37,angry,0.86,2025-09-14 05:46:20
9572,user33,happy,0.97,2025-09-14 05:47:22
8822,user46,angry,0.82,2025-09-14 05:47:27
9152,user17,happy,0.89,2025-09-14 05:47:33
8533,user3,sad,0.86,2025-09-14 05:47:58
8077,user1,angry,0.79,2025-09-14 05:48:43
9438,user5,angry,0.88,2025-09-14 05:49:13
7875,user47,fear,0.77,2025-09-14 05:49:51
8037,user18,happy,0.97,2025-09-14 05:50:01
8183,user49,happy,0.87,2025-09-14 05:50:28
7560,user1,angry,0.85,2025-09-14 05:51:11
8376,user32,sad,0.71,2025-09-14 05:52:01
7947,user16,surprised,0.88,2025-09-14 05:52:06
9689,user45,happy,0.91,2025-09-14 05:52:09
9063,user1,sad,0.82,2025-09-14 05:52:11
8768,user38,sad,0.84,2025-09-14 05:52:31
7728,user24,angry,0.87,2025-09-14 05:52:54
9440,user13,happy,0.88,2025-09-14 05:54:35
9391,user45,angry,0.85,2025-09-14 05:54:55
8953,user37,happy,0.97,2025-09-14 05:55:26
7713,user38,happy,0.9,2025-09-14 05:55:28
9851,user6,happy,0.89,2025-09-14 05:55:59
8399,user33,happy,0.98,2025-09-14 05:56:07
8962,user34,angry,0.85,2025-09-14 05:56:11
8477,user50,happy,0.95,2025-09-14 05:58:14
9539,user36,happy,0.96,2025-09-14 05:59:15
8450,user27,angry,0.81,2025-09-14 05:59:50
9554,user7,happy,0.97,2025-09-14 06:00:34
8170,user49,happy,0.97,2025-09-14 06:00:37
8557,user25,angry,0.89,2025-09-14 06:01:58
9956,user45,happy,0.88,2025-09-14 06:02:08
8594,user30,surprised,0.9,2025-09-14 06:02:20
8153,user50,angry,0.77,2025-09-14 06:02:52
7754,user1,happy,0.94,2025-09-14 06:03:29
9248,user17,fear,0.6,2025-09-14 06:04:00
8583,user37,sad,0.83,2025-09-14 06:04:18
7888,user16,happy,0.85,2025-09-14 06:04:52
8824,user6,angry,0.81,2025-09-14 06:05:20
8341,user44,angry,0.76,2025-09-14 06:05:57
7775,user3,angry,0.84,2025-09-14 06:06:11
8890,user42,angry,0.75,2025-09-14 06:06:25
9566,user26,happy,0.89,2025-09-14 06:06:52
8567,user39,surprised,0.82,2025-09-14 06:06:52
8712,user26,happy,0.87,2025-09-14 06:06:55
9869,user43,happy,0.86,2025-09-14 06:07:12
9479,user2,angry,0.79,2025-09-14 06:07:53
8721,user34,angry,0.76,2025-09-14 06:10:31
9131,user50,angry,0.78,2025-09-14 06:10:46
9817,user19,happy,0.96,2025-09-14 06:11:23
8082,user41,surprised,0.9,2025-09-14 06:11:43
8502,user23,happy,0.88,2025-09-14 06:12:46
9799,user50,fear,0.67,2025-09-14 06:12:48
9097,user39,surprised,0.89,2025-09-14 06:15:11
7958,user16,angry,0.89,2025-09-14 06:15:45
9463,user47,fear,0.64,2025-09-14 06:16:44
7927,user19,happy,0.9,2025-09-14 06:17:42
9864,user10,angry,0.75,2025-09-14 06:17:45
9887,user45,sad,0.8,2025-09-14 06:18:03
9881,user13,angry,0.88,2025-09-14 06:19:25
9017,user28,happy,0.9,2025-09-14 06:20:06
9764,user42,sad,0.87,2025-09-14 06:20:19
9549,user48,happy,0.89,2025-09-14 06:21:52
9053,user33,angry,0.85,2025-09-14 06:22:28
9541,user39,happy,0.91,2025-09-14 06:24:14
8999,user3,angry,0.8,2025-09-14 06:24:16
9295,user9,angry,0.76,2025-09-14 06:24:39
8010,user27,happy,0.91,2025-09-14 06:25:56
9383,user20,happy,0.86,2025-09-14 06:25:59
9833,user26,happy,0.91,2025-09-14 06:26:01
7946,user33,surprised,0.89,2025-09-14 06:26:30
9252,user8,angry,0.86,2025-09-14 06:29:19
8730,user25,surprised,0.92,2025-09-14 06:30:06
9460,user49,surprised,0.93,2025-09-14 06:30:13
9442,user5,fear,0.8,2025-09-14 06:30:27
9117,user19,angry,0.83,2025-09-14 06:30:30
8638,user43,angry,0.76,2025-09-14 06:30:59
9296,user27,angry,0.82,2025-09-14 06:31:46
9681,user1,happy,0.94,2025-09-14 06:31:55
8043,user20,happy,0.86,2025-09-14 06:33:37
9740,user18,happy,0.91,2025-09-14 06:33:57
7779,user7,sad,0.83,2025-09-14 06:34:00
9776,user21,surprised,0.9,2025-09-14 06:35:15
9739,user3,angry,0.76,2025-09-14 06:35:17
7856,user19,happy,0.95,2025-09-14 06:35:35
7525,user38,angry,0.86,2025-09-14 06:35:51
8649,user37,surprised,0.94,2025-09-14 06:36:02
8361,user45,surprised,0.87,2025-09-14 06:39:38
8035,user35,happy,0.97,2025-09-14 06:40:23
8353,user4,happy,0.88,2025-09-14 06:41:13
7983,user19,happy,0.88,2025-09-14 06:41:33
8256,user16,angry,0.79,2025-09-14 06:41:35
8762,user2,surprised,0.83,2025-09-14 06:41:42
8804,user38,happy,0.86,2025-09-14 06:41:59
9288,user29,angry,0.86,2025-09-14 06:42:05
9306,user21,fear,0.63,2025-09-14 06:42:37
9665,user18,surprised,0.88,2025-09-14 06:43:19
8627,user24,angry,0.84,2025-09-14 06:43:35
8214,user41,sad,0.73,2025-09-14 06:43:55
8128,user49,surprised,0.8,2025-09-14 06:44:06
8081,user5,happy,0.93,2025-09-14 06:44:23
8343,user22,angry,0.89,2025-09-14 06:44:35
7773,user24,happy,0.91,2025-09-14 06:44:45
9370,user37,angry,0.82,2025-09-14 06:44:57
7642,user29,surprised,0.92,2025-09-14 06:45:13
8719,user41,sad,0.87,2025-09-14 06:45:48
9517,user45,angry,0.88,2025-09-14 06:46:10
9436,user46,happy,0.98,2025-09-14 06:46:20
9287,user17,happy,0.97,2025-09-14 06:46:28
8494,user28,happy,0.88,2025-09-14 06:47:06
7899,user6,sad,0.87,2025-09-14 06:48:15
9518,user41,fear,0.71,2025-09-14 06:48:42
7919,user3,fear,0.76,2025-09-14 06:49:13
9898,user31,surprised,0.81,2025-09-14 06:49:16
9364,user9,surprised,0.81,2025-09-14 06:49:25
7667,user38,fear,0.62,2025-09-14 06:49:37
8400,user25,angry,0.88,2025-09-14 06:49:43
8143,user23,angry,0.83,2025-09-14 06:50:50
9889,user9,fear,0.66,2025-09-14 06:51:46
9603,user42,happy,0.95,2025-09-14 06:52:27
7612,user33,angry,0.76,2025-09-14 06:53:33
8678,user17,angry,0.78,2025-09-14 06:54:10
9202,user32,angry,0.76,2025-09-14 06:55:24
9010,user37,happy,0.89,2025-09-14 06:56:11
7760,user42,fear,0.72,2025-09-14 06:56:36
8608,user27,happy,0.87,2025-09-14 06:57:18
8111,user37,angry,0.85,2025-09-14 06:57:29
8229,user11,angry,0.9,2025-09-14 06:58:41
9951,user20,sad,0.85,2025-09-14 06:59:39
7961,user21,sad,0.71,2025-09-14 07:02:36
9323,user38,angry,0.85,2025-09-14 07:05:09
8304,user45,angry,0.86,2025-09-14 07:05:21
9744,user41,angry,0.87,2025-09-14 07:05:49
9175,user9,fear,0.75,2025-09-14 07:06:13
8232,user28,sad,0.76,2025-09-14 07:06:17
9812,user6,fear,0.77,2025-09-14 07:06:35
8924,user29,sad,0.77,2025-09-14 07:07:39
8313,user44,angry,0.89,2025-09-14 07:08:09
7980,user25,surprised,0.84,2025-09-14 07:08:42
9198,user6,angry,0.76,2025-09-14 07:08:53
8524,user46,happy,0.88,2025-09-14 07:09:16
8769,user22,sad,0.83,2025-09-14 07:09:51
9717,user9,happy,0.86,2025-09-14 07:10:52
8026,user17,angry,0.85,2025-09-14 07:11:45
8456,user10,angry,0.87,2025-09-14 07:12:14
7902,user42,fear,0.8,2025-09-14 07:12:29
7974,user39,angry,0.85,2025-09-14 07:13:02
7933,user18,happy,0.89,2025-09-14 07:13:04
9553,user10,angry,0.8,2025-09-14 07:13:33
8217,user41,sad,0.79,2025-09-14 07:13:54
9043,user28,happy,0.9,2025-09-14 07:15:05
8830,user38,sad,0.79,2025-09-14 07:15:38
9165,user31,happy,0.98,2025-09-14 07:15:41
8089,user46,surprised,0.88,2025-09-14 07:16:08
8846,user31,happy,0.89,2025-09-14 07:16:18
8406,user2,happy,0.96,2025-09-14 07:16:26
7964,user30,surprised,0.87,2025-09-14 07:17:37
9888,user38,angry,0.77,2025-09-14 07:20:45
9227,user39,happy,0.94,2025-09-14 07:21:14
8545,user32,happy,0.94,2025-09-14 07:21:18
9476,user41,surprised,0.91,2025-09-14 07:23:14
7895,user43,happy,0.93,2025-09-14 07:23:25
7528,user4,happy,0.88,2025-09-14 07:25:41
9575,user31,happy,0.92,2025-09-14 07:25:41
9142,user47,happy,0.87,2025-09-14 07:26:52
9045,user36,happy,0.92,2025-09-14 07:27:03
8660,user22,surprised,0.81,2025-09-14 07:27:24
7990,user16,happy,0.9,2025-09-14 07:28:27
8225,user41,happy,0.98,2025-09-14 07:29:52
8607,user43,angry,0.86,2025-09-14 07:31:18
7569,user20,happy,0.95,2025-09-14 07:31:28
8369,user15,angry,0.88,2025-09-14 07:31:31
7765,user4,fear,0.64,2025-09-14 07:31:53
8674,user18,happy,0.89,2025-09-14 07:32:48
8410,user29,happy,0.93,2025-09-14 07:32:55
9416,user9,happy,0.92,2025-09-14 07:33:02
8061,user15,angry,0.9,2025-09-14 07:33:17
9875,user2,surprised,0.89,2025-09-14 07:33:59
8579,user2,happy,0.88,2025-09-14 07:34:02
8085,user6,happy,0.96,2025-09-14 07:34:36
9183,user15,angry,0.79,2025-09-14 07:38:54
8403,user16,angry,0.83,2025-09-14 07:39:34
7788,user48,angry,0.79,2025-09-14 07:39:53
9242,user42,happy,0.97,2025-09-14 07:40:12
9336,user29,happy,0.86,2025-09-14 07:41:01
8926,user28,fear,0.74,2025-09-14 07:41:33
9304,user47,happy,0.93,2025-09-14 07:41:46
7618,user13,happy,0.86,2025-09-14 07:41:59
8257,user46,fear,0.66,2025-09-14 07:42:40
8993,user22,happy,0.87,2025-09-14 07:43:11
8705,user39,happy,0.92,2025-09-14 07:43:16
8270,user28,angry,0.78,2025-09-14 07:43:58
8668,user44,sad,0.85,2025-09-14 07:44:14
9090,user23,angry,0.8,2025-09-14 07:44:18
8513,user43,angry,0.85,2025-09-14 07:44:45
9399,user44,happy,0.88,2025-09-14 07:45:04
9884,user17,angry,0.88,2025-09-14 07:45:24
9780,user20,angry,0.87,2025-09-14 07:46:25
8208,user44,happy,0.89,2025-09-14 07:46:57
9051,user34,happy,0.87,2025-09-14 07:47:19
8074,user39,fear,0.69,2025-09-14 07:48:28
9044,user6,happy,0.91,2025-09-14 07:48:45
8348,user19,surprised,0.8,2025-09-14 07:49:10
9481,user42,angry,0.87,2025-09-14 07:49:23
7897,user13,sad,0.84,2025-09-14 07:49:38
8493,user12,happy,0.88,2025-09-14 07:49:48
9913,user39,surprised,0.87,2025-09-14 07:49:58
8158,user2,angry,0.88,2025-09-14 07:52:23
9455,user41,happy,0.97,2025-09-14 07:52:47
8778,user50,happy,0.93,2025-09-14 07:53:25
8764,user14,angry,0.75,2025-09-14 07:53:28
9522,user35,angry,0.78,2025-09-14 07:54:46
9020,user16,sad,0.7,2025-09-14 07:54:59
9750,user47,happy,0.88,2025-09-14 07:55:57
9354,user20,sad,0.77,2025-09-14 07:56:08
9600,user39,angry,0.79,2025-09-14 07:56:08
9919,user11,angry,0.8,2025-09-14 07:56:13
7853,user25,angry,0.79,2025-09-14 07:56:35
8745,user17,angry,0.84,2025-09-14 07:59:14
8566,user11,fear,0.62,2025-09-14 08:00:53
8772,user45,surprised,0.87,2025-09-14 08:02:08
8987,user48,fear,0.7,2025-09-14 08:03:10
9145,user13,fear,0.61,2025-09-14 08:04:15
8165,user19,angry,0.76,2025-09-14 08:04:36
9652,user23,happy,0.9,2025-09-14 08:05:03
9788,user41,happy,0.96,2025-09-14 08:05:26
9640,user19,happy,0.94,2025-09-14 08:05:27
8418,user20,happy,0.87,2025-09-14 08:05:29
8943,user32,fear,0.73,2025-09-14 08:05:45
8808,user12,happy,0.85,2025-09-14 08:05:57
9322,user27,happy,0.91,2025-09-14 08:06:00
8300,user40,fear,0.78,2025-09-14 08:07:44
8791,user14,happy,0.88,2025-09-14 08:07:47
9578,user39,angry,0.76,2025-09-14 08:07:58
7861,user6,sad,0.82,2025-09-14 08:10:14
8491,user29,fear,0.73,2025-09-14 08:10:22
8109,user2,sad,0.78,2025-09-14 08:10:29
8273,user19,surprised,0.82,2025-09-14 08:11:12
9917,user18,happy,0.92,2025-09-14 08:11:31
8766,user30,angry,0.8,2025-09-14 08:11:58
9477,user19,happy,0.9,2025-09-14 08:12:46
9222,user17,angry,0.88,2025-09-14 08:13:09
8602,user49,fear,0.68,2025-09-14 08:14:06
8807,user4,surprised,0.88,2025-09-14 08:14:11
9754,user40,sad,0.79,2025-09-14 08:14:26
9082,user35,happy,0.85,2025-09-14 08:14:29
8421,user1,happy,0.96,2025-09-14 08:14:55
8759,user10,angry,0.87,2025-09-14 08:14:58
8614,user15,angry,0.84,2025-09-14 08:15:31
8837,user17,happy,0.9,2025-09-14 08:16:06
9414,user17,happy,0.96,2025-09-14 08:16:44
9258,user46,angry,0.84,2025-09-14 08:17:00
8727,user3,angry,0.88,2025-09-14 08:17:38
8144,user45,happy,0.87,2025-09-14 08:17:46
9271,user28,happy,0.88,2025-09-14 08:21:06
8121,user4,sad,0.73,2025-09-14 08:23:12
9096,user44,fear,0.68,2025-09-14 08:23:23
9236,user6,angry,0.79,2025-09-14 08:24:08
9855,user14,angry,0.86,2025-09-14 08:25:15
9798,user10,happy,0.9,2025-09-14 08:25:16
7877,user10,fear,0.77,2025-09-14 08:25:38
8671,user32,happy,0.97,2025-09-14 08:26:29
9050,user16,angry,0.8,2025-09-14 08:27:03
9335,user43,happy,0.9,2025-09-14 08:27:26
8073,user3,happy,0.9,2025-09-14 08:28:02
8847,user34,angry,0.88,2025-09-14 08:29:21
9334,user17,happy,0.87,2025-09-14 08:29:39
7825,user41,angry,0.75,2025-09-14 08:29:39
8454,user30,happy,0.92,2025-09-14 08:30:02
9278,user47,sad,0.84,2025-09-14 08:30:14
8033,user7,sad,0.84,2025-09-14 08:30:23
8221,user16,happy,0.91,2025-09-14 08:30:24
9816,user6,angry,0.77,2025-09-14 08:31:02
8080,user14,happy,0.87,2025-09-14 08:31:48
8666,user31,angry,0.88,2025-09-14 08:32:23
9926,user41,sad,0.82,2025-09-14 08:32:30
7575,user27,angry,0.82,2025-09-14 08:32:51
8011,user50,fear,0.67,2025-09-14 08:33:18
9506,user42,fear,0.6,2025-09-14 08:33:22
9089,user49,angry,0.75,2025-09-14 08:33:55
9480,user5,happy,0.96,2025-09-14 08:34:20
9712,user40,sad,0.79,2025-09-14 08:34:40
9703,user45,sad,0.79,2025-09-14 08:36:28
8188,user46,sad,0.8,2025-09-14 08:37:10
8717,user48,fear,0.65,2025-09-14 08:37:31
7721,user21,happy,0.97,2025-09-14 08:37:43
7932,user3,happy,0.89,2025-09-14 08:37:47
8149,user30,sad,0.76,2025-09-14 08:38:57
9580,user40,happy,0.95,2025-09-14 08:39:00
7582,user37,happy,0.96,2025-09-14 08:39:06
8263,user50,sad,0.76,2025-09-14 08:39:07
7640,user9,angry,0.76,2025-09-14 08:39:32
9877,user27,happy,0.86,2025-09-14 08:39:40
7588,user22,happy,0.89,2025-09-14 08:42:47
7602,user35,sad,0.87,2025-09-14 08:42:55
7867,user50,fear,0.65,2025-09-14 08:44:10
7595,user50,happy,0.87,2025-09-14 08:45:12
9728,user41,sad,0.84,2025-09-14 08:45:27
9934,user50,happy,0.87,2025-09-14 08:45:45
9925,user35,happy,0.86,2025-09-14 08:46:34
8976,user30,happy,0.9,2025-09-14 08:46:40
9067,user35,happy,0.86,2025-09-14 08:46:47
8819,user26,happy,0.95,2025-09-14 08:47:53
8075,user47,sad,0.87,2025-09-14 08:48:00
9107,user5,surprised,0.84,2025-09-14 08:48:26
9135,user13,happy,0.92,2025-09-14 08:49:19
8775,user36,happy,0.95,2025-09-14 08:49:29
7977,user2,fear,0.65,2025-09-14 08:50:03
7950,user18,surprised,0.85,2025-09-14 08:50:05
7581,user2,angry,0.82,2025-09-14 08:50:35
9846,user29,fear,0.73,2025-09-14 08:51:21
7921,user13,angry,0.9,2025-09-14 08:51:57
8050,user22,happy,0.98,2025-09-14 08:53:06
9342,user32,sad,0.76,2025-09-14 08:53:43
8028,user8,angry,0.76,2025-09-14 08:54:23
8746,user34,angry,0.9,2025-09-14 08:55:35
8333,user26,sad,0.83,2025-09-14 08:56:56
9412,user20,happy,0.91,2025-09-14 08:58:20
8530,user8,sad,0.76,2025-09-14 08:58:46
9783,user42,surprised,0.81,2025-09-14 08:58:50
9099,user45,surprised,0.82,2025-09-14 08:59:10
8058,user42,happy,0.96,2025-09-14 09:00:35
7923,user4,happy,0.94,2025-09-14 09:02:25
9085,user32,happy,0.91,2025-09-14 09:02:32
8464,user30,angry,0.86,2025-09-14 09:02:35
8066,user3,fear,0.71,2025-09-14 09:03:23
7624,user37,happy,0.96,2025-09-14 09:03:25
7819,user7,happy,0.96,2025-09-14 09:03:30
9661,user12,happy,0.85,2025-09-14 09:05:27
9168,user18,happy,0.93,2025-09-14 09:06:53
7837,user47,happy,0.97,2025-09-14 09:07:00
8323,user50,angry,0.9,2025-09-14 09:07:35
8163,user34,fear,0.69,2025-09-14 09:08:00
8784,user40,happy,0.89,2025-09-14 09:08:07
9018,user49,sad,0.75,2025-09-14 09:08:18
7766,user13,happy,0.91,2025-09-14 09:10:01
9415,user6,fear,0.71,2025-09-14 09:10:03
8610,user19,sad,0.77,2025-09-14 09:10:51
9638,user42,surprised,0.81,2025-09-14 09:11:55
7905,user14,happy,0.94,2025-09-14 09:12:07
7649,user19,happy,0.94,2025-09-14 09:12:33
7973,user11,angry,0.8,2025-09-14 09:12:45
9418,user38,fear,0.69,2025-09-14 09:13:01
8247,user17,angry,0.83,2025-09-14 09:13:19
8992,user20,sad,0.74,2025-09-14 09:14:26
9036,user33,happy,0.97,2025-09-14 09:14:58
8192,user21,sad,0.79,2025-09-14 09:15:53
9162,user33,happy,0.89,2025-09-14 09:15:53
9274,user47,angry,0.9,2025-09-14 09:15:58
8997,user16,happy,0.96,2025-09-14 09:17:54
7812,user5,happy,0.85,2025-09-14 09:18:03
9321,user8,happy,0.9,2025-09-14 09:18:38
9856,user30,happy,0.86,2025-09-14 09:19:20
9843,user3,sad,0.77,2025-09-14 09:19:39
7656,user24,happy,0.91,2025-09-14 09:20:08
8599,user24,happy,0.9,2025-09-14 09:20:10
8024,user16,angry,0.79,2025-09-14 09:20:24
9644,user9,surprised,0.86,2025-09-14 09:21:14
9892,user27,sad,0.78,2025-09-14 09:21:34
9298,user49,angry,0.85,2025-09-14 09:21:43
9158,user14,happy,0.97,2025-09-14 09:21:45
8595,user8,angry,0.89,2025-09-14 09:22:23
8495,user23,happy,0.88,2025-09-14 09:22:29
9056,user35,angry,0.82,2025-09-14 09:23:03
9543,user18,sad,0.83,2025-09-14 09:23:19
7994,user27,angry,0.86,2025-09-14 09:24:09
9656,user39,surprised,0.94,2025-09-14 09:24:22
8918,user23,sad,0.84,2025-09-14 09:24:29
8913,user5,angry,0.81,2025-09-14 09:24:32
8416,user18,surprised,0.82,2025-09-14 09:24:37
9584,user43,fear,0.62,2025-09-14 09:24:41
8120,user50,angry,0.78,2025-09-14 09:24:46
8713,user44,happy,0.86,2025-09-14 09:25:17
8699,user36,angry,0.8,2025-09-14 09:25:51
8598,user34,fear,0.65,2025-09-14 09:26:07
8944,user45,happy,0.93,2025-09-14 09:26:36
8611,user46,happy,0.96,2025-09-14 09:28:38
9586,user6,happy,0.96,2025-09-14 09:28:52
7557,user47,happy,0.86,2025-09-14 09:29:00
8204,user9,angry,0.9,2025-09-14 09:31:21
7559,user17,surprised,0.92,2025-09-14 09:31:23
7733,user29,angry,0.78,2025-09-14 09:31:53
8453,user27,angry,0.8,2025-09-14 09:32:05
8084,user34,angry,0.76,2025-09-14 09:33:10
8103,user28,fear,0.72,2025-09-14 09:33:17
7741,user21,surprised,0.89,2025-09-14 09:34:42
8398,user37,angry,0.77,2025-09-14 09:35:31
8912,user44,sad,0.81,2025-09-14 09:35:54
7636,user32,angry,0.82,2025-09-14 09:35:54
9709,user11,happy,0.96,2025-09-14 09:37:31
9719,user21,surprised,0.91,2025-09-14 09:38:10
8316,user33,happy,0.87,2025-09-14 09:38:25
9264,user43,fear,0.77,2025-09-14 09:39:12
8243,user34,happy,0.96,2025-09-14 09:39:18
7610,user45,happy,0.86,2025-09-14 09:39:18
9073,user49,happy,0.92,2025-09-14 09:39:50
7997,user45,happy,0.86,2025-09-14 09:39:58
7813,user5,surprised,0.88,2025-09-14 09:40:23
9154,user48,angry,0.89,2025-09-14 09:40:31
8983,user28,happy,0.97,2025-09-14 09:40:39
8174,user37,happy,0.98,2025-09-14 09:42:51
8957,user23,happy,0.98,2025-09-14 09:43:05
8396,user33,happy,0.96,2025-09-14 09:43:27
9834,user45,surprised,0.91,2025-09-14 09:44:00
8112,user5,happy,0.95,2025-09-14 09:44:23
8901,user19,happy,0.95,2025-09-14 09:44:30
9673,user47,angry,0.86,2025-09-14 09:44:35
9008,user43,angry,0.88,2025-09-14 09:44:45
8606,user20,happy,0.89,2025-09-14 09:44:47
9563,user42,fear,0.73,2025-09-14 09:45:30
8156,user10,angry,0.88,2025-09-14 09:46:21
8654,user10,happy,0.91,2025-09-14 09:46:51
8514,user30,sad,0.73,2025-09-14 09:47:56
8577,user38,sad,0.7,2025-09-14 09:48:54
8932,user19,angry,0.86,2025-09-14 09:48:59
9753,user28,angry,0.76,2025-09-14 09:49:01
9150,user14,surprised,0.8,2025-09-14 09:49:03
8365,user26,fear,0.73,2025-09-14 09:50:27
8291,user21,sad,0.79,2025-09-14 09:50:43
8029,user44,sad,0.87,2025-09-14 09:50:58
8017,user39,happy,0.93,2025-09-14 09:51:03
8826,user35,fear,0.66,2025-09-14 09:51:26
9363,user1,angry,0.83,2025-09-14 09:52:18
8009,user36,happy,0.87,2025-09-14 09:52:53
7802,user44,happy,0.95,2025-09-14 09:53:07
9702,user26,happy,0.95,2025-09-14 09:53:32
9857,user25,happy,0.87,2025-09-14 09:54:32
8990,user3,angry,0.78,2025-09-14 09:54:51
7759,user23,sad,0.72,2025-09-14 09:55:21
8570,user33,angry,0.8,2025-09-14 09:55:53
8110,user25,sad,0.72,2025-09-14 09:59:14
8895,user50,angry,0.86,2025-09-14 10:00:58
9939,user19,happy,0.97,2025-09-14 10:01:43
8825,user49,angry,0.86,2025-09-14 10:03:25
9326,user13,surprised,0.94,2025-09-14 10:03:28
9453,user9,happy,0.91,2025-09-14 10:04:01
9042,user18,angry,0.84,2025-09-14 10:05:00
9684,user25,fear,0.64,2025-09-14 10:06:39
9736,user15,angry,0.81,2025-09-14 10:06:42
8411,user10,angry,0.84,2025-09-14 10:06:44
8471,user12,surprised,0.82,2025-09-14 10:06:52
9247,user21,angry,0.88,2025-09-14 10:07:00
7907,user17,angry,0.77,2025-09-14 10:07:26
8167,user15,surprised,0.89,2025-09-14 10:07:31
9343,user48,happy,0.95,2025-09-14 10:09:06
9908,user20,happy,0.86,2025-09-14 10:09:07
9949,user42,fear,0.63,2025-09-14 10:09:18
9266,user7,angry,0.75,2025-09-14 10:10:18
9410,user7,happy,0.95,2025-09-14 10:10:39
9149,user2,happy,0.96,2025-09-14 10:11:05
9454,user38,angry,0.82,2025-09-14 10:12:10
7785,user39,sad,0.82,2025-09-14 10:12:32
9279,user22,happy,0.86,2025-09-14 10:14:54
8795,user48,surprised,0.86,2025-09-14 10:16:03
8021,user29,happy,0.86,2025-09-14 10:16:33
9716,user24,fear,0.73,2025-09-14 10:16:46
7967,user45,angry,0.88,2025-09-14 10:16:49
7767,user29,angry,0.81,2025-09-14 10:16:57
7644,user9,fear,0.7,2025-09-14 10:17:07
8650,user33,sad,0.76,2025-09-14 10:17:22
8663,user19,angry,0.78,2025-09-14 10:18:50
8012,user13,fear,0.63,2025-09-14 10:19:56
8286,user4,happy,0.85,2025-09-14 10:20:08
8645,user41,happy,0.88,2025-09-14 10:20:52
8197,user49,happy,0.87,2025-09-14 10:21:00
7753,user6,surprised,0.89,2025-09-14 10:21:04
8923,user8,sad,0.71,2025-09-14 10:22:24
7770,user44,surprised,0.93,2025-09-14 10:23:17
9672,user8,happy,0.86,2025-09-14 10:23:31
9249,user17,happy,0.89,2025-09-14 10:23:39
9368,user42,angry,0.84,2025-09-14 10:25:15
8492,user28,happy,0.91,2025-09-14 10:25:28
9348,user1,sad,0.83,2025-09-14 10:25:34
9492,user30,surprised,0.9,2025-09-14 10:25:40
9197,user40,sad,0.85,2025-09-14 10:26:19
9504,user5,happy,0.87,2025-09-14 10:26:49
7975,user10,happy,0.9,2025-09-14 10:29:00
7548,user29,angry,0.9,2025-09-14 10:29:32
8455,user4,angry,0.76,2025-09-14 10:30:09
7998,user38,fear,0.77,2025-09-14 10:31:12
7686,user13,surprised,0.88,2025-09-14 10:31:33
7586,user8,fear,0.73,2025-09-14 10:31:34
9120,user24,fear,0.75,2025-09-14 10:31:42
7906,user4,angry,0.77,2025-09-14 10:32:14
9599,user30,sad,0.8,2025-09-14 10:33:12
8920,user10,happy,0.93,2025-09-14 10:34:45
9514,user8,angry,0.88,2025-09-14 10:34:48
7962,user23,happy,0.85,2025-09-14 10:35:39
9585,user6,angry,0.8,2025-09-14 10:35:43
8498,user22,sad,0.82,2025-09-14 10:36:14
8539,user6,surprised,0.89,2025-09-14 10:36:59
8740,user46,fear,0.74,2025-09-14 10:37:41
9405,user20,surprised,0.92,2025-09-14 10:38:01
8989,user7,happy,0.92,2025-09-14 10:38:54
9311,user19,happy,0.89,2025-09-14 10:42:49
8462,user44,surprised,0.89,2025-09-14 10:43:26
7748,user38,surprised,0.82,2025-09-14 10:43:33
7854,user11,surprised,0.9,2025-09-14 10:44:10
9715,user23,sad,0.86,2025-09-14 10:45:01
7563,user19,happy,0.94,2025-09-14 10:46:46
8248,user9,happy,0.86,2025-09-14 10:46:49
8178,user3,happy,0.85,2025-09-14 10:46:51
8402,user18,angry,0.79,2025-09-14 10:46:57
7599,user12,happy,0.97,2025-09-14 10:47:00
9484,user43,happy,0.88,2025-09-14 10:47:06
7981,user19,surprised,0.84,2025-09-14 10:48:55
9430,user33,sad,0.88,2025-09-14 10:48:59
7662,user16,fear,0.72,2025-09-14 10:49:04
7580,user26,angry,0.89,2025-09-14 10:49:04
8395,user20,sad,0.75,2025-09-14 10:49:37
9547,user44,happy,0.9,2025-09-14 10:49:52
9904,user15,angry,0.79,2025-09-14 10:50:03
7655,user26,happy,0.85,2025-09-14 10:51:18
7841,user18,happy,0.98,2025-09-14 10:52:58
7924,user44,surprised,0.89,2025-09-14 10:53:47
9310,user29,sad,0.76,2025-09-14 10:53:57
9770,user31,happy,0.95,2025-09-14 10:54:30
9105,user26,happy,0.9,2025-09-14 10:54:58
9148,user36,angry,0.79,2025-09-14 10:55:03
7619,user31,happy,0.96,2025-09-14 10:55:34
9327,user2,angry,0.88,2025-09-14 10:55:34
7697,user44,sad,0.81,2025-09-14 10:55:49
7545,user46,happy,0.91,2025-09-14 10:56:38
8626,user26,sad,0.86,2025-09-14 10:57:30
7818,user35,angry,0.86,2025-09-14 10:58:21
8586,user11,sad,0.83,2025-09-14 10:58:45
7564,user35,happy,0.86,2025-09-14 10:58:45
8489,user4,surprised,0.94,2025-09-14 10:58:52
7692,user37,happy,0.96,2025-09-14 10:59:20
8862,user42,happy,0.86,2025-09-14 11:00:23
7872,user17,happy,0.88,2025-09-14 11:00:33
8811,user40,angry,0.8,2025-09-14 11:00:39
8356,user49,surprised,0.89,2025-09-14 11:01:06
9556,user12,sad,0.77,2025-09-14 11:01:37
8191,user13,happy,0.89,2025-09-14 11:02:04
7889,user27,happy,0.88,2025-09-14 11:02:23
7628,user15,angry,0.77,2025-09-14 11:02:37
8094,user18,sad,0.83,2025-09-14 11:02:42
8087,user1,angry,0.84,2025-09-14 11:03:07
9828,user23,fear,0.77,2025-09-14 11:03:24
9108,user13,surprised,0.91,2025-09-14 11:04:22
9688,user16,angry,0.81,2025-09-14 11:04:33
8185,user40,fear,0.74,2025-09-14 11:04:51
9381,user46,fear,0.74,2025-09-14 11:05:13
9361,user30,happy,0.89,2025-09-14 11:05:15
9679,user17,angry,0.81,2025-09-14 11:05:18
8750,user25,angry,0.76,2025-09-14 11:05:41
9914,user9,happy,0.98,2025-09-14 11:06:19
9667,user13,sad,0.72,2025-09-14 11:06:29
8172,user11,sad,0.76,2025-09-14 11:06:31
7796,user3,happy,0.86,2025-09-14 11:06:56
9471,user2,happy,0.9,2025-09-14 11:08:34
9930,user49,happy,0.87,2025-09-14 11:09:32
8799,user26,happy,0.88,2025-09-14 11:10:01
8946,user47,surprised,0.93,2025-09-14 11:10:11
9844,user48,surprised,0.9,2025-09-14 11:10:11
9190,user50,happy,0.86,2025-09-14 11:11:15
9419,user6,happy,0.9,2025-09-14 11:11:21
7999,user27,happy,0.9,2025-09-14 11:11:30
8680,user16,angry,0.78,2025-09-14 11:11:57
9526,user17,happy,0.86,2025-09-14 11:12:20
9385,user47,happy,0.94,2025-09-14 11:12:24
8659,user26,sad,0.84,2025-09-14 11:12:52
8980,user8,sad,0.79,2025-09-14 11:13:10
8317,user42,angry,0.77,2025-09-14 11:13:28
8220,user22,surprised,0.89,2025-09-14 11:13:46
9011,user24,angry,0.85,2025-09-14 11:14:46
8852,user48,surprised,0.85,2025-09-14 11:15:00
7538,user4,angry,0.8,2025-09-14 11:15:55
9654,user7,happy,0.94,2025-09-14 11:15:59
8816,user23,surprised,0.95,2025-09-14 11:18:48
8820,user10,happy,0.89,2025-09-14 11:20:23
9065,user34,sad,0.84,2025-09-14 11:20:29
9894,user49,angry,0.76,2025-09-14 11:21:19
7710,user7,happy,0.95,2025-09-14 11:21:58
8054,user35,angry,0.87,2025-09-14 11:22:10
9272,user4,happy,0.87,2025-09-14 11:22:15
8175,user40,angry,0.76,2025-09-14 11:22:34
7892,user21,happy,0.87,2025-09-14 11:23:08
9808,user48,happy,0.86,2025-09-14 11:23:10
8880,user11,happy,0.93,2025-09-14 11:23:14
7972,user33,happy,0.95,2025-09-14 11:24:05
8536,user47,angry,0.89,2025-09-14 11:24:30
8171,user49,angry,0.75,2025-09-14 11:24:41
8181,user4,happy,0.94,2025-09-14 11:24:44
7782,user3,happy,0.93,2025-09-14 11:25:20
9206,user2,sad,0.82,2025-09-14 11:25:44
9095,user14,happy,0.93,2025-09-14 11:25:54
9513,user34,angry,0.84,2025-09-14 11:26:07
8934,user41,angry,0.75,2025-09-14 11:26:11
7885,user6,happy,0.89,2025-09-14 11:26:34
9192,user48,happy,0.97,2025-09-14 11:27:33
9611,user27,surprised,0.82,2025-09-14 11:27:54
9425,user47,happy,0.89,2025-09-14 11:28:59
8803,user15,angry,0.84,2025-09-14 11:29:17
8096,user10,happy,0.88,2025-09-14 11:29:30
8345,user22,sad,0.77,2025-09-14 11:29:46
9795,user37,happy,0.97,2025-09-14 11:29:47
9601,user17,happy,0.88,2025-09-14 11:30:11
7928,user15,happy,0.85,2025-09-14 11:30:21
8198,user28,angry,0.83,2025-09-14 11:31:11
9026,user9,sad,0.79,2025-09-14 11:33:39
9628,user20,fear,0.68,2025-09-14 11:33:42
9064,user35,sad,0.77,2025-09-14 11:33:55
9155,user28,happy,0.91,2025-09-14 11:38:19
9445,user24,happy,0.89,2025-09-14 11:39:01
9608,user1,angry,0.85,2025-09-14 11:39:03
9447,user47,fear,0.6,2025-09-14 11:40:43
8176,user38,happy,0.94,2025-09-14 11:41:26
7675,user50,surprised,0.83,2025-09-14 11:43:17
7809,user7,angry,0.86,2025-09-14 11:43:35
8322,user24,happy,0.93,2025-09-14 11:44:06
9779,user50,sad,0.86,2025-09-14 11:44:09
9163,user40,surprised,0.92,2025-09-14 11:44:45
8407,user7,surprised,0.84,2025-09-14 11:44:55
8836,user1,sad,0.76,2025-09-14 11:45:22
9059,user23,happy,0.85,2025-09-14 11:45:51
7808,user13,happy,0.9,2025-09-14 11:46:46
7561,user8,happy,0.97,2025-09-14 11:46:56
8995,user50,happy,0.91,2025-09-14 11:47:57
8441,user24,happy,0.96,2025-09-14 11:47:59
9420,user3,happy,0.96,2025-09-14 11:48:59
8238,user42,sad,0.75,2025-09-14 11:49:09
8512,user46,sad,0.72,2025-09-14 11:49:11
8310,user11,happy,0.93,2025-09-14 11:50:03
8937,user44,happy,0.9,2025-09-14 11:52:08
8057,user31,happy,0.86,2025-09-14 11:52:28
7700,user32,happy,0.94,2025-09-14 11:52:47
7685,user40,fear,0.74,2025-09-14 11:52:53
9642,user6,fear,0.78,2025-09-14 11:55:26
7677,user46,angry,0.8,2025-09-14 11:55:42
7547,user3,surprised,0.8,2025-09-14 11:56:05
9229,user49,fear,0.69,2025-09-14 11:56:49
9254,user12,happy,0.94,2025-09-14 11:56:54
9360,user35,happy,0.93,2025-09-14 11:57:16
7747,user5,happy,0.87,2025-09-14 11:57:45
8903,user8,angry,0.85,2025-09-14 11:57:52
8199,user17,surprised,0.84,2025-09-14 11:57:58
9622,user3,happy,0.88,2025-09-14 11:58:12
8635,user44,happy,0.95,2025-09-14 11:58:20
8779,user35,happy,0.89,2025-09-14 11:58:30
7519,user44,happy,0.9,2025-09-14 11:59:30
9362,user47,happy,0.93,2025-09-14 12:00:18
7793,user41,angry,0.86,2025-09-14 12:00:30
8933,user9,happy,0.87,2025-09-14 12:00:47
9729,user24,sad,0.8,2025-09-14 12:01:20
7827,user2,sad,0.75,2025-09-14 12:02:41
7720,user45,angry,0.77,2025-09-14 12:02:45
7826,user24,happy,0.95,2025-09-14 12:03:09
8693,user7,surprised,0.93,2025-09-14 12:03:20
7555,user50,sad,0.83,2025-09-14 12:03:21
9932,user44,happy,0.92,2025-09-14 12:04:53
8521,user12,angry,0.88,2025-09-14 12:04:58
9505,user37,angry,0.81,2025-09-14 12:05:07
9662,user46,happy,0.95,2025-09-14 12:05:44
8591,user48,happy,0.96,2025-09-14 12:05:45
9826,user30,sad,0.71,2025-09-14 12:06:20
9523,user14,surprised,0.93,2025-09-14 12:07:48
9528,user43,angry,0.75,2025-09-14 12:08:03
8298,user46,fear,0.78,2025-09-14 12:08:47
9565,user9,sad,0.8,2025-09-14 12:10:17
8210,user18,happy,0.97,2025-09-14 12:10:24
8670,user24,angry,0.83,2025-09-14 12:11:33
8132,user7,angry,0.84,2025-09-14 12:11:54
7684,user21,surprised,0.87,2025-09-14 12:12:40
9674,user9,happy,0.85,2025-09-14 12:13:45
8432,user21,happy,0.87,2025-09-14 12:13:50
9058,user7,happy,0.91,2025-09-14 12:13:52
8561,user24,sad,0.84,2025-09-14 12:14:00
7987,user11,happy,0.89,2025-09-14 12:14:22
7797,user30,angry,0.77,2025-09-14 12:14:24
8336,user23,happy,0.97,2025-09-14 12:15:06
7647,user22,surprised,0.92,2025-09-14 12:15:36
9700,user30,happy,0.95,2025-09-14 12:15:43
8025,user42,surprised,0.8,2025-09-14 12:16:28
8038,user30,happy,0.9,2025-09-14 12:16:29
7615,user13,happy,0.88,2025-09-14 12:17:42
8004,user6,angry,0.85,2025-09-14 12:17:45
9356,user3,sad,0.71,2025-09-14 12:18:11
8781,user35,happy,0.93,2025-09-14 12:18:19
7756,user1,sad,0.73,2025-09-14 12:18:35
9660,user4,happy,0.96,2025-09-14 12:20:08
9217,user6,happy,0.89,2025-09-14 12:20:17
8417,user3,angry,0.75,2025-09-14 12:21:35
9773,user39,sad,0.82,2025-09-14 12:22:20
8059,user39,happy,0.94,2025-09-14 12:22:52
9508,user1,happy,0.89,2025-09-14 12:23:02
8549,user3,surprised,0.89,2025-09-14 12:23:12
7521,user12,fear,0.6,2025-09-14 12:23:47
8242,user26,happy,0.96,2025-09-14 12:26:12
8046,user32,happy,0.92,2025-09-14 12:26:38
9130,user44,angry,0.86,2025-09-14 12:26:42
7954,user18,happy,0.89,2025-09-14 12:28:10
8281,user28,happy,0.91,2025-09-14 12:28:15
9078,user50,angry,0.75,2025-09-14 12:28:26
8449,user42,angry,0.88,2025-09-14 12:32:00
9521,user40,happy,0.97,2025-09-14 12:32:26
9305,user38,happy,0.88,2025-09-14 12:32:57
8843,user17,sad,0.79,2025-09-14 12:34:09
8442,user42,happy,0.95,2025-09-14 12:35:43
7871,user41,sad,0.87,2025-09-14 12:36:15
7769,user41,angry,0.75,2025-09-14 12:38:45
9273,user12,angry,0.88,2025-09-14 12:39:34
9726,user14,angry,0.77,2025-09-14 12:39:37
7554,user19,happy,0.85,2025-09-14 12:39:38
9502,user16,angry,0.83,2025-09-14 12:39:44
9345,user17,angry,0.77,2025-09-14 12:40:51
8884,user18,angry,0.78,2025-09-14 12:40:57
8409,user16,angry,0.84,2025-09-14 12:41:23
8437,user42,sad,0.76,2025-09-14 12:43:28
9211,user44,sad,0.78,2025-09-14 12:44:16
8637,user20,sad,0.78,2025-09-14 12:44:32
8445,user32,happy,0.95,2025-09-14 12:44:42
8329,user9,happy,0.91,2025-09-14 12:45:33
9503,user20,sad,0.86,2025-09-14 12:45:45
9421,user38,sad,0.78,2025-09-14 12:48:16
9860,user27,surprised,0.83,2025-09-14 12:51:20
7904,user40,happy,0.9,2025-09-14 12:51:21
9510,user26,happy,0.97,2025-09-14 12:51:32
8014,user6,happy,0.98,2025-09-14 12:51:43
9330,user23,happy,0.96,2025-09-14 12:52:49
9270,user48,angry,0.85,2025-09-14 12:52:55
9055,user42,happy,0.93,2025-09-14 12:53:22
7909,user15,surprised,0.82,2025-09-14 12:53:42
8383,user41,happy,0.88,2025-09-14 12:53:57
7672,user31,angry,0.81,2025-09-14 12:54:46
8891,user21,surprised,0.87,2025-09-14 12:54:58
8334,user36,angry,0.79,2025-09-14 12:54:59
8911,user49,fear,0.79,2025-09-14 12:55:10
8559,user50,angry,0.83,2025-09-14 12:56:01
9398,user40,angry,0.77,2025-09-14 12:56:37
8800,user7,angry,0.88,2025-09-14 12:56:42
8272,user38,angry,0.77,2025-09-14 12:57:10
8977,user50,happy,0.95,2025-09-14 12:58:10
9722,user35,happy,0.96,2025-09-14 12:58:11
8872,user10,fear,0.73,2025-09-14 12:58:13
7678,user4,angry,0.87,2025-09-14 12:59:20
8954,user32,angry,0.81,2025-09-14 13:00:38
7949,user35,angry,0.9,2025-09-14 13:01:05
8008,user22,happy,0.87,2025-09-14 13:03:29
9530,user27,sad,0.87,2025-09-14 13:04:00
8367,user25,surprised,0.86,2025-09-14 13:04:42
8296,user39,happy,0.85,2025-09-14 13:06:45
7515,user23,happy,0.92,2025-09-14 13:07:16
8673,user16,angry,0.89,2025-09-14 13:07:48
8863,user43,angry,0.82,2025-09-14 13:07:53
9340,user3,fear,0.66,2025-09-14 13:08:14
7908,user29,fear,0.6,2025-09-14 13:10:22
9235,user17,sad,0.7,2025-09-14 13:11:27
9015,user6,happy,0.97,2025-09-14 13:11:55
9193,user7,sad,0.82,2025-09-14 13:12:22
8723,user35,happy,0.92,2025-09-14 13:12:54
9693,user7,fear,0.72,2025-09-14 13:13:21
8507,user20,fear,0.79,2025-09-14 13:15:02
8133,user45,sad,0.87,2025-09-14 13:15:19
9551,user19,angry,0.82,2025-09-14 13:15:42
8546,user29,sad,0.79,2025-09-14 13:15:49
9880,user6,happy,0.85,2025-09-14 13:16:21
9568,user11,sad,0.87,2025-09-14 13:16:23
9365,user11,happy,0.86,2025-09-14 13:16:33
9598,user30,angry,0.83,2025-09-14 13:16:56
8414,user32,happy,0.94,2025-09-14 13:17:40
9373,user40,angry,0.88,2025-09-14 13:18:09
7571,user19,angry,0.78,2025-09-14 13:18:21
8488,user46,happy,0.97,2025-09-14 13:18:24
8544,user10,fear,0.66,2025-09-14 13:18:28
7536,user45,happy,0.96,2025-09-14 13:21:07
8427,user17,fear,0.62,2025-09-14 13:21:36
7593,user20,happy,0.88,2025-09-14 13:22:02
8184,user16,angry,0.84,2025-09-14 13:22:04
9275,user4,fear,0.78,2025-09-14 13:22:31
9931,user31,happy,0.96,2025-09-14 13:22:46
7680,user22,sad,0.72,2025-09-14 13:23:00
9319,user40,happy,0.87,2025-09-14 13:23:34
7816,user17,angry,0.77,2025-09-14 13:23:50
9404,user30,happy,0.96,2025-09-14 13:25:22
7626,user42,happy,0.97,2025-09-14 13:25:45
9835,user37,fear,0.62,2025-09-14 13:25:48
9830,user35,fear,0.62,2025-09-14 13:26:20
9488,user46,happy,0.94,2025-09-14 13:26:45
8293,user50,fear,0.65,2025-09-14 13:26:53
8279,user35,happy,0.91,2025-09-14 13:27:02
8900,user20,happy,0.96,2025-09-14 13:27:57
9940,user33,surprised,0.9,2025-09-14 13:28:10
7855,user42,happy,0.88,2025-09-14 13:28:29
8827,user13,happy,0.89,2025-09-14 13:28:59
9379,user23,happy,0.87,2025-09-14 13:29:05
7781,user7,sad,0.86,2025-09-14 13:31:05
7771,user38,happy,0.88,2025-09-14 13:31:21
9891,user31,happy,0.89,2025-09-14 13:33:40
9544,user48,angry,0.77,2025-09-14 13:35:49
9224,user24,angry,0.76,2025-09-14 13:36:00
8810,user48,surprised,0.83,2025-09-14 13:36:33
8767,user34,fear,0.61,2025-09-14 13:36:39
8695,user19,happy,0.91,2025-09-14 13:40:22
9102,user20,happy,0.93,2025-09-14 13:40:26
9127,user48,happy,0.88,2025-09-14 13:40:38
8357,user45,happy,0.96,2025-09-14 13:41:14
9205,user39,angry,0.78,2025-09-14 13:42:21
9637,user1,happy,0.86,2025-09-14 13:42:49
7772,user45,angry,0.89,2025-09-14 13:42:56
8006,user6,angry,0.85,2025-09-14 13:44:18
8385,user48,angry,0.76,2025-09-14 13:45:05
9118,user19,happy,0.94,2025-09-14 13:46:06
8975,user6,surprised,0.94,2025-09-14 13:46:18
9077,user33,surprised,0.92,2025-09-14 13:46:18
8715,user18,angry,0.87,2025-09-14 13:46:26
9461,user16,sad,0.85,2025-09-14 13:47:35
9332,user36,angry,0.87,2025-09-14 13:48:33
8499,user30,surprised,0.93,2025-09-14 13:49:02
8738,user18,sad,0.84,2025-09-14 13:51:07
7792,user26,angry,0.84,2025-09-14 13:51:08
9536,user34,sad,0.82,2025-09-14 13:51:10
9827,user21,happy,0.97,2025-09-14 13:51:11
8269,user20,happy,0.86,2025-09-14 13:51:34
8630,user48,fear,0.61,2025-09-14 13:51:40
9616,user27,angry,0.75,2025-09-14 13:51:45
9686,user48,happy,0.93,2025-09-14 13:52:44
8130,user45,surprised,0.81,2025-09-14 13:53:12
8484,user12,fear,0.64,2025-09-14 13:55:24
9409,user3,happy,0.97,2025-09-14 13:55:45
8691,user45,happy,0.94,2025-09-14 13:56:05
7712,user38,angry,0.84,2025-09-14 13:57:58
8589,user5,angry,0.78,2025-09-14 13:58:11
9401,user2,happy,0.95,2025-09-14 13:59:16
7794,user36,angry,0.85,2025-09-14 13:59:46
8034,user27,happy,0.89,2025-09-14 14:01:26
7969,user33,angry,0.84,2025-09-14 14:01:47
8833,user34,happy,0.89,2025-09-14 14:02:03
9100,user31,sad,0.72,2025-09-14 14:02:14
9941,user45,surprised,0.95,2025-09-14 14:02:18
9643,user8,happy,0.95,2025-09-14 14:02:51
8276,user37,happy,0.98,2025-09-14 14:03:16
9241,user5,sad,0.82,2025-09-14 14:03:25
7674,user11,happy,0.97,2025-09-14 14:03:53
9792,user20,angry,0.8,2025-09-14 14:04:01
8020,user16,happy,0.94,2025-09-14 14:05:07
9867,user22,surprised,0.91,2025-09-14 14:05:50
8813,user44,happy,0.91,2025-09-14 14:05:53
7699,user28,angry,0.76,2025-09-14 14:06:21
8729,user13,angry,0.84,2025-09-14 14:06:31
7930,user32,happy,0.88,2025-09-14 14:07:21
7590,user32,angry,0.86,2025-09-14 14:07:49
8788,user23,happy,0.98,2025-09-14 14:08:34
8280,user13,sad,0.73,2025-09-14 14:08:35
9491,user2,happy,0.9,2025-09-14 14:08:50
8834,user31,happy,0.89,2025-09-14 14:08:53
8368,user29,happy,0.93,2025-09-14 14:09:46
9037,user6,angry,0.77,2025-09-14 14:10:29
8942,user37,angry,0.88,2025-09-14 14:11:03
8547,user15,happy,0.93,2025-09-14 14:12:03
8739,user3,happy,0.85,2025-09-14 14:12:27
7978,user39,sad,0.72,2025-09-14 14:12:35
8537,user26,angry,0.86,2025-09-14 14:13:14
8123,user11,fear,0.64,2025-09-14 14:14:34
9711,user4,sad,0.84,2025-09-14 14:14:49
9546,user44,angry,0.8,2025-09-14 14:14:59
9126,user35,angry,0.85,2025-09-14 14:15:31
7952,user44,angry,0.82,2025-09-14 14:16:11
8052,user35,happy,0.91,2025-09-14 14:16:16
8088,user48,happy,0.9,2025-09-14 14:16:23
7740,user34,angry,0.82,2025-09-14 14:16:56
9101,user32,happy,0.86,2025-09-14 14:17:00
8200,user43,happy,0.96,2025-09-14 14:17:02
8019,user15,angry,0.84,2025-09-14 14:17:36
9845,user43,sad,0.82,2025-09-14 14:17:42
8541,user20,fear,0.75,2025-09-14 14:18:28
9318,user35,happy,0.91,2025-09-14 14:18:38
9269,user19,surprised,0.88,2025-09-14 14:19:07
7611,user11,angry,0.83,2025-09-14 14:19:08
9804,user27,surprised,0.86,2025-09-14 14:19:52
8209,user46,angry,0.8,2025-09-14 14:22:36
9123,user26,angry,0.77,2025-09-14 14:22:44
9366,user6,sad,0.84,2025-09-14 14:22:59
9303,user22,angry,0.76,2025-09-14 14:23:39
9852,user39,fear,0.61,2025-09-14 14:23:57
8326,user20,angry,0.88,2025-09-14 14:24:42
9910,user6,angry,0.77,2025-09-14 14:24:47
7690,user39,happy,0.91,2025-09-14 14:25:18
8523,user38,fear,0.74,2025-09-14 14:26:02
8428,user32,angry,0.87,2025-09-14 14:26:24
7786,user48,angry,0.79,2025-09-14 14:26:58
7641,user28,angry,0.81,2025-09-14 14:27:08
8917,user42,happy,0.85,2025-09-14 14:27:09
9863,user4,happy,0.89,2025-09-14 14:27:17
7634,user30,angry,0.81,2025-09-14 14:28:10
9618,user36,surprised,0.93,2025-09-14 14:28:22
9240,user13,surprised,0.85,2025-09-14 14:28:43
9116,user22,happy,0.97,2025-09-14 14:28:51
9286,user28,happy,0.86,2025-09-14 14:28:58
9253,user23,surprised,0.86,2025-09-14 14:29:09
8373,user42,angry,0.78,2025-09-14 14:29:43
8302,user49,happy,0.86,2025-09-14 14:29:50
8466,user33,fear,0.64,2025-09-14 14:30:32
7724,user12,happy,0.92,2025-09-14 14:31:34
9873,user9,angry,0.85,2025-09-14 14:31:41
8597,user11,happy,0.95,2025-09-14 14:31:44
8883,user25,angry,0.77,2025-09-14 14:32:26
9657,user6,surprised,0.9,2025-09-14 14:33:05
8240,user6,happy,0.94,2025-09-14 14:33:15
9293,user1,angry,0.76,2025-09-14 14:33:21
8869,user28,happy,0.93,2025-09-14 14:33:51
9191,user36,happy,0.93,2025-09-14 14:34:11
9632,user8,sad,0.78,2025-09-14 14:35:40
8763,user17,angry,0.86,2025-09-14 14:36:13
7572,user34,sad,0.79,2025-09-14 14:37:30
7623,user49,fear,0.77,2025-09-14 14:38:36
7620,user18,sad,0.81,2025-09-14 14:38:54
8372,user46,happy,0.94,2025-09-14 14:38:58
8991,user20,angry,0.86,2025-09-14 14:39:02
8469,user50,angry,0.88,2025-09-14 14:39:31
8476,user14,angry,0.81,2025-09-14 14:40:18
9909,user10,angry,0.77,2025-09-14 14:40:54
9147,user47,angry,0.78,2025-09-14 14:41:20
8974,user21,happy,0.91,2025-09-14 14:41:59
8137,user47,angry,0.76,2025-09-14 14:42:11
9847,user9,angry,0.81,2025-09-14 14:42:19
8733,user33,angry,0.9,2025-09-14 14:43:25
9119,user25,surprised,0.89,2025-09-14 14:44:12
8532,user15,sad,0.81,2025-09-14 14:44:38
8909,user47,sad,0.74,2025-09-14 14:45:00
9933,user31,fear,0.62,2025-09-14 14:46:12
8694,user9,angry,0.84,2025-09-14 14:46:35
8237,user6,fear,0.66,2025-09-14 14:47:02
8340,user36,fear,0.78,2025-09-14 14:48:21
7880,user37,surprised,0.86,2025-09-14 14:49:12
8540,user2,fear,0.67,2025-09-14 14:49:22
8657,user1,happy,0.94,2025-09-14 14:49:55
7858,user6,surprised,0.82,2025-09-14 14:50:23
8986,user24,happy,0.93,2025-09-14 14:50:50
8748,user1,happy,0.95,2025-09-14 14:51:07
8151,user13,fear,0.7,2025-09-14 14:51:53
9001,user37,angry,0.8,2025-09-14 14:52:05
8683,user35,angry,0.82,2025-09-14 14:54:09
9309,user39,surprised,0.82,2025-09-14 14:54:16
9346,user3,happy,0.88,2025-09-14 14:54:25
9423,user38,happy,0.92,2025-09-14 14:55:02
8929,user5,surprised,0.85,2025-09-14 14:55:11
7936,user33,angry,0.84,2025-09-14 14:56:11
8653,user15,happy,0.96,2025-09-14 14:56:28
9289,user22,sad,0.75,2025-09-14 14:56:54
7839,user21,happy,0.97,2025-09-14 14:56:59
8480,user6,angry,0.76,2025-09-14 14:59:09
9199,user18,happy,0.97,2025-09-14 14:59:37
8823,user19,angry,0.78,2025-09-14 15:00:46
8282,user12,happy,0.95,2025-09-14 15:01:28
8735,user15,surprised,0.87,2025-09-14 15:01:39
8305,user43,angry,0.82,2025-09-14 15:02:29
9068,user30,happy,0.91,2025-09-14 15:02:31
8380,user12,sad,0.88,2025-09-14 15:02:40
9824,user11,angry,0.84,2025-09-14 15:04:05
7784,user18,surprised,0.84,2025-09-14 15:04:45
7790,user8,happy,0.95,2025-09-14 15:04:47
9697,user43,angry,0.88,2025-09-14 15:05:50
9349,user47,happy,0.92,2025-09-14 15:07:13
8742,user36,angry,0.86,2025-09-14 15:07:58
8205,user32,happy,0.93,2025-09-14 15:08:51
8051,user24,angry,0.85,2025-09-14 15:10:07
8186,user39,sad,0.72,2025-09-14 15:11:02
8216,user29,fear,0.76,2025-09-14 15:11:43
8522,user42,happy,0.9,2025-09-14 15:11:46
9595,user36,angry,0.84,2025-09-14 15:12:07
9918,user46,angry,0.81,2025-09-14 15:12:09
9897,user22,sad,0.76,2025-09-14 15:12:16
7942,user13,angry,0.85,2025-09-14 15:12:54
8115,user39,happy,0.97,2025-09-14 15:13:19
9006,user24,surprised,0.81,2025-09-14 15:13:22
7938,user6,angry,0.86,2025-09-14 15:13:30
9735,user24,happy,0.96,2025-09-14 15:15:23
8246,user6,angry,0.77,2025-09-14 15:16:00
8947,user14,happy,0.93,2025-09-14 15:17:16
9748,user31,angry,0.84,2025-09-14 15:17:19
9039,user4,happy,0.97,2025-09-14 15:17:35
9955,user29,surprised,0.85,2025-09-14 15:18:12
9512,user49,fear,0.61,2025-09-14 15:20:35
9075,user43,angry,0.76,2025-09-14 15:20:52
9435,user24,happy,0.88,2025-09-14 15:21:56
7739,user18,happy,0.98,2025-09-14 15:22:16
9136,user42,happy,0.87,2025-09-14 15:23:09
9499,user32,happy,0.89,2025-09-14 15:23:42
8344,user44,happy,0.95,2025-09-14 15:24:48
8164,user46,angry,0.79,2025-09-14 15:25:06
9831,user12,happy,0.93,2025-09-14 15:26:07
9718,user32,fear,0.67,2025-09-14 15:28:26
8467,user50,happy,0.93,2025-09-14 15:29:10
8702,user1,happy,0.91,2025-09-14 15:29:38
8000,user5,happy,0.98,2025-09-14 15:31:23
9433,user12,surprised,0.91,2025-09-14 15:32:04
9494,user26,fear,0.75,2025-09-14 15:33:27
9723,user41,fear,0.72,2025-09-14 15:34:35
7768,user10,happy,0.91,2025-09-14 15:34:41
8805,user2,surprised,0.87,2025-09-14 15:34:42
7829,user7,happy,0.9,2025-09-14 15:35:03
7516,user38,fear,0.72,2025-09-14 15:35:19
9315,user29,fear,0.8,2025-09-14 15:35:49
7635,user42,happy,0.88,2025-09-14 15:35:49
7558,user13,fear,0.64,2025-09-14 15:35:52
7730,user17,fear,0.73,2025-09-14 15:36:35
7864,user49,happy,0.86,2025-09-14 15:37:07
9021,user41,surprised,0.88,2025-09-14 15:37:16
7723,user28,happy,0.98,2025-09-14 15:38:06
7671,user36,angry,0.82,2025-09-14 15:38:39
7991,user42,happy,0.9,2025-09-14 15:38:49
9559,user22,happy,0.95,2025-09-14 15:39:45
9146,user4,angry,0.81,2025-09-14 15:41:24
7568,user3,happy,0.93,2025-09-14 15:41:32
9813,user27,sad,0.77,2025-09-14 15:42:16
9893,user44,angry,0.83,2025-09-14 15:42:20
7549,user19,fear,0.61,2025-09-14 15:42:29
7953,user15,happy,0.93,2025-09-14 15:42:55
9313,user2,angry,0.87,2025-09-14 15:43:12
8438,user36,happy,0.95,2025-09-14 15:43:14
9710,user40,happy,0.96,2025-09-14 15:44:37
7901,user4,angry,0.76,2025-09-14 15:44:42
9294,user30,fear,0.68,2025-09-14 15:45:00
8366,user30,happy,0.88,2025-09-14 15:45:19
9589,user13,angry,0.76,2025-09-14 15:46:06
9730,user35,happy,0.94,2025-09-14 15:46:14
8303,user20,happy,0.87,2025-09-14 15:46:21
8898,user37,angry,0.88,2025-09-14 15:46:35
9129,user5,sad,0.73,2025-09-14 15:47:48
9922,user5,fear,0.74,2025-09-14 15:47:49
9226,user9,sad,0.87,2025-09-14 15:48:31
8518,user11,fear,0.67,2025-09-14 15:49:05
9246,user37,happy,0.92,2025-09-14 15:49:05
7878,user17,sad,0.74,2025-09-14 15:49:23
7807,user24,happy,0.88,2025-09-14 15:51:01
8728,user41,happy,0.89,2025-09-14 15:51:57
8308,user10,sad,0.88,2025-09-14 15:52:23
8481,user15,angry,0.75,2025-09-14 15:52:27
8255,user25,happy,0.93,2025-09-14 15:53:53
9820,user6,surprised,0.86,2025-09-14 15:54:40
7989,user41,angry,0.83,2025-09-14 15:54:44
8415,user43,sad,0.74,2025-09-14 15:55:28
8711,user15,happy,0.89,2025-09-14 15:55:49
7762,user39,happy,0.9,2025-09-14 15:55:56
9705,user13,fear,0.76,2025-09-14 15:57:31
9569,user10,angry,0.76,2025-09-14 15:59:50
8615,user30,angry,0.87,2025-09-14 15:59:55
8483,user28,fear,0.8,2025-09-14 16:00:29
9890,user19,angry,0.77,2025-09-14 16:00:39
9212,user23,happy,0.89,2025-09-14 16:00:45
9487,user12,happy,0.96,2025-09-14 16:01:30
9325,user9,happy,0.97,2025-09-14 16:02:18
9646,user28,angry,0.87,2025-09-14 16:02:32
9394,user42,happy,0.88,2025-09-14 16:03:04
8459,user39,happy,0.87,2025-09-14 16:03:12
8839,user24,happy,0.93,2025-09-14 16:04:06
9687,user13,angry,0.79,2025-09-14 16:05:18
7750,user11,happy,0.92,2025-09-14 16:05:34
8760,user36,angry,0.78,2025-09-14 16:05:43
8315,user46,happy,0.96,2025-09-14 16:06:38
7702,user39,angry,0.79,2025-09-14 16:07:24
7815,user3,fear,0.7,2025-09-14 16:07:54
8722,user23,happy,0.86,2025-09-14 16:08:19
9203,user9,happy,0.95,2025-09-14 16:10:33
9178,user9,sad,0.74,2025-09-14 16:10:36
9950,user13,happy,0.94,2025-09-14 16:11:16
8656,user1,happy,0.93,2025-09-14 16:11:38
8617,user1,happy,0.87,2025-09-14 16:11:48
8592,user31,surprised,0.8,2025-09-14 16:12:36
8689,user47,surprised,0.81,2025-09-14 16:13:43
8585,user43,angry,0.88,2025-09-14 16:13:58
9836,user3,sad,0.78,2025-09-14 16:14:39
9738,user24,angry,0.77,2025-09-14 16:14:40
8569,user44,happy,0.87,2025-09-14 16:14:48
9125,user42,angry,0.8,2025-09-14 16:15:10
9787,user46,surprised,0.82,2025-09-14 16:15:55
7589,user5,surprised,0.88,2025-09-14 16:16:25
8676,user35,angry,0.81,2025-09-14 16:17:01
9936,user43,sad,0.86,2025-09-14 16:17:22
7805,user28,happy,0.91,2025-09-14 16:17:43
7920,user37,happy,0.95,2025-09-14 16:19:24
9765,user33,sad,0.8,2025-09-14 16:19:52
9823,user28,happy,0.89,2025-09-14 16:19:57
8231,user30,sad,0.8,2025-09-14 16:20:03
9842,user10,angry,0.79,2025-09-14 16:20:51
7763,user44,surprised,0.9,2025-09-14 16:21:34
7606,user20,happy,0.9,2025-09-14 16:21:58
8364,user30,sad,0.71,2025-09-14 16:22:17
9300,user7,happy,0.88,2025-09-14 16:22:20
7604,user20,happy,0.89,2025-09-14 16:22:23
9905,user40,sad,0.75,2025-09-14 16:23:01
8584,user4,surprised,0.87,2025-09-14 16:23:31
9407,user37,happy,0.95,2025-09-14 16:23:44
7552,user47,sad,0.86,2025-09-14 16:23:57
7565,user43,sad,0.77,2025-09-14 16:24:25
8090,user9,sad,0.74,2025-09-14 16:26:28
7960,user9,angry,0.77,2025-09-14 16:28:11
9815,user11,fear,0.62,2025-09-14 16:29:11
9074,user45,happy,0.87,2025-09-14 16:29:15
9189,user8,sad,0.79,2025-09-14 16:29:54
7817,user34,angry,0.82,2025-09-14 16:31:06
9531,user26,sad,0.84,2025-09-14 16:32:18
9103,user24,angry,0.81,2025-09-14 16:32:25
8684,user47,fear,0.76,2025-09-14 16:33:02
9911,user8,angry,0.8,2025-09-14 16:33:21
9475,user4,surprised,0.91,2025-09-14 16:33:36
8697,user8,fear,0.65,2025-09-14 16:34:30
8644,user18,fear,0.69,2025-09-14 16:35:01
8741,user25,happy,0.93,2025-09-14 16:35:05
9232,user46,happy,0.96,2025-09-14 16:35:52
7751,user14,angry,0.87,2025-09-14 16:36:23
9230,user1,angry,0.86,2025-09-14 16:37:37
7605,user15,happy,0.88,2025-09-14 16:39:51
9610,user15,happy,0.93,2025-09-14 16:39:58
9210,user26,fear,0.7,2025-09-14 16:40:49
9733,user44,sad,0.79,2025-09-14 16:41:04
9915,user39,sad,0.79,2025-09-14 16:41:27
9166,user9,sad,0.73,2025-09-14 16:44:19
9498,user18,fear,0.72,2025-09-14 16:45:18
9800,user12,fear,0.65,2025-09-14 16:46:53
8752,user17,happy,0.89,2025-09-14 16:48:03
7527,user27,angry,0.8,2025-09-14 16:49:54
8771,user44,surprised,0.87,2025-09-14 16:50:25
8003,user21,sad,0.75,2025-09-14 16:50:32
8294,user1,angry,0.89,2025-09-14 16:50:32
7607,user16,happy,0.86,2025-09-14 16:51:38
8636,user14,angry,0.85,2025-09-14 16:52:23
9920,user14,happy,0.87,2025-09-14 16:52:33
9047,user33,angry,0.86,2025-09-14 16:55:17
9666,user27,happy,0.96,2025-09-14 16:55:51
8182,user18,fear,0.71,2025-09-14 16:55:55
9593,user40,fear,0.77,2025-09-14 16:56:03
8215,user14,angry,0.77,2025-09-14 16:57:30
9109,user40,angry,0.79,2025-09-14 16:57:49
9794,user20,angry,0.75,2025-09-14 16:58:28
8783,user37,happy,0.85,2025-09-14 16:59:11
9204,user42,fear,0.74,2025-09-14 17:00:23
9486,user3,angry,0.88,2025-09-14 17:00:45
8786,user28,fear,0.64,2025-09-14 17:00:56
9466,user11,sad,0.77,2025-09-14 17:02:05
8067,user11,fear,0.79,2025-09-14 17:02:58
8809,user43,surprised,0.85,2025-09-14 17:03:37
8867,user50,happy,0.86,2025-09-14 17:03:51
9538,user34,angry,0.77,2025-09-14 17:03:54
8234,user3,angry,0.8,2025-09-14 17:04:22
8147,user47,happy,0.94,2025-09-14 17:04:51
7714,user34,happy,0.89,2025-09-14 17:04:59
7570,user35,happy,0.87,2025-09-14 17:05:10
8265,user17,happy,0.91,2025-09-14 17:05:12
7526,user29,fear,0.74,2025-09-14 17:05:23
8485,user34,happy,0.87,2025-09-14 17:05:49
9840,user16,surprised,0.83,2025-09-14 17:06:01
8461,user32,fear,0.61,2025-09-14 17:06:39
7738,user39,fear,0.74,2025-09-14 17:07:12
7664,user17,sad,0.85,2025-09-14 17:07:39
9094,user47,fear,0.7,2025-09-14 17:08:09
8679,user9,angry,0.85,2025-09-14 17:08:31
7929,user14,happy,0.89,2025-09-14 17:09:05
8023,user43,angry,0.88,2025-09-14 17:09:34
8331,user34,sad,0.75,2025-09-14 17:10:25
9228,user45,happy,0.97,2025-09-14 17:10:39
9746,user6,angry,0.75,2025-09-14 17:11:06
8621,user46,sad,0.79,2025-09-14 17:11:27
8841,user2,happy,0.89,2025-09-14 17:11:31
9529,user29,angry,0.77,2025-09-14 17:11:41
8177,user15,angry,0.85,2025-09-14 17:11:42
8497,user45,sad,0.71,2025-09-14 17:13:03
9947,user19,fear,0.69,2025-09-14 17:13:17
8201,user35,surprised,0.85,2025-09-14 17:13:22
7955,user37,happy,0.88,2025-09-14 17:13:38
8777,user50,sad,0.72,2025-09-14 17:14:12
8160,user24,angry,0.81,2025-09-14 17:14:22
9308,user8,angry,0.77,2025-09-14 17:15:20
9161,user32,happy,0.97,2025-09-14 17:15:53
8140,user45,sad,0.73,2025-09-14 17:16:51
9339,user3,happy,0.86,2025-09-14 17:18:59
7804,user10,surprised,0.91,2025-09-14 17:19:43
7934,user5,angry,0.85,2025-09-14 17:19:47
8013,user18,happy,0.88,2025-09-14 17:20:16
8631,user25,surprised,0.84,2025-09-14 17:21:09
8780,user19,angry,0.81,2025-09-14 17:22:25
8603,user32,fear,0.69,2025-09-14 17:22:50
9636,user16,fear,0.8,2025-09-14 17:23:57
9785,user19,happy,0.93,2025-09-14 17:25:04
8634,user2,surprised,0.85,2025-09-14 17:26:01
8439,user34,angry,0.75,2025-09-14 17:26:24
9441,user18,angry,0.85,2025-09-14 17:26:26
9623,user14,happy,0.96,2025-09-14 17:26:29
9778,user15,angry,0.86,2025-09-14 17:27:03
7890,user33,fear,0.67,2025-09-14 17:27:45
9084,user21,fear,0.68,2025-09-14 17:27:50
8908,user48,surprised,0.88,2025-09-14 17:28:24
9048,user14,happy,0.87,2025-09-14 17:28:24
9207,user5,fear,0.72,2025-09-14 17:30:52
9483,user31,happy,0.96,2025-09-14 17:33:03
7823,user34,happy,0.86,2025-09-14 17:33:11
8040,user33,fear,0.71,2025-09-14 17:34:06
9668,user15,surprised,0.8,2025-09-14 17:34:21
8904,user1,angry,0.81,2025-09-14 17:35:37
8526,user30,happy,0.9,2025-09-14 17:37:27
8386,user26,sad,0.82,2025-09-14 17:39:10
7988,user19,angry,0.79,2025-09-14 17:39:15
8274,user27,happy,0.93,2025-09-14 17:39:31
7544,user35,happy,0.91,2025-09-14 17:42:05
7917,user47,surprised,0.81,2025-09-14 17:42:17
9320,user14,fear,0.79,2025-09-14 17:43:26
9307,user2,happy,0.95,2025-09-14 17:44:30
7694,user22,angry,0.82,2025-09-14 17:45:22
8720,user33,angry,0.9,2025-09-14 17:45:33
8312,user19,happy,0.92,2025-09-14 17:46:23
9072,user17,fear,0.73,2025-09-14 17:46:39
9912,user41,fear,0.76,2025-09-14 17:47:08
8754,user7,angry,0.89,2025-09-14 17:49:27
9159,user3,happy,0.92,2025-09-14 17:49:36
9699,user2,angry,0.85,2025-09-14 17:50:08
7648,user42,sad,0.85,2025-09-14 17:50:18
9534,user40,fear,0.68,2025-09-14 17:50:29
7737,user38,happy,0.97,2025-09-14 17:50:34
7584,user40,happy,0.86,2025-09-14 17:51:27
8970,user42,angry,0.89,2025-09-14 17:51:34
8245,user4,angry,0.83,2025-09-14 17:51:51
7891,user14,surprised,0.89,2025-09-14 17:53:30
9496,user21,happy,0.95,2025-09-14 17:53:30
8267,user6,happy,0.97,2025-09-14 17:53:45
8968,user13,happy,0.86,2025-09-14 17:53:53
8463,user49,happy,0.91,2025-09-14 17:54:09
9713,user16,happy,0.93,2025-09-14 17:54:13
7727,user22,happy,0.9,2025-09-14 17:54:44
9424,user20,happy,0.88,2025-09-14 17:54:58
7959,user31,angry,0.83,2025-09-14 17:55:58
9540,user26,angry,0.87,2025-09-14 17:56:45
9648,user19,sad,0.7,2025-09-14 17:56:49
8162,user27,surprised,0.85,2025-09-14 17:57:41
7780,user40,happy,0.96,2025-09-14 17:58:24
9196,user10,angry,0.84,2025-09-14 17:58:37
8337,user22,angry,0.8,2025-09-14 18:00:20
9033,user32,happy,0.92,2025-09-14 18:01:31
9239,user25,fear,0.79,2025-09-14 18:01:50
9281,user36,angry,0.88,2025-09-14 18:02:20
8433,user50,angry,0.89,2025-09-14 18:02:23
9883,user11,sad,0.71,2025-09-14 18:04:00
8391,user48,happy,0.95,2025-09-14 18:04:56
8105,user46,happy,0.92,2025-09-14 18:05:10
9333,user3,happy,0.92,2025-09-14 18:05:23
8838,user28,angry,0.86,2025-09-14 18:05:32
8622,user13,angry,0.77,2025-09-14 18:06:26
9605,user49,happy,0.87,2025-09-14 18:07:24
8543,user35,happy,0.92,2025-09-14 18:08:43
8076,user10,happy,0.9,2025-09-14 18:09:09
9209,user42,happy,0.97,2025-09-14 18:10:10
9604,user25,angry,0.77,2025-09-14 18:10:11
9144,user20,sad,0.85,2025-09-14 18:10:20
8565,user44,happy,0.95,2025-09-14 18:10:28
8787,user50,angry,0.76,2025-09-14 18:10:47
9734,user24,angry,0.83,2025-09-14 18:11:44
8955,user26,happy,0.92,2025-09-14 18:12:04
9900,user31,angry,0.84,2025-09-14 18:12:48
8969,user30,surprised,0.86,2025-09-14 18:13:16
8161,user21,angry,0.87,2025-09-14 18:13:46
8618,user44,angry,0.82,2025-09-14 18:14:38
9766,user35,sad,0.7,2025-09-14 18:14:46
8285,user49,happy,0.89,2025-09-14 18:14:48
8878,user8,happy,0.85,2025-09-14 18:14:52
8978,user31,happy,0.94,2025-09-14 18:15:06
7986,user5,surprised,0.9,2025-09-14 18:15:12
8007,user33,happy,0.97,2025-09-14 18:15:26
8552,user36,happy,0.9,2025-09-14 18:15:27
9720,user47,angry,0.85,2025-09-14 18:16:35
9871,user11,happy,0.91,2025-09-14 18:17:16
8902,user48,sad,0.83,2025-09-14 18:17:28
8928,user40,angry,0.76,2025-09-14 18:17:33
8339,user49,fear,0.63,2025-09-14 18:17:52
8063,user35,angry,0.88,2025-09-14 18:18:42
7752,user8,angry,0.84,2025-09-14 18:18:43
9561,user5,happy,0.96,2025-09-14 18:18:54
7632,user11,sad,0.76,2025-09-14 18:19:13
8108,user32,surprised,0.83,2025-09-14 18:19:26
8018,user29,sad,0.71,2025-09-14 18:19:29
9201,user12,angry,0.83,2025-09-14 18:19:55
8916,user49,happy,0.97,2025-09-14 18:20:42
8605,user44,angry,0.89,2025-09-14 18:21:24
8848,user29,angry,0.81,2025-09-14 18:23:22
7776,user46,happy,0.9,2025-09-14 18:23:26
9134,user33,happy,0.9,2025-09-14 18:23:26
9801,user6,angry,0.87,2025-09-14 18:24:06
7654,user47,happy,0.86,2025-09-14 18:24:07
9208,user48,angry,0.84,2025-09-14 18:24:16
7965,user25,happy,0.96,2025-09-14 18:25:03
8632,user35,happy,0.93,2025-09-14 18:25:17
8426,user13,happy,0.97,2025-09-14 18:26:29
8572,user30,fear,0.74,2025-09-14 18:26:42
8844,user12,angry,0.8,2025-09-14 18:27:29
9535,user20,happy,0.95,2025-09-14 18:28:28
9251,user18,happy,0.86,2025-09-14 18:28:33
8404,user9,happy,0.94,2025-09-14 18:29:10
7941,user2,fear,0.77,2025-09-14 18:30:27
8358,user6,surprised,0.82,2025-09-14 18:30:31
9583,user5,surprised,0.88,2025-09-14 18:31:06
9024,user44,happy,0.92,2025-09-14 18:31:14
8664,user47,happy,0.97,2025-09-14 18:31:14
9771,user39,angry,0.81,2025-09-14 18:31:19
9832,user14,fear,0.79,2025-09-14 18:32:43
7848,user13,happy,0.86,2025-09-14 18:33:02
7736,user14,surprised,0.92,2025-09-14 18:33:07
9369,user48,happy,0.91,2025-09-14 18:33:15
8001,user1,angry,0.85,2025-09-14 18:33:54
9223,user42,surprised,0.95,2025-09-14 18:34:04
8555,user18,angry,0.82,2025-09-14 18:34:29
8690,user28,surprised,0.95,2025-09-14 18:34:37
8388,user1,happy,0.91,2025-09-14 18:34:57
8910,user46,sad,0.78,2025-09-14 18:36:18
9724,user35,surprised,0.83,2025-09-14 18:36:31
9092,user42,surprised,0.84,2025-09-14 18:36:42
9359,user13,happy,0.88,2025-09-14 18:37:12
8879,user30,surprised,0.91,2025-09-14 18:37:24
8227,user44,happy,0.87,2025-09-14 18:39:06
9456,user38,surprised,0.82,2025-09-14 18:39:34
8487,user9,fear,0.65,2025-09-14 18:39:39
7681,user11,angry,0.86,2025-09-14 18:41:00
7918,user41,surprised,0.82,2025-09-14 18:41:11
8661,user16,happy,0.98,2025-09-14 18:41:19
9607,user21,angry,0.8,2025-09-14 18:42:21
7828,user7,angry,0.85,2025-09-14 18:42:30
9187,user46,surprised,0.86,2025-09-14 18:42:49
8504,user17,angry,0.77,2025-09-14 18:43:03
8389,user27,happy,0.94,2025-09-14 18:44:46
9653,user8,sad,0.77,2025-09-14 18:45:07
8113,user32,happy,0.96,2025-09-14 18:46:13
9885,user32,fear,0.66,2025-09-14 18:46:47
9157,user6,happy,0.9,2025-09-14 18:47:13
8876,user12,surprised,0.88,2025-09-14 18:48:18
8412,user36,angry,0.83,2025-09-14 18:48:22
7789,user49,sad,0.73,2025-09-14 18:48:31
8952,user6,angry,0.88,2025-09-14 18:49:47
9545,user42,angry,0.84,2025-09-14 18:50:20
9935,user50,surprised,0.94,2025-09-14 18:52:02
9775,user44,happy,0.91,2025-09-14 18:52:02
9555,user8,angry,0.76,2025-09-14 18:52:02
9814,user8,happy,0.94,2025-09-14 18:52:11
9467,user12,happy,0.94,2025-09-14 18:52:38
8436,user18,happy,0.85,2025-09-14 18:53:29
8560,user1,surprised,0.82,2025-09-14 18:54:08
7799,user10,fear,0.61,2025-09-14 18:55:14
9171,user11,angry,0.79,2025-09-14 18:55:47
7687,user50,happy,0.92,2025-09-14 18:56:48
7833,user27,happy,0.88,2025-09-14 18:57:21
9431,user17,happy,0.94,2025-09-14 18:57:53
7757,user7,happy,0.93,2025-09-14 18:58:14
9853,user30,sad,0.82,2025-09-14 18:58:17
9895,user15,angry,0.86,2025-09-14 18:58:34
8249,user15,angry,0.84,2025-09-14 18:59:36
9809,user2,angry,0.79,2025-09-14 18:59:53
9872,user48,fear,0.73,2025-09-14 19:01:17
9234,user1,fear,0.6,2025-09-14 19:01:24
9769,user23,fear,0.73,2025-09-14 19:01:52
8835,user34,happy,0.95,2025-09-14 19:02:10
7968,user4,happy,0.89,2025-09-14 19:02:46
8528,user44,angry,0.86,2025-09-14 19:02:54
7939,user46,happy,0.93,2025-09-14 19:04:00
8069,user43,fear,0.62,2025-09-14 19:04:46
9257,user22,fear,0.76,2025-09-14 19:04:47
9870,user2,angry,0.76,2025-09-14 19:05:04
8548,user14,happy,0.88,2025-09-14 19:06:59
8736,user14,happy,0.9,2025-09-14 19:07:10
8098,user39,angry,0.76,2025-09-14 19:07:55
8136,user21,angry,0.85,2025-09-14 19:08:20
8429,user8,happy,0.96,2025-09-14 19:08:45
8982,user5,fear,0.78,2025-09-14 19:09:16
9680,user45,happy,0.93,2025-09-14 19:09:25
9737,user11,fear,0.72,2025-09-14 19:11:06
9076,user26,surprised,0.86,2025-09-14 19:11:14
9000,user22,happy,0.92,2025-09-14 19:11:20
9049,user40,angry,0.8,2025-09-14 19:14:11
8815,user23,happy,0.91,2025-09-14 19:14:12
8576,user8,sad,0.86,2025-09-14 19:14:16
9450,user42,happy,0.89,2025-09-14 19:15:55
9676,user4,sad,0.87,2025-09-14 19:16:07
9098,user19,happy,0.9,2025-09-14 19:16:09
9837,user17,angry,0.78,2025-09-14 19:16:28
9283,user33,fear,0.7,2025-09-14 19:16:40
8509,user26,angry,0.77,2025-09-14 19:17:00
8753,user18,happy,0.94,2025-09-14 19:17:32
8994,user2,surprised,0.83,2025-09-14 19:17:42
8212,user3,angry,0.82,2025-09-14 19:18:41
9070,user18,angry,0.85,2025-09-14 19:19:21
8099,user49,surprised,0.81,2025-09-14 19:20:06
9631,user41,happy,0.95,2025-09-14 19:22:21
9929,user39,sad,0.78,2025-09-14 19:23:26
9624,user16,happy,0.94,2025-09-14 19:24:05
8889,user41,angry,0.86,2025-09-14 19:24:06
8571,user4,surprised,0.91,2025-09-14 19:24:32
7729,user21,angry,0.85,2025-09-14 19:25:34
9701,user30,angry,0.75,2025-09-14 19:26:23
8596,user39,fear,0.77,2025-09-14 19:27:34
7876,user49,sad,0.7,2025-09-14 19:27:46
9862,user34,fear,0.66,2025-09-14 19:27:56
8865,user19,happy,0.94,2025-09-14 19:28:30
8550,user43,happy,0.88,2025-09-14 19:29:24
7579,user25,angry,0.79,2025-09-14 19:29:35
9250,user25,happy,0.87,2025-09-14 19:30:12
8629,user34,happy,0.97,2025-09-14 19:30:40
9647,user8,angry,0.89,2025-09-14 19:31:09
7865,user3,happy,0.94,2025-09-14 19:31:29
7838,user30,fear,0.67,2025-09-14 19:33:03
9501,user43,happy,0.98,2025-09-14 19:33:04
8141,user17,surprised,0.83,2025-09-14 19:33:17
8685,user3,surprised,0.8,2025-09-14 19:33:31
8458,user14,surprised,0.85,2025-09-14 19:34:11
9899,user48,happy,0.86,2025-09-14 19:35:11
8370,user19,angry,0.77,2025-09-14 19:35:22
8470,user1,angry,0.82,2025-09-14 19:35:26
8604,user17,sad,0.84,2025-09-14 19:36:22
9464,user14,sad,0.72,2025-09-14 19:37:24
9829,user45,angry,0.78,2025-09-14 19:37:34
8619,user6,happy,0.91,2025-09-14 19:37:35
8857,user9,happy,0.92,2025-09-14 19:37:44
9745,user4,surprised,0.9,2025-09-14 19:37:46
9948,user7,happy,0.91,2025-09-14 19:38:16
9819,user7,happy,0.93,2025-09-14 19:38:22
8793,user39,happy,0.92,2025-09-14 19:41:10
8321,user13,surprised,0.86,2025-09-14 19:42:47
7963,user13,happy,0.86,2025-09-14 19:44:30
8424,user4,fear,0.68,2025-09-14 19:45:19
8039,user5,angry,0.85,2025-09-14 19:45:52
9375,user40,angry,0.79,2025-09-14 19:47:59
8236,user8,surprised,0.92,2025-09-14 19:48:25
8451,user15,surprised,0.92,2025-09-14 19:48:32
8479,user38,fear,0.78,2025-09-14 19:48:49
8948,user40,angry,0.75,2025-09-14 19:48:54
8925,user10,happy,0.96,2025-09-14 19:49:47
9027,user34,angry,0.86,2025-09-14 19:49:54
8116,user35,angry,0.88,2025-09-14 19:50:11
7703,user44,fear,0.61,2025-09-14 19:50:55
8743,user37,sad,0.75,2025-09-14 19:52:57
7914,user15,sad,0.84,2025-09-14 19:53:06
7600,user27,surprised,0.84,2025-09-14 19:53:43
9195,user38,surprised,0.87,2025-09-14 19:54:09
8125,user42,angry,0.84,2025-09-14 19:54:14
9194,user4,happy,0.96,2025-09-14 19:54:44
8972,user12,angry,0.86,2025-09-14 19:54:45
9651,user2,surprised,0.94,2025-09-14 19:54:52
7663,user26,surprised,0.86,2025-09-14 19:55:08
8939,user21,sad,0.82,2025-09-14 19:55:48
8906,user3,happy,0.96,2025-09-14 19:56:11
8563,user38,angry,0.83,2025-09-14 19:57:24
9106,user47,happy,0.92,2025-09-14 19:57:42
8290,user29,happy,0.86,2025-09-14 19:57:47
8347,user35,fear,0.74,2025-09-14 19:58:03
7984,user20,surprised,0.89,2025-09-14 20:00:01
9032,user14,happy,0.88,2025-09-14 20:00:15
9291,user30,angry,0.81,2025-09-14 20:00:51
8860,user34,angry,0.78,2025-09-14 20:02:01
8757,user28,angry,0.84,2025-09-14 20:02:28
9389,user2,fear,0.74,2025-09-14 20:02:48
7517,user36,surprised,0.95,2025-09-14 20:03:25
9633,user21,happy,0.85,2025-09-14 20:04:30
8515,user6,happy,0.91,2025-09-14 20:05:26
7688,user46,happy,0.88,2025-09-14 20:05:28
9472,user37,angry,0.88,2025-09-14 20:05:42
8574,user10,angry,0.82,2025-09-14 20:06:21
9704,user16,fear,0.69,2025-09-14 20:06:54
7660,user46,happy,0.95,2025-09-14 20:07:01
9329,user46,happy,0.87,2025-09-14 20:07:02
7951,user9,happy,0.93,2025-09-14 20:07:55
8716,user9,angry,0.77,2025-09-14 20:09:04
8397,user18,angry,0.76,2025-09-14 20:10:25
9034,user19,angry,0.84,2025-09-14 20:11:34
9066,user21,angry,0.84,2025-09-14 20:11:56
8964,user25,sad,0.79,2025-09-14 20:12:45
7532,user39,happy,0.95,2025-09-14 20:12:49
9789,user37,angry,0.87,2025-09-14 20:13:34
9706,user34,fear,0.62,2025-09-14 20:15:42
9542,user30,angry,0.79,2025-09-14 20:16:17
9615,user9,fear,0.74,2025-09-14 20:16:32
9664,user1,fear,0.7,2025-09-14 20:16:43
9896,user36,angry,0.87,2025-09-14 20:18:05
8647,user48,sad,0.77,2025-09-14 20:18:53
7742,user14,happy,0.97,2025-09-14 20:21:48
7979,user41,angry,0.76,2025-09-14 20:22:48
8696,user46,angry,0.89,2025-09-14 20:23:06
7633,user22,happy,0.97,2025-09-14 20:23:28
7542,user24,sad,0.84,2025-09-14 20:24:54
9725,user26,sad,0.75,2025-09-14 20:25:33
8888,user3,angry,0.81,2025-09-14 20:25:34
9237,user38,happy,0.97,2025-09-14 20:26:41
9902,user28,surprised,0.86,2025-09-14 20:29:03
9548,user24,sad,0.73,2025-09-14 20:29:32
8725,user15,happy,0.97,2025-09-14 20:30:32
8196,user27,angry,0.84,2025-09-14 20:32:28
9301,user26,happy,0.95,2025-09-14 20:32:53
9758,user22,angry,0.85,2025-09-14 20:33:10
9114,user25,angry,0.83,2025-09-14 20:33:14
9669,user10,angry,0.85,2025-09-14 20:34:04
9613,user36,surprised,0.88,2025-09-14 20:35:06
7732,user30,sad,0.87,2025-09-14 20:35:48
9694,user5,happy,0.9,2025-09-14 20:36:11
9028,user35,happy,0.97,2025-09-14 20:36:30
8773,user47,fear,0.67,2025-09-14 20:36:42
7617,user43,happy,0.87,2025-09-14 20:36:43
8146,user39,angry,0.89,2025-09-14 20:38:42
8223,user35,sad,0.73,2025-09-14 20:38:52
9188,user26,fear,0.74,2025-09-14 20:39:00
9469,user43,angry,0.78,2025-09-14 20:40:31
8100,user35,angry,0.75,2025-09-14 20:40:53
8049,user4,fear,0.76,2025-09-14 20:41:15
8859,user19,angry,0.78,2025-09-14 20:41:40
8155,user41,sad,0.72,2025-09-14 20:41:55
9552,user3,surprised,0.91,2025-09-14 20:42:33
7870,user38,fear,0.66,2025-09-14 20:42:49
7931,user39,happy,0.98,2025-09-14 20:43:02
9141,user16,happy,0.94,2025-09-14 20:44:32
7881,user36,surprised,0.88,2025-09-14 20:45:24
8311,user14,angry,0.79,2025-09-14 20:45:55
8206,user17,angry,0.9,2025-09-14 20:46:04
8060,user5,happy,0.94,2025-09-14 20:46:48
9393,user1,angry,0.8,2025-09-14 20:47:19
8765,user5,happy,0.9,2025-09-14 20:47:25
8306,user11,fear,0.75,2025-09-14 20:47:41
8346,user8,angry,0.82,2025-09-14 20:47:42
8044,user48,surprised,0.8,2025-09-14 20:47:47
8338,user43,happy,0.9,2025-09-14 20:47:47
8710,user19,happy,0.88,2025-09-14 20:48:26
8840,user45,sad,0.71,2025-09-14 20:48:42
8259,user11,happy,0.98,2025-09-14 20:48:53
8071,user47,angry,0.86,2025-09-14 20:49:20
7795,user13,happy,0.96,2025-09-14 20:50:43
7840,user30,surprised,0.91,2025-09-14 20:51:20
7746,user21,happy,0.96,2025-09-14 20:51:20
7800,user17,happy,0.88,2025-09-14 20:51:50
8633,user24,happy,0.96,2025-09-14 20:52:19
8961,user29,angry,0.77,2025-09-14 20:52:24
8378,user32,fear,0.65,2025-09-14 20:52:26
9865,user49,angry,0.85,2025-09-14 20:54:21
9818,user34,surprised,0.92,2025-09-14 20:55:17
7887,user18,angry,0.83,2025-09-14 20:55:56
7992,user3,happy,0.87,2025-09-14 20:56:01
8142,user35,angry,0.86,2025-09-14 20:56:44
7734,user35,happy,0.93,2025-09-14 20:56:48
8984,user35,angry,0.83,2025-09-14 20:57:02
9524,user39,happy,0.88,2025-09-14 20:57:27
7665,user27,happy,0.88,2025-09-14 20:57:29
9341,user37,sad,0.72,2025-09-14 20:57:43
8963,user45,angry,0.86,2025-09-14 20:57:54
7551,user29,fear,0.7,2025-09-14 20:58:10
7996,user37,surprised,0.87,2025-09-14 20:58:25
8709,user45,angry,0.81,2025-09-14 20:59:09
8798,user35,sad,0.77,2025-09-14 21:00:01
9579,user41,happy,0.94,2025-09-14 21:00:25
8612,user19,angry,0.85,2025-09-14 21:00:41
8930,user20,fear,0.8,2025-09-14 21:01:13
7715,user2,angry,0.89,2025-09-14 21:02:47
8625,user20,angry,0.79,2025-09-14 21:02:52
8708,user22,happy,0.9,2025-09-14 21:03:13
8582,user1,fear,0.65,2025-09-14 21:03:26
8782,user45,happy,0.92,2025-09-14 21:03:40
9790,user3,happy,0.97,2025-09-14 21:04:11
7893,user10,happy,0.87,2025-09-14 21:04:32
8222,user44,angry,0.87,2025-09-14 21:04:37
9173,user23,surprised,0.9,2025-09-14 21:04:50
9035,user28,surprised,0.94,2025-09-14 21:04:58
8517,user42,happy,0.96,2025-09-14 21:05:24
8239,user18,happy,0.9,2025-09-14 21:05:35
9691,user50,fear,0.69,2025-09-14 21:07:03
8704,user8,happy,0.86,2025-09-14 21:07:15
8897,user10,happy,0.98,2025-09-14 21:07:45
9587,user29,happy,0.87,2025-09-14 21:07:55
8261,user37,angry,0.86,2025-09-14 21:09:00
8529,user11,sad,0.83,2025-09-14 21:09:12
8817,user30,sad,0.71,2025-09-14 21:09:57
9285,user20,happy,0.86,2025-09-14 21:10:24
7578,user5,happy,0.93,2025-09-14 21:10:34
7844,user29,happy,0.97,2025-09-14 21:10:35
9678,user7,fear,0.66,2025-09-14 21:10:42
8806,user14,surprised,0.92,2025-09-14 21:11:01
8328,user12,angry,0.84,2025-09-14 21:11:11
8390,user47,angry,0.83,2025-09-14 21:11:30
8447,user46,happy,0.98,2025-09-14 21:11:38
8938,user5,angry,0.86,2025-09-14 21:11:52
7995,user3,angry,0.81,2025-09-14 21:12:01
8535,user28,fear,0.72,2025-09-14 21:12:30
9069,user43,angry,0.84,2025-09-14 21:13:19
9500,user1,happy,0.89,2025-09-14 21:13:29
8119,user5,happy,0.88,2025-09-14 21:14:12
9176,user12,happy,0.91,2025-09-14 21:15:07
7719,user20,happy,0.92,2025-09-14 21:15:08
8922,user41,angry,0.84,2025-09-14 21:15:27
8230,user21,happy,0.87,2025-09-14 21:16:22
9473,user24,angry,0.86,2025-09-14 21:16:40
9434,user5,surprised,0.89,2025-09-14 21:17:36
7971,user1,fear,0.66,2025-09-14 21:18:53
8707,user39,angry,0.77,2025-09-14 21:19:05
9468,user25,happy,0.9,2025-09-14 21:20:54
8114,user40,happy,0.85,2025-09-14 21:20:55
7896,user11,angry,0.79,2025-09-14 21:21:10
8613,user39,happy,0.96,2025-09-14 21:22:00
8958,user8,surprised,0.94,2025-09-14 21:22:16
9014,user42,happy,0.9,2025-09-14 21:22:33
8945,user5,happy,0.94,2025-09-14 21:23:26
8749,user6,angry,0.8,2025-09-14 21:24:12
9352,user23,happy,0.96,2025-09-14 21:24:21
9741,user28,happy,0.91,2025-09-14 21:24:34
8360,user14,sad,0.72,2025-09-14 21:24:34
7598,user48,angry,0.84,2025-09-14 21:25:02
9427,user32,angry,0.89,2025-09-14 21:26:19
9263,user25,sad,0.81,2025-09-14 21:27:53
7585,user16,fear,0.73,2025-09-14 21:28:18
9408,user32,fear,0.63,2025-09-14 21:28:49
8573,user9,happy,0.89,2025-09-14 21:29:45
9658,user39,happy,0.97,2025-09-14 21:30:09
8688,user40,happy,0.87,2025-09-14 21:30:17
8698,user38,angry,0.77,2025-09-14 21:30:36
9302,user13,happy,0.9,2025-09-14 21:30:46
8131,user1,angry,0.78,2025-09-14 21:31:08
9277,user30,happy,0.89,2025-09-14 21:31:58
8672,user22,surprised,0.9,2025-09-14 21:31:59
9016,user15,surprised,0.84,2025-09-14 21:32:47
8578,user10,happy,0.96,2025-09-14 21:33:15
8377,user32,fear,0.72,2025-09-14 21:33:39
8005,user5,angry,0.79,2025-09-14 21:34:41
7803,user46,sad,0.82,2025-09-14 21:35:10
7726,user28,sad,0.74,2025-09-14 21:35:58
8892,user17,angry,0.81,2025-09-14 21:36:11
8332,user47,angry,0.78,2025-09-14 21:36:33
8413,user9,happy,0.98,2025-09-14 21:36:47
9781,user39,happy,0.96,2025-09-14 21:37:05
8301,user18,angry,0.79,2025-09-14 21:37:28
8330,user23,happy,0.94,2025-09-14 21:37:49
8278,user10,fear,0.78,2025-09-14 21:38:05
9115,user1,sad,0.77,2025-09-14 21:38:20
8640,user12,fear,0.71,2025-09-14 21:41:04
9432,user21,happy,0.9,2025-09-14 21:41:12
9214,user11,happy,0.87,2025-09-14 21:41:58
9299,user25,happy,0.93,2025-09-14 21:42:09
9878,user8,happy,0.93,2025-09-14 21:42:41
7821,user27,fear,0.61,2025-09-14 21:42:54
7874,user25,fear,0.66,2025-09-14 21:42:59
9641,user43,angry,0.82,2025-09-14 21:43:06
9557,user20,happy,0.93,2025-09-14 21:44:05
8870,user34,surprised,0.89,2025-09-14 21:44:18
9671,user35,happy,0.86,2025-09-14 21:46:03
7851,user23,angry,0.81,2025-09-14 21:46:49
9645,user37,happy,0.9,2025-09-14 21:46:50
9848,user43,happy,0.93,2025-09-14 21:46:58
9093,user23,happy,0.92,2025-09-14 21:47:49
8985,user11,fear,0.79,2025-09-14 21:48:49
7653,user8,happy,0.85,2025-09-14 21:50:10
8564,user8,fear,0.8,2025-09-14 21:51:01
7711,user44,angry,0.8,2025-09-14 21:51:47
8936,user3,happy,0.95,2025-09-14 21:51:53
9324,user2,angry,0.76,2025-09-14 21:52:28
9768,user21,happy,0.92,2025-09-14 21:52:45
9374,user48,sad,0.79,2025-09-14 21:54:39
8714,user6,angry,0.86,2025-09-14 21:54:56
9562,user20,sad,0.77,2025-09-14 21:55:11
9446,user7,angry,0.89,2025-09-14 21:55:27
8122,user24,sad,0.77,2025-09-14 21:55:56
7873,user30,angry,0.84,2025-09-14 21:55:56
9426,user29,sad,0.82,2025-09-14 21:56:44
8211,user8,happy,0.98,2025-09-14 21:57:12
7883,user12,angry,0.83,2025-09-14 21:57:23
8744,user38,surprised,0.81,2025-09-14 21:57:25
7543,user2,happy,0.92,2025-09-14 21:58:58
8907,user19,sad,0.82,2025-09-14 21:59:29
8887,user45,happy,0.9,2025-09-14 22:00:44
7894,user16,happy,0.91,2025-09-14 22:01:08
9946,user41,fear,0.78,2025-09-14 22:01:39
7857,user44,happy,0.91,2025-09-14 22:01:50
9377,user37,happy,0.93,2025-09-14 22:02:10
8180,user41,angry,0.76,2025-09-14 22:02:19
9876,user6,angry,0.78,2025-09-14 22:02:38
8886,user38,surprised,0.92,2025-09-14 22:02:46
9403,user25,happy,0.86,2025-09-14 22:03:15
7693,user45,sad,0.84,2025-09-14 22:03:56
8831,user8,fear,0.71,2025-09-14 22:04:04
8314,user35,angry,0.9,2025-09-14 22:04:12
8408,user21,surprised,0.92,2025-09-14 22:04:46
7718,user47,happy,0.94,2025-09-14 22:06:40
9576,user29,sad,0.78,2025-09-14 22:07:01
8914,user44,happy,0.94,2025-09-14 22:07:56
9612,user36,surprised,0.89,2025-09-14 22:08:15
8973,user16,happy,0.94,2025-09-14 22:10:20
8124,user18,sad,0.83,2025-09-14 22:11:21
8022,user20,angry,0.78,2025-09-14 22:11:25
9629,user1,happy,0.98,2025-09-14 22:12:01
9038,user22,sad,0.74,2025-09-14 22:12:10
9511,user1,happy,0.91,2025-09-14 22:12:52
9527,user6,angry,0.8,2025-09-14 22:12:52
8093,user43,angry,0.83,2025-09-14 22:14:05
7820,user10,angry,0.87,2025-09-14 22:14:07
8460,user44,surprised,0.88,2025-09-14 22:14:32
8362,user41,happy,0.89,2025-09-14 22:14:42
7705,user14,happy,0.97,2025-09-14 22:14:51
8796,user22,happy,0.91,2025-09-14 22:15:01
8506,user25,happy,0.87,2025-09-14 22:15:05
9525,user5,happy,0.86,2025-09-14 22:16:52
8794,user13,happy,0.97,2025-09-14 22:17:04
9805,user47,angry,0.88,2025-09-14 22:17:04
8959,user35,happy,0.9,2025-09-14 22:17:11
8821,user32,happy,0.86,2025-09-14 22:17:22
7859,user39,angry,0.85,2025-09-14 22:17:42
9328,user27,surprised,0.83,2025-09-14 22:17:48
7911,user18,surprised,0.8,2025-09-14 22:18:43
9160,user5,angry,0.75,2025-09-14 22:18:45
9347,user28,angry,0.77,2025-09-14 22:21:42
9495,user21,happy,0.97,2025-09-14 22:21:45
9620,user39,angry,0.81,2025-09-14 22:22:46
9782,user10,happy,0.93,2025-09-14 22:22:49
7646,user27,happy,0.98,2025-09-14 22:23:42
8520,user44,angry,0.87,2025-09-14 22:24:06
8511,user20,sad,0.72,2025-09-14 22:24:23
9449,user44,sad,0.77,2025-09-14 22:24:58
9921,user3,angry,0.87,2025-09-14 22:25:04
8877,user41,happy,0.97,2025-09-14 22:25:26
9573,user22,fear,0.79,2025-09-14 22:27:28
8254,user10,angry,0.75,2025-09-14 22:27:46
7849,user10,sad,0.85,2025-09-14 22:27:55
9625,user15,angry,0.83,2025-09-14 22:29:23
9507,user30,sad,0.76,2025-09-14 22:29:27
8284,user42,happy,0.96,2025-09-14 22:29:47
7639,user28,happy,0.98,2025-09-14 22:31:04
9854,user9,angry,0.85,2025-09-14 22:31:59
8318,user4,happy,0.97,2025-09-14 22:32:04
9942,user42,surprised,0.94,2025-09-14 22:32:24
9923,user38,angry,0.86,2025-09-14 22:33:54
8244,user5,angry,0.88,2025-09-14 22:35:12
9663,user48,angry,0.78,2025-09-14 22:35:13
9825,user45,fear,0.71,2025-09-14 22:35:18
8091,user6,happy,0.94,2025-09-14 22:35:47
8652,user50,surprised,0.88,2025-09-14 22:35:49
8802,user17,happy,0.88,2025-09-14 22:37:00
9868,user23,fear,0.79,2025-09-14 22:37:57
7745,user45,happy,0.88,2025-09-14 22:38:40
7735,user17,happy,0.93,2025-09-14 22:38:48
8770,user20,angry,0.76,2025-09-14 22:40:41
7852,user16,angry,0.85,2025-09-14 22:41:51
8190,user16,fear,0.73,2025-09-14 22:42:14
7698,user34,angry,0.83,2025-09-14 22:43:43
8706,user47,happy,0.92,2025-09-14 22:44:19
9181,user13,fear,0.8,2025-09-14 22:46:21
9013,user31,happy,0.87,2025-09-14 22:47:28
9839,user46,happy,0.95,2025-09-14 22:47:31
7925,user44,fear,0.72,2025-09-14 22:47:56
9478,user8,angry,0.75,2025-09-14 22:48:05
7638,user30,angry,0.82,2025-09-14 22:48:38
9061,user45,surprised,0.82,2025-09-14 22:49:14
8055,user18,angry,0.88,2025-09-14 22:50:26
8737,user10,angry,0.9,2025-09-14 22:50:33
9532,user47,angry,0.86,2025-09-14 22:50:45
9708,user20,happy,0.87,2025-09-14 22:50:51
8457,user22,angry,0.77,2025-09-14 22:51:37
8194,user50,sad,0.8,2025-09-14 22:52:47
7910,user12,sad,0.8,2025-09-14 22:55:49
8079,user44,happy,0.9,2025-09-14 22:56:13
9216,user48,fear,0.66,2025-09-14 22:56:19
7518,user46,angry,0.82,2025-09-14 22:56:44
9009,user42,angry,0.78,2025-09-14 22:56:57
8814,user9,angry,0.78,2025-09-14 22:58:06
9786,user12,happy,0.87,2025-09-14 22:58:44
9957,user3,sad,0.72,2025-09-14 22:59:01
7717,user12,angry,0.81,2025-09-14 23:00:11
9879,user38,angry,0.8,2025-09-14 23:00:12
9849,user34,angry,0.77,2025-09-14 23:00:29
7704,user22,angry,0.87,2025-09-14 23:00:29
8472,user37,happy,0.97,2025-09-14 23:00:33
7540,user18,happy,0.9,2025-09-14 23:02:12
8940,user33,sad,0.77,2025-09-14 23:02:16
9429,user40,angry,0.81,2025-09-14 23:02:30
8655,user16,angry,0.89,2025-09-14 23:02:48
9591,user45,surprised,0.91,2025-09-14 23:03:22
7722,user23,sad,0.75,2025-09-14 23:03:42
8726,user45,angry,0.82,2025-09-14 23:03:44
8233,user35,happy,0.94,2025-09-14 23:03:46
8382,user36,happy,0.96,2025-09-14 23:03:52
9937,user7,happy,0.87,2025-09-14 23:04:15
7862,user45,angry,0.82,2025-09-14 23:04:33
9331,user40,happy,0.92,2025-09-14 23:05:44
8117,user22,happy,0.96,2025-09-14 23:05:52
9292,user17,angry,0.88,2025-09-14 23:06:58
8070,user26,sad,0.76,2025-09-14 23:07:33
8425,user9,happy,0.94,2025-09-14 23:07:36
7520,user26,sad,0.82,2025-09-14 23:08:29
8662,user37,surprised,0.89,2025-09-14 23:08:46
7957,user21,happy,0.87,2025-09-14 23:09:28
7609,user40,surprised,0.88,2025-09-14 23:10:22
8126,user41,sad,0.71,2025-09-14 23:10:25
9417,user19,angry,0.89,2025-09-14 23:10:34
9602,user18,happy,0.97,2025-09-14 23:12:08
9749,user27,sad,0.85,2025-09-14 23:12:10
9784,user37,happy,0.95,2025-09-14 23:12:19
7601,user3,happy,0.97,2025-09-14 23:13:49
9184,user34,surprised,0.95,2025-09-14 23:13:52
7562,user46,angry,0.75,2025-09-14 23:13:53
9567,user14,angry,0.79,2025-09-14 23:13:54
7798,user42,angry,0.79,2025-09-14 23:13:58
9721,user34,sad,0.73,2025-09-14 23:14:06
9380,user38,happy,0.95,2025-09-14 23:14:10
9353,user3,happy,0.89,2025-09-14 23:14:50
8394,user43,happy,0.9,2025-09-14 23:15:09
8235,user4,angry,0.77,2025-09-14 23:15:11
9156,user26,angry,0.77,2025-09-14 23:16:40
8828,user17,sad,0.81,2025-09-14 23:16:45
7529,user27,surprised,0.92,2025-09-14 23:17:17
9406,user5,surprised,0.87,2025-09-14 23:17:27
8797,user24,happy,0.87,2025-09-14 23:17:33
9025,user15,happy,0.95,2025-09-14 23:17:39
8102,user2,angry,0.77,2025-09-14 23:18:16
7597,user20,happy,0.92,2025-09-14 23:18:34
9350,user44,happy,0.88,2025-09-14 23:19:26
9690,user24,sad,0.71,2025-09-14 23:20:13
9732,user9,angry,0.85,2025-09-14 23:20:23
8299,user3,surprised,0.94,2025-09-14 23:20:35
7670,user6,angry,0.83,2025-09-14 23:20:55
7926,user48,angry,0.82,2025-09-14 23:21:09
8996,user39,angry,0.79,2025-09-14 23:21:15
9581,user27,happy,0.93,2025-09-14 23:21:19
8266,user11,happy,0.92,2025-09-14 23:23:35
7603,user31,happy,0.94,2025-09-14 23:24:25
8531,user29,angry,0.82,2025-09-14 23:24:54
7707,user16,happy,0.94,2025-09-14 23:25:13
9244,user23,fear,0.74,2025-09-14 23:26:47
9316,user4,fear,0.65,2025-09-14 23:26:57
9675,user17,angry,0.86,2025-09-14 23:27:04
7912,user23,sad,0.88,2025-09-14 23:27:21
7882,user9,angry,0.76,2025-09-14 23:27:41
9164,user7,happy,0.86,2025-09-14 23:27:57
8554,user37,happy,0.94,2025-09-14 23:28:18
9396,user4,sad,0.81,2025-09-14 23:30:34
9811,user25,angry,0.89,2025-09-14 23:30:35
7661,user50,sad,0.85,2025-09-14 23:31:04
8609,user45,sad,0.71,2025-09-14 23:31:10
8503,user36,surprised,0.84,2025-09-14 23:31:13
8951,user33,angry,0.78,2025-09-14 23:32:08
9841,user7,happy,0.85,2025-09-14 23:32:15
8623,user8,angry,0.9,2025-09-14 23:32:18
7683,user32,happy,0.95,2025-09-14 23:32:25
7539,user30,fear,0.63,2025-09-14 23:32:36
9762,user32,angry,0.85,2025-09-14 23:33:05
8166,user46,angry,0.85,2025-09-14 23:33:37
8434,user49,happy,0.91,2025-09-14 23:36:08
8681,user47,happy,0.97,2025-09-14 23:38:41
7716,user29,sad,0.78,2025-09-14 23:39:03
9457,user25,sad,0.75,2025-09-14 23:39:33
7758,user5,happy,0.87,2025-09-14 23:39:39
8967,user9,happy,0.88,2025-09-14 23:39:44
8193,user13,surprised,0.91,2025-09-14 23:40:55
8751,user27,happy,0.85,2025-09-14 23:41:22
8179,user48,happy,0.97,2025-09-14 23:41:35
9282,user45,angry,0.79,2025-09-14 23:41:38
7689,user3,angry,0.82,2025-09-14 23:43:25
7643,user12,fear,0.8,2025-09-14 23:43:31
9650,user2,fear,0.7,2025-09-14 23:43:32
7993,user1,happy,0.98,2025-09-14 23:43:38
9515,user29,happy,0.9,2025-09-14 23:44:02
8083,user28,happy,0.94,2025-09-14 23:44:14
9351,user42,happy,0.87,2025-09-14 23:44:59
8620,user25,happy,0.88,2025-09-14 23:45:32
9752,user37,surprised,0.91,2025-09-14 23:46:07
7524,user8,happy,0.92,2025-09-14 23:46:14
9560,user24,surprised,0.8,2025-09-14 23:46:26
8789,user29,happy,0.86,2025-09-14 23:46:28
8465,user22,angry,0.83,2025-09-14 23:47:55
8732,user2,angry,0.8,2025-09-14 23:48:13
9742,user30,surprised,0.87,2025-09-14 23:48:20
9411,user11,happy,0.87,2025-09-14 23:48:54
7541,user38,happy,0.97,2025-09-14 23:48:56
9606,user34,fear,0.7,2025-09-14 23:49:19
8643,user44,fear,0.67,2025-09-14 23:49:46
8588,user19,happy,0.94,2025-09-14 23:49:51
8287,user40,sad,0.84,2025-09-14 23:51:06
8527,user17,sad,0.85,2025-09-14 23:51:14
7594,user30,surprised,0.81,2025-09-14 23:52:01
7631,user17,fear,0.7,2025-09-14 23:52:29
7868,user45,happy,0.98,2025-09-14 23:53:29
7530,user48,happy,0.91,2025-09-14 23:53:32
9395,user32,happy,0.92,2025-09-14 23:53:39
9639,user38,happy,0.96,2025-09-14 23:53:49
9903,user27,happy,0.98,2025-09-14 23:54:51
8474,user42,angry,0.87,2025-09-14 23:56:25
8855,user14,surprised,0.86,2025-09-14 23:57:08
9122,user30,happy,0.98,2025-09-14 23:59:06
9901,user48,happy,0.91,2025-09-14 23:59:31
